1000271-2	1.4	Asteraceae		N	Luciliocline		N	radians		spec.	(Benth.) M.O.Dillon & Sagást.	(Benth.)	M.O.Dillon & Sagást.	Luciliocline radians	Arnaldoa	10(1): 53	2003 [Jun 2003]					Asteraceae Gnaphalium radians Benth.		unknown	1815-8242	\N	139963	\N	\N	\N	\N	\N	\N
1002242-2	1.3	Loasaceae		N	Nasa		N	lenta		spec.	(J.F.Macbr.) Weigend	(J.F.Macbr.)	Weigend	Nasa lenta	Arnaldoa	5(2): 164	1998		[Gandhi 8 Sep 1999]			Loasaceae Loasa lenta J.F.Macbr.		unknown	1815-8242	\N	140020	\N	\N	\N	\N	\N	\N
1003301-1	1.3.2.1.1.1	Asteraceae		N	Critoniopsis		N	oblongifolia		spec.	Sagást. & M.O.Dillon		Sagást. & M.O.Dillon	Critoniopsis oblongifolia	Arnaldoa	5(1): 20	1998						Peru.	tax. nov.	1815-8242	\N	140007	\N	\N	\N	\N	\N	\N
1003302-1	1.4	Asteraceae		N	Verbesina		N	brevilingua		spec.	Sagást.		Sagást.	Verbesina brevilingua	Arnaldoa	5(1): 35	1998						Peru.	tax. nov.	1815-8242	\N	140011	\N	\N	\N	\N	\N	\N
1003303-1	1.2.2.1.1.2	Asteraceae		N	Verbesina		N	brunnea		spec.	Sagást. & Quip.		Sagást. & Quip.	Verbesina brunnea	Arnaldoa	5(1): 38	1998						Peru.	tax. nov.	1815-8242	\N	140011	\N	\N	\N	\N	\N	\N
1003304-1	1.2.2.1.1.2	Asteraceae		N	Verbesina		N	chachapoyensis		spec.	Sagást. & Quip.		Sagást. & Quip.	Verbesina chachapoyensis	Arnaldoa	5(1): 40	1998						Peru.	tax. nov.	1815-8242	\N	140011	\N	\N	\N	\N	\N	\N
1003305-1	1.2.2.1.1.2	Asteraceae		N	Verbesina		N	leivae		spec.	Sagást. & Quip.		Sagást. & Quip.	Verbesina leivae	Arnaldoa	5(1): 42	1998						Peru.	tax. nov.	1815-8242	\N	140011	\N	\N	\N	\N	\N	\N
1003306-1	1.2.2.1.1.2	Asteraceae		N	Verbesina		N	otuzcensis		spec.	Sagást. & Quip.		Sagást. & Quip.	Verbesina otuzcensis	Arnaldoa	5(1): 44	1998						Peru.	tax. nov.	1815-8242	\N	140011	\N	\N	\N	\N	\N	\N
1003307-1	1.2.2.1.1.2	Asteraceae		N	Verbesina		N	perlanata		spec.	Sagást. & Quip.		Sagást. & Quip.	Verbesina perlanata	Arnaldoa	5(1): 47	1998						Peru.	tax. nov.	1815-8242	\N	140011	\N	\N	\N	\N	\N	\N
1003308-1	1.1.2.1.1.3	Loasaceae		N	Mentzelia		N	heterosepala		spec.	Weigend & E.Rodr.		Weigend & E.Rodr.	Mentzelia heterosepala	Arnaldoa	5(1): 52	1998						Peru.	tax. nov.	1815-8242	\N	140024	\N	\N	\N	\N	\N	\N
1003309-1	1.2	Sapotaceae		N	Chrysophyllum		N	edule		spec.	Sagást. & M.O.Dillon		Sagást. & M.O.Dillon	Chrysophyllum edule	Arnaldoa	5(1): 68, homonym	1998						Peru.	tax. nov.	1815-8242	\N	140008	\N	\N	\N	\N	\N	\N
1003310-1	1.1.2.1.1.4	Solanaceae		N	Iochroma		N	stenanthum		spec.	S.Leiva, Quip. & N.W.Sawyer		S.Leiva, Quip. & N.W.Sawyer	Iochroma stenanthum	Arnaldoa	5(1): 78	1998						Peru.	tax. nov.	1815-8242	\N	139990	\N	\N	\N	\N	\N	\N
1003311-1	1.1.2.1.1.4	Solanaceae		N	Larnax		N	dilloniana		spec.	S.Leiva, Quip. & N.W.Sawyer		S.Leiva, Quip. & N.W.Sawyer	Larnax dilloniana	Arnaldoa	5(1): 85	1998						Peru.	tax. nov.	1815-8242	\N	139989	\N	\N	\N	\N	\N	\N
1003312-1	1.1.2.1.1.4	Solanaceae		N	Larnax		N	sagasteguii		spec.	S.Leiva, Quip. & N.W.Sawyer		S.Leiva, Quip. & N.W.Sawyer	Larnax sagasteguii	Arnaldoa	5(1): 86	1998						Peru.	tax. nov.	1815-8242	\N	139989	\N	\N	\N	\N	\N	\N
1003648-2	1.1.2.1.1.1	Loasaceae		N	Nasa		N	urens		spec.	(Jacq.) Weigend	(Jacq.)	Weigend	Nasa urens	Arnaldoa	5(2): 167	1998		[Gandhi 9 Sep 1999]			Loasaceae Loasa urens Jacq.		unknown	1815-8242	\N	140020	\N	\N	\N	\N	\N	\N
1009574-2	1.4	Loasaceae		N	Nasa		N	olmosiana		spec.	(Gilg ex J.F.Macbr.) Weigend	(Gilg ex J.F.Macbr.)	Weigend	Nasa olmosiana	Arnaldoa	5(2): 165	1998		[Gandhi 9 Sep 1999] Weigend made this comb. nov. also in Monogr. Syst. Bot. Missouri Bot. Gard. 75: 955. 1999.			Loasaceae Loasa olmosiana Gilg ex J.F.Macbr.		unknown	1815-8242	\N	140020	\N	\N	\N	\N	\N	\N
1010169-1	1.2.2.1.1.2	Asteraceae		N	Verbesina		N	ampliatifolia		spec.	Sagást. & Quip.		Sagást. & Quip.	Verbesina ampliatifolia	Arnaldoa	5(2): 141	1998						Peru.	tax. nov.	1815-8242	\N	140010	\N	\N	\N	\N	\N	\N
1010170-1	1.2.2.1.1.2	Asteraceae		N	Verbesina		N	aypatensis		spec.	Sagást. & Quip.		Sagást. & Quip.	Verbesina aypatensis	Arnaldoa	5(2): 143, 144	1998						Peru.	tax. nov.	1815-8242	\N	140010	\N	\N	\N	\N	\N	\N
1010171-1	1.2.2.1.1.2	Asteraceae		N	Verbesina		N	huancabambae		spec.	Sagást. & Quip.		Sagást. & Quip.	Verbesina huancabambae	Arnaldoa	5(2): 146	1998						Peru.	tax. nov.	1815-8242	\N	140010	\N	\N	\N	\N	\N	\N
1010172-1	1.1.2.1.1.3	Loasaceae		N	Nasa		N	glandulosissima		spec.	Weigend		Weigend	Nasa glandulosissima	Arnaldoa	5(2): 152	1998						Peru.	tax. nov.	1815-8242	\N	140027	\N	\N	\N	\N	\N	\N
1010173-1	1.1.2.1.1.4	Loasaceae		N	Nasa		N	insignis		spec.	Weigend & E.Rodr.		Weigend & E.Rodr.	Nasa insignis	Arnaldoa	5(2): 154	1998						Peru.	tax. nov.	1815-8242	\N	140027	\N	\N	\N	\N	\N	\N
1010174-1	1.1.2.1.1.3	Loasaceae		N	Nasa		N	aspiazui		spec.	(J.F.Macbr.) Weigend	(J.F.Macbr.)	Weigend	Nasa aspiazui	Arnaldoa	5(2): 162	1998			Loasaceae Loasa aspiazui J.F.Macbr.				comb. nov.	1815-8242	\N	140020	\N	\N	\N	\N	\N	\N
1010175-1	1.1.2.1.1.4	Loasaceae		N	Nasa		N	carnea		spec.	(Urb. & Gilg) Weigend	(Urb. & Gilg)	Weigend	Nasa carnea	Arnaldoa	5(2): 162	1998			Loasaceae Loasa carnea Urb. & Gilg				comb. nov.	1815-8242	\N	140020	\N	\N	\N	\N	\N	\N
1010176-1	1.1.2.1.1.4	Loasaceae		N	Nasa		N	carunculata		spec.	(Urb. & Gilg) Weigend	(Urb. & Gilg)	Weigend	Nasa carunculata	Arnaldoa	5(2): 162	1998			Loasaceae Loasa carunculata Urb. & Gilg				comb. nov.	1815-8242	\N	140020	\N	\N	\N	\N	\N	\N
1010177-1	1.1.2.1.1.3	Loasaceae		N	Nasa		N	chenopodiifolia		spec.	(Desr.) Weigend	(Desr.)	Weigend	Nasa chenopodiifolia	Arnaldoa	5(2): 163	1998			Loasaceae Loasa chenopodiifolia Lam.				comb. nov.	1815-8242	\N	140020	\N	\N	\N	\N	\N	\N
1010178-1	1.1.2.1.1.4	Loasaceae		N	Nasa		N	cymbopetala		spec.	(Urb. & Gilg) Weigend	(Urb. & Gilg)	Weigend	Nasa cymbopetala	Arnaldoa	5(2): 163	1998			Loasaceae Loasa cymbopetala Urb. & Gilg				comb. nov.	1815-8242	\N	140020	\N	\N	\N	\N	\N	\N
1010179-1	1.1.2.1.1.4	Loasaceae		N	Nasa		N	ferruginea		spec.	(Urb. & Gilg) Weigend	(Urb. & Gilg)	Weigend	Nasa ferruginea	Arnaldoa	5(2): 164	1998			Loasaceae Loasa ferruginea Urb. & Gilg				comb. nov.	1815-8242	\N	140020	\N	\N	\N	\N	\N	\N
1010180-1	1.1.2.1.1.3	Loasaceae		N	Nasa		N	hastata		spec.	(Killip) Weigend	(Killip)	Weigend	Nasa hastata	Arnaldoa	5(2): 164	1998			Loasaceae Loasa hastata Killip				comb. nov.	1815-8242	\N	140020	\N	\N	\N	\N	\N	\N
1010181-1	1.1.2.1.1.3	Loasaceae		N	Nasa		N	laxa		spec.	(J.F.Macbr.) Weigend	(J.F.Macbr.)	Weigend	Nasa laxa	Arnaldoa	5(2): 164	1998			Loasaceae Loasa laxa J.F.Macbr.				comb. nov.	1815-8242	\N	140020	\N	\N	\N	\N	\N	\N
1010182-1	1.1.2.1.1.3	Loasaceae		N	Nasa		N	lenta		spec.	(J.F.Macbr.) Weigend	(J.F.Macbr.)	Weigend	Nasa lenta	Arnaldoa	5(2): 164	1998			Loasaceae Loasa lenta J.F.Macbr.				comb. nov.	1815-8242	\N	140020	\N	\N	\N	\N	\N	\N
1010183-1	1.1.2.1.1.3	Loasaceae		N	Nasa		N	limata		spec.	(J.F.Macbr.) Weigend	(J.F.Macbr.)	Weigend	Nasa limata	Arnaldoa	5(2): 164	1998			Loasaceae Loasa limata J.F.Macbr.				comb. nov.	1815-8242	\N	140020	\N	\N	\N	\N	\N	\N
1010184-1	1.1.2.1.1.4	Loasaceae		N	Nasa		N	macrantha		spec.	(Urb. & Gilg) Weigend	(Urb. & Gilg)	Weigend	Nasa macrantha	Arnaldoa	5(2): 164	1998			Loasaceae Loasa macrantha Urb. & Gilg				comb. nov.	1815-8242	\N	140020	\N	\N	\N	\N	\N	\N
1010185-1	1.1.2.1.1.4	Loasaceae		N	Nasa		N	macrorrhiza		spec.	(Urb. & Gilg) Weigend	(Urb. & Gilg)	Weigend	Nasa macrorrhiza	Arnaldoa	5(2): 164	1998			Loasaceae Loasa macrorrhiza Urb. & Gilg				comb. nov.	1815-8242	\N	140020	\N	\N	\N	\N	\N	\N
1010186-1	1.1.2.1.1.4	Loasaceae		N	Nasa		N	macrothyrsa		spec.	(Urb. & Gilg) Weigend	(Urb. & Gilg)	Weigend	Nasa macrothyrsa	Arnaldoa	5(2): 165	1998			Loasaceae Loasa macrothyrsa Urb. & Gilg				comb. nov.	1815-8242	\N	140020	\N	\N	\N	\N	\N	\N
1010187-1	1.1.2.1.1.4	Loasaceae		N	Nasa		N	magnifica		spec.	(Urb. & Gilg) Weigend	(Urb. & Gilg)	Weigend	Nasa magnifica	Arnaldoa	5(2): 165	1998			Loasaceae Loasa magnifica Urb. & Gilg				comb. nov.	1815-8242	\N	140020	\N	\N	\N	\N	\N	\N
1010188-1	1.1.2.1.1.3	Loasaceae		N	Nasa		N	picta		spec.	(Hook.) Weigend	(Hook.)	Weigend	Nasa picta	Arnaldoa	5(2): 165, without basionym date:	1998			Loasaceae Loasa picta Hook.				comb. nov.	1815-8242	\N	140020	\N	\N	\N	\N	\N	\N
1010189-1	1.1.2.1.1.4	Loasaceae		N	Nasa		N	poissoniana		spec.	(Urb. & Gilg) Weigend	(Urb. & Gilg)	Weigend	Nasa poissoniana	Arnaldoa	5(2): 165	1998			Loasaceae Loasa poissoniana Urb. & Gilg				comb. nov.	1815-8242	\N	140020	\N	\N	\N	\N	\N	\N
1010190-1	1.1.2.1.1.4	Loasaceae		N	Nasa		N	raimondii		spec.	(Standl. & F.A.Barkley) Weigend	(Standl. & F.A.Barkley)	Weigend	Nasa raimondii	Arnaldoa	5(2): 166	1998			Loasaceae Loasa raimondii Standl. & F.A.Barkley				comb. nov.	1815-8242	\N	140020	\N	\N	\N	\N	\N	\N
1010191-1	1.1.2.1.1.3	Loasaceae		N	Nasa		N	ranunculifolia		spec.	(Kunth) Weigend	(Kunth)	Weigend	Nasa ranunculifolia	Arnaldoa	5(2): 166	1998			Loasaceae Loasa ranunculifolia Humb. & Bonpl.				comb. nov.	1815-8242	\N	140020	\N	\N	\N	\N	\N	\N
1010192-1	1.1.2.1.1.3	Loasaceae		N	Nasa		N	rugosa		spec.	(Killip) Weigend	(Killip)	Weigend	Nasa rugosa	Arnaldoa	5(2): 166	1998			Loasaceae Loasa rugosa Killip				comb. nov.	1815-8242	\N	140020	\N	\N	\N	\N	\N	\N
1010193-1	1.1.2.1.1.3	Loasaceae		N	Nasa		N	solaria		spec.	(J.F.Macbr.) Weigend	(J.F.Macbr.)	Weigend	Nasa solaria	Arnaldoa	5(2): 166	1998			Loasaceae Loasa solaria J.F.Macbr.				comb. nov.	1815-8242	\N	140020	\N	\N	\N	\N	\N	\N
1010194-1	1.1.2.1.1.3	Loasaceae		N	Nasa		N	solata		spec.	(J.F.Macbr.) Weigend	(J.F.Macbr.)	Weigend	Nasa solata	Arnaldoa	5(2): 166	1998			Loasaceae Loasa solata J.F.Macbr.				comb. nov.	1815-8242	\N	140020	\N	\N	\N	\N	\N	\N
1010195-1	1.1.2.1.1.4	Loasaceae		N	Nasa		N	stuebeliana		spec.	(Urb. & Gilg) Weigend	(Urb. & Gilg)	Weigend	Nasa stuebeliana	Arnaldoa	5(2): 166	1998			Loasaceae Loasa stuebeliana Urb. & Gilg				comb. nov.	1815-8242	\N	140020	\N	\N	\N	\N	\N	\N
1010196-1	1.1.2.1.1.3	Loasaceae		N	Nasa		N	tingomariensis		spec.	(J.F.Macbr.) Weigend	(J.F.Macbr.)	Weigend	Nasa tingomariensis	Arnaldoa	5(2): 166	1998			Loasaceae Loasa tingomariensis J.F.Macbr.				comb. nov.	1815-8242	\N	140020	\N	\N	\N	\N	\N	\N
1010197-1	1.1.2.1.1.2	Loasaceae		N	Nasa		N	urens		spec.	(Jacq.) Weigend	(Jacq.)	Weigend	Nasa urens	Arnaldoa	5(2): 167	1998			Loasaceae Loasa urens Vell.				comb. nov.	1815-8242	\N	140020	\N	\N	\N	\N	\N	\N
1010198-1	1.1.2.1.1.3	Loasaceae		N	Nasa		N	vargasii		spec.	(J.F.Macbr.) Weigend	(J.F.Macbr.)	Weigend	Nasa vargasii	Arnaldoa	5(2): 167	1998			Loasaceae Loasa vargasii J.F.Macbr.				comb. nov.	1815-8242	\N	140020	\N	\N	\N	\N	\N	\N
1010199-1	1.1.2.1.1.2.2.1.	Loasaceae		N	Nasa		N	weberbaueri		spec.	Weigend		Weigend	Nasa weberbaueri	Arnaldoa	5(2): 167	1998	nom. inval.    Generic name vali						comb. nov.	1815-8242	\N	140020	\N	\N	\N	\N	\N	\N
1010200-1	1.1.2.1.1.3	Solanaceae		N	Iochroma		N	nitidum		spec.	S.Leiva & Quip.		S.Leiva & Quip.	Iochroma nitidum	Arnaldoa	5(2): 172	1998						Peru.	tax. nov.	1815-8242	\N	139985	\N	\N	\N	\N	\N	\N
1010201-1	1.1.2.1.1.3	Solanaceae		N	Iochroma		N	schjellerupii		spec.	S.Leiva & Quip.		S.Leiva & Quip.	Iochroma schjellerupii	Arnaldoa	5(2): 175	1998						Peru.	tax. nov.	1815-8242	\N	139985	\N	\N	\N	\N	\N	\N
1010202-1	1.1.2.1.1.4	Solanaceae		N	Jaltomata		N	aypatensis		spec.	S.Leiva, Mione & Quip.		S.Leiva, Mione & Quip.	Jaltomata aypatensis	Arnaldoa	5(2): 180	1998						Peru.	tax. nov.	1815-8242	\N	139953	\N	40568608	\N	\N	\N	\N
1010203-1	1.5	Solanaceae		N	Jaltomata		N	bernardelloana		spec.	S.Leiva & Mione		S.Leiva & Mione	Jaltomata bernardelloana	Arnaldoa	5(2): 183	1998						Peru.	tax. nov.	1815-8242	\N	139953	\N	40568611	\N	\N	\N	\N
1010204-1	1.1.2.1.1.4	Solanaceae		N	Jaltomata		N	cuyasensis		spec.	S.Leiva, Quip. & N.W.Sawyer		S.Leiva, Quip. & N.W.Sawyer	Jaltomata cuyasensis	Arnaldoa	5(2): 186	1998						Peru.	tax. nov.	1815-8242	\N	139953	\N	40568614	\N	\N	\N	\N
1010205-1	1.1.2.1.1.3	Solanaceae		N	Jaltomata		N	mionei		spec.	S.Leiva & Quip.		S.Leiva & Quip.	Jaltomata mionei	Arnaldoa	5(2): 188	1998						Peru.	tax. nov.	1815-8242	\N	139953	\N	40568615	\N	\N	\N	\N
1010206-1	1.6	Solanaceae		N	Larnax		N	longipedunculata		spec.	S.Leiva, E.Rodr. & J.Campos		S.Leiva, E.Rodr. & J.Campos	Larnax longipedunculata	Arnaldoa	5(2): 194	1998						Peru.	tax. nov.	1815-8242	\N	139987	\N	\N	\N	\N	\N	\N
1010207-1	1.6	Solanaceae		N	Larnax		N	macrocalyx		spec.	S.Leiva, E.Rodr. & J.Campos		S.Leiva, E.Rodr. & J.Campos	Larnax macrocalyx	Arnaldoa	5(2): 197	1998						Peru.	tax. nov.	1815-8242	\N	139987	\N	\N	\N	\N	\N	\N
1010208-1	1.6	Solanaceae		N	Larnax		N	pilosa		spec.	S.Leiva, E.Rodr. & J.Campos		S.Leiva, E.Rodr. & J.Campos	Larnax pilosa	Arnaldoa	5(2): 200	1998						Peru.	tax. nov.	1815-8242	\N	139987	\N	\N	\N	\N	\N	\N
1010209-1	1.6	Solanaceae		N	Larnax		N	sawyeriana		spec.	S.Leiva, E.Rodr. & J.Campos		S.Leiva, E.Rodr. & J.Campos	Larnax sawyeriana	Arnaldoa	5(2): 203	1998						Peru.	tax. nov.	1815-8242	\N	139987	\N	\N	\N	\N	\N	\N
1010210-1	1.6	Solanaceae		N	Larnax		N	vasquezii		spec.	S.Leiva, E.Rodr. & J.Campos		S.Leiva, E.Rodr. & J.Campos	Larnax vasquezii	Arnaldoa	5(2): 206	1998						Peru.	tax. nov.	1815-8242	\N	139987	\N	\N	\N	\N	\N	\N
1010211-1	1.4	Solanaceae		N	Physalis		N	quillabambensis		spec.	D.Medina		D.Medina	Physalis quillabambensis	Arnaldoa	5(2): 211	1998						Peru.	tax. nov.	1815-8242	\N	139995	\N	\N	\N	\N	\N	\N
1014826-1	1.1.2.1.1.3	Loasaceae		N	Nasa		N	bicornuta		spec.	(Weigend) Weigend	(Weigend)	Weigend	Nasa bicornuta	Arnaldoa	5(2): 162	1998			Loasaceae Loasa bicornuta Weigend				comb. nov.	1815-8242	\N	140020	\N	\N	\N	\N	\N	\N
1014835-1	1.1.2.1.1.4	Loasaceae		N	Nasa		N	olmosiana		spec.	(Gilg ex J.F.Macbr.) Weigend	(Gilg ex J.F.Macbr.)	Weigend	Nasa olmosiana	Arnaldoa	5(2): 165	1998			Loasaceae Loasa olmosiana Gilg ex J.F.Macbr.				comb. nov.	1815-8242	\N	140020	\N	\N	\N	\N	\N	\N
1014841-1	1.1.2.1.1.2	Loasaceae		N	Nasa		N	triphylla		spec.	(Juss.) Weigend	(Juss.)	Weigend	Nasa triphylla	Arnaldoa	5(2): 167	1998			Loasaceae Loasa triphylla Ruiz & Pav.				comb. nov.	1815-8242	\N	140020	\N	\N	\N	\N	\N	\N
1015428-2	1.3	Asteraceae		N	Luciliocline		N	turneri		spec.	(Sagást. & M.O.Dillon) M.O.Dillon & Sagást.	(Sagást. & M.O.Dillon)	M.O.Dillon & Sagást.	Luciliocline turneri	Arnaldoa	10(1): 53	2003 [Jun 2003]					Asteraceae Belloa turneri Sagást. & M.O.Dillon		unknown	1815-8242	\N	139963	\N	\N	\N	\N	\N	\N
1015976-1	1.2.2.1.1.2	Asteraceae		N	Verbesina		N	ancashensis		spec.	Sagást. & Quip.		Sagást. & Quip.	Verbesina ancashensis	Arnaldoa	6(1): 41	2000 [1999 publ. Apr 2000]						Peru.	tax. nov.	1815-8242	\N	\N	\N	\N	\N	\N	\N	\N
1015977-1	1.2.2.1.1.2	Asteraceae		N	Verbesina		N	crassicephala		spec.	Sagást. & Quip.		Sagást. & Quip.	Verbesina crassicephala	Arnaldoa	6(1): 44	2000 [1999 publ. Apr 2000]						Peru.	tax. nov.	1815-8242	\N	\N	\N	\N	\N	\N	\N	\N
1015978-1	1.1.2.1.1.4	Loasaceae		N	Nasa		N	umbraculifera		spec.	E.Rodr. & Weigend		E.Rodr. & Weigend	Nasa umbraculifera	Arnaldoa	6(1): 51	2000 [1999 publ. Apr 2000]						Peru.	tax. nov.	1815-8242	\N	\N	\N	\N	\N	\N	\N	\N
1015979-1	1.1.2.2.1.2	Orchidaceae		N	Telipogon		N	sayakoae		spec.	D.E.Benn. & Christenson		D.E.Benn. & Christenson	Telipogon sayakoae	Arnaldoa	6(1): 61, as 'sayakoi'	2000 [1999 publ. Apr 2000]						Peru.	tax. nov.	1815-8242	\N	\N	\N	\N	\N	\N	\N	\N
1015980-1	1.5	Solanaceae		N	Jaltomata		N	lezamae		spec.	S.Leiva & Mione		S.Leiva & Mione	Jaltomata lezamae	Arnaldoa	6(1): 66	2000 [1999 publ. Apr 2000]						Peru.	tax. nov.	1815-8242	\N	\N	\N	\N	\N	\N	\N	\N
1015981-1	1.5	Solanaceae		N	Jaltomata		N	salpoensis		spec.	S.Leiva & Mione		S.Leiva & Mione	Jaltomata salpoensis	Arnaldoa	6(1): 69	2000 [1999 publ. Apr 2000]						Peru.	tax. nov.	1815-8242	\N	\N	\N	\N	\N	\N	\N	\N
1018812-2	1.2	Asteraceae		N	Gamochaeta		N	boliviensis		spec.	(Anderb. & S.E.Freire) M.O.Dillon & Sagást.	(Anderb. & S.E.Freire)	M.O.Dillon & Sagást.	Gamochaeta boliviensis	Arnaldoa	10(1): 52	2003 [Jun 2003]			Asteraceae Jalcophila boliviensis Anderb. & S.E.Freire				comb. nov.	1815-8242	\N	139963	\N	\N	\N	\N	\N	\N
1018813-2	1.5	Loasaceae		N	Caiophora		N	peduncularis		spec.	(C.Presl) Weigend & Mark.Ackermann	(C.Presl)	Weigend & Mark.Ackermann	Caiophora peduncularis	Arnaldoa	10(1): 78	2003 [Jun 2003]			Loasaceae Loasa peduncularis C.Presl		Loasaceae Loasa peduncularis C.Presl		comb. nov.	1815-8242	\N	\N	\N	\N	\N	\N	\N	\N
1018849-2	1.4	Loasaceae		N	Nasa		N	carnea		spec.	(Urb. & Gilg) Weigend	(Urb. & Gilg)	Weigend	Nasa carnea	Arnaldoa	5(2): 162	1998		[Gandhi 8 Sep 1999]			Loasaceae Loasa carnea Urb. & Gilg		unknown	1815-8242	\N	140020	\N	\N	\N	\N	\N	\N
1021910-2	1.1.2.1.1.2.1.2	Loasaceae		N	Caiophora		N	grandiflora		spec.	(G.Don) Weigend & Mark.Ackermann	(G.Don)	Weigend & Mark.Ackermann	Caiophora grandiflora	Arnaldoa	10(1): 84	2003 [Jun 2003]			Loasaceae Blumenbachia grandiflora G.Don				comb. nov.	1815-8242	\N	\N	\N	\N	\N	\N	\N	\N
1025162-2	1.4.2.1	Loasaceae		N	Nasa		N	weberbaueri		spec.	Weigend		Weigend	Nasa weberbaueri	Arnaldoa	5(2): 167	1998	nom. inval.    Generic name vali						comb. nov.	1815-8242	\N	140020	\N	\N	\N	\N	\N	\N
1026844-2	1.3	Asteraceae		N	Luciliocline		N	plicatifolia		spec.	(Sagást. & M.O.Dillon) M.O.Dillon & Sagást.	(Sagást. & M.O.Dillon)	M.O.Dillon & Sagást.	Luciliocline plicatifolia	Arnaldoa	10(1): 53	2003 [Jun 2003]					Asteraceae Belloa plicatifolia Sagást. & M.O.Dillon		unknown	1815-8242	\N	139963	\N	\N	\N	\N	\N	\N
1028139-2	1.3	Loasaceae		N	Nasa		N	ranunculifolia		spec.	(Kunth) Weigend	(Kunth)	Weigend	Nasa ranunculifolia	Arnaldoa	5(2): 166	1998		[Gandhi 9 Sep 1999]			Loasaceae Loasa ranunculifolia Kunth in Humb. & Bonpl.		unknown	1815-8242	\N	140020	\N	\N	\N	\N	\N	\N
1032294-2	1.4	Loasaceae		N	Nasa		N	macrantha		spec.	(Urb. & Gilg) Weigend	(Urb. & Gilg)	Weigend	Nasa macrantha	Arnaldoa	5(2): 164	1998		[Gandhi 8 Sep 1999]			Loasaceae Loasa macrantha Urb. & Gilg		unknown	1815-8242	\N	140020	\N	\N	\N	\N	\N	\N
1052551-2	1.3	Loasaceae		N	Nasa		N	vargasii		spec.	(J.F.Macbr.) Weigend	(J.F.Macbr.)	Weigend	Nasa vargasii	Arnaldoa	5(2): 167	1998		[Gandhi 10 Sep 1999]			Loasaceae Loasa vargasii J.F.Macbr.		unknown	1815-8242	\N	140020	\N	\N	\N	\N	\N	\N
1083074-2	1.4	Loasaceae		N	Nasa		N	poissoniana		spec.	(Urb. & Gilg) Weigend	(Urb. & Gilg)	Weigend	Nasa poissoniana	Arnaldoa	5(2): 165	1998		[Gandhi 9 Sep 1999] Basionym reference lacking date.			Loasaceae Loasa poissoniana Urb. & Gilg		unknown	1815-8242	\N	140020	\N	\N	\N	\N	\N	\N
1087430-2	1.4	Loasaceae		N	Nasa		N	carunculata		spec.	(Urb. & Gilg) Weigend	(Urb. & Gilg)	Weigend	Nasa carunculata	Arnaldoa	5(2): 162	1998		[Gandhi 8 Sep 1999]			Loasaceae Loasa carunculata Urb. & Gilg		unknown	1815-8242	\N	140020	\N	\N	\N	\N	\N	\N
1088294-2	1.4	Loasaceae		N	Nasa		N	magnifica		spec.	(Urb. & Gilg) Weigend	(Urb. & Gilg)	Weigend	Nasa magnifica	Arnaldoa	5(2): 165	1998		[Gandhi 9 Sep 1999]			Loasaceae Loasa magnifica Urb. & Gilg		unknown	1815-8242	\N	140020	\N	\N	\N	\N	\N	\N
1104845-2	1.3	Loasaceae		N	Nasa		N	rugosa		spec.	(Killip) Weigend	(Killip)	Weigend	Nasa rugosa	Arnaldoa	5(2): 166	1998		[Gandhi 9 Sep 1999]			Loasaceae Loasa rugosa Killip		unknown	1815-8242	\N	140020	\N	\N	\N	\N	\N	\N
1106824-2	1.4	Loasaceae		N	Nasa		N	stuebeliana		spec.	(Urb. & Gilg) Weigend	(Urb. & Gilg)	Weigend	Nasa stuebeliana	Arnaldoa	5(2): 166	1998		[Gandhi 9 Sep 1999]			Loasaceae Loasa stuebeliana Urb. & Gilg		unknown	1815-8242	\N	140020	\N	\N	\N	\N	\N	\N
1126397-2	1.4	Asteraceae		N	Luciliocline		N	piptolepis		spec.	(Wedd.) M.O.Dillon & Sagást.	(Wedd.)	M.O.Dillon & Sagást.	Luciliocline piptolepis	Arnaldoa	10(1): 53	2003 [Jun 2003]					Asteraceae Merope piptolepis Wedd.		unknown	1815-8242	\N	139963	\N	\N	\N	\N	\N	\N
1131115-2	1.5	Asteraceae		N	Parachionolaena		N	colombiana		spec.	(S.F.Blake) M.O.Dillon & Sagást.	(S.F.Blake)	M.O.Dillon & Sagást.	Parachionolaena colombiana	Arnaldoa	1(2): 43	1992 [1991 publ. 1992]					Asteraceae Chionolaena colombiana S.F.Blake		unknown	1815-8242	\N	\N	\N	\N	\N	\N	\N	\N
1135310-2	1.3	Asteraceae		N	Luciliocline		N	spathulifolia		spec.	(Sagást. & M.O.Dillon) M.O.Dillon & Sagást.	(Sagást. & M.O.Dillon)	M.O.Dillon & Sagást.	Luciliocline spathulifolia	Arnaldoa	10(1): 53	2003 [Jun 2003]					Asteraceae Belloa spathulifolia Sagást. & M.O.Dillon		unknown	1815-8242	\N	139963	\N	\N	\N	\N	\N	\N
1136865-2	1.2	Pontederiaceae		N	Heteranthera		N	limosa	rotundifolia	subsp.	A.Galán		A.Galán	Heteranthera limosa subsp. rotundifolia	Arnaldoa	2: 54	1994					Pontederiaceae Heteranthera limosa Vahl var. rotundifolia Kunth		unknown	1815-8242	\N	\N	\N	\N	\N	\N	\N	\N
1138706-2	1.3	Loasaceae		N	Nasa		N	aspiazui		spec.	(J.F.Macbr.) Weigend	(J.F.Macbr.)	Weigend	Nasa aspiazui	Arnaldoa	5(2): 162	1998		[Gandhi 8 Sep 1999] basionym reference lacking date.			Loasaceae Loasa aspiazui J.F.Macbr.		unknown	1815-8242	\N	140020	\N	\N	\N	\N	\N	\N
1155804-2	1.4	Loasaceae		N	Nasa		N	macrothyrsa		spec.	(Urb. & Gilg) Weigend	(Urb. & Gilg)	Weigend	Nasa macrothyrsa	Arnaldoa	5(2): 165	1998		[Gandhi 8 Sep 1999]			Loasaceae Loasa macrothyrsa Urb. & Gilg		unknown	1815-8242	\N	140020	\N	\N	\N	\N	\N	\N
1165475-2	1.4	Loasaceae		N	Nasa		N	raimondii		spec.	(Standl. & F.A.Barkley) Weigend	(Standl. & F.A.Barkley)	Weigend	Nasa raimondii	Arnaldoa	5(2): 166	1998		[Gandhi 9 Sep 1999]			Loasaceae Loasa raimondii Standl. & F.A.Barkley		unknown	1815-8242	\N	140020	\N	\N	\N	\N	\N	\N
1172050-2	1.3	Loasaceae		N	Nasa		N	tingomariensis		spec.	(J.F.Macbr.) Weigend	(J.F.Macbr.)	Weigend	Nasa tingomariensis	Arnaldoa	5(2): 166	1998		[Gandhi 9 Sep 1999]			Loasaceae Loasa tingomariensis J.F.Macbr.		unknown	1815-8242	\N	140020	\N	\N	\N	\N	\N	\N
1172858-2	1.4	Loasaceae		N	Nasa		N	ferruginea		spec.	(Urb. & Gilg) Weigend	(Urb. & Gilg)	Weigend	Nasa ferruginea	Arnaldoa	5(2): 164	1998		[Gandhi 8 Sep 1999]			Loasaceae Loasa ferruginea Urb. & Gilg		unknown	1815-8242	\N	140020	\N	\N	\N	\N	\N	\N
1177448-2	1.3	Loasaceae		N	Nasa		N	solata		spec.	(J.F.Macbr.) Weigend	(J.F.Macbr.)	Weigend	Nasa solata	Arnaldoa	5(2): 166	1998		[Gandhi 9 Sep 1999]			Loasaceae Loasa solata J.F.Macbr.		unknown	1815-8242	\N	140020	\N	\N	\N	\N	\N	\N
1178795-2	1.4	Loasaceae		N	Nasa		N	cymbopetala		spec.	(Urb. & Gilg) Weigend	(Urb. & Gilg)	Weigend	Nasa cymbopetala	Arnaldoa	5(2): 163	1998		[Gandhi 8 Sep 1999]			Loasaceae Loasa cymbopetala Urb. & Gilg		unknown	1815-8242	\N	140020	\N	\N	\N	\N	\N	\N
1182449-2	1.3	Loasaceae		N	Nasa		N	hastata		spec.	(Killip) Weigend	(Killip)	Weigend	Nasa hastata	Arnaldoa	5(2): 164	1998		[Gandhi 8 Sep 1999]			Loasaceae Loasa hastata Killip		unknown	1815-8242	\N	140020	\N	\N	\N	\N	\N	\N
1183066-2	1.4	Loasaceae		N	Nasa		N	macrorrhiza		spec.	(Urb. & Gilg) Weigend	(Urb. & Gilg)	Weigend	Nasa macrorrhiza	Arnaldoa	5(2): 164	1998		[Gandhi 8 Sep 1999]			Loasaceae Loasa macrorrhiza Urb. & Gilg		unknown	1815-8242	\N	140020	\N	\N	\N	\N	\N	\N
1188626-2	1.3	Loasaceae		N	Nasa		N	limata		spec.	(J.F.Macbr.) Weigend	(J.F.Macbr.)	Weigend	Nasa limata	Arnaldoa	5(2): 164	1998		[Gandhi 8 Sep 1999] Basionym reference lacking date.			Loasaceae Loasa limata J.F.Macbr.		unknown	1815-8242	\N	140020	\N	\N	\N	\N	\N	\N
1188663-2	1.5	Asteraceae		N	Luciliocline		N	longifolia		spec.	(Cuatrec. & Aristeg.) M.O.Dillon & Sagást.	(Cuatrec. & Aristeg.)	M.O.Dillon & Sagást.	Luciliocline longifolia	Arnaldoa	10(1): 52	2003 [Jun 2003]					Asteraceae Lucilia longifolia Cuatrec. & Aristeg.		unknown	1815-8242	\N	139963	\N	\N	\N	\N	\N	\N
1194507-2	1.3	Loasaceae		N	Nasa		N	picta		spec.	(Hook.) Weigend	(Hook.)	Weigend	Nasa picta	Arnaldoa	5(2): 165	1998		[Gandhi 9 Sep 1999] Basionym reference lacking date.			Loasaceae Loasa picta Hook.		unknown	1815-8242	\N	140020	\N	\N	\N	\N	\N	\N
1198011-2	1.4	Asteraceae		N	Luciliocline		N	pickeringii		spec.	(A.Gray) M.O.Dillon & Sagást.	(A.Gray)	M.O.Dillon & Sagást.	Luciliocline pickeringii	Arnaldoa	10(1): 52	2003 [Jun 2003]					Asteraceae Lucilia pickeringii A.Gray		unknown	1815-8242	\N	139963	\N	\N	\N	\N	\N	\N
1198620-2	1.3	Loasaceae		N	Nasa		N	solaria		spec.	(J.F.Macbr.) Weigend	(J.F.Macbr.)	Weigend	Nasa solaria	Arnaldoa	5(2): 166	1998		[Gandhi 9 Sep 1999]			Loasaceae Loasa solaria J.F.Macbr.		unknown	1815-8242	\N	140020	\N	\N	\N	\N	\N	\N
1204742-2	1.3	Loasaceae		N	Nasa		N	chenopodiifolia		spec.	(Desr.) Weigend	(Desr.)	Weigend	Nasa chenopodiifolia	Arnaldoa	5(2): 163	1998		[Gandhi 7 Sep 1999]			Loasaceae Loasa chenopodiifolia Desr.		unknown	1815-8242	\N	140020	\N	\N	\N	\N	\N	\N
1211247-2	1.3	Loasaceae		N	Nasa		N	laxa		spec.	(J.F.Macbr.) Weigend	(J.F.Macbr.)	Weigend	Nasa laxa	Arnaldoa	5(2): 164	1998		[Gandhi 8 Sep 1999]			Loasaceae Loasa laxa J.F.Macbr.		unknown	1815-8242	\N	140020	\N	\N	\N	\N	\N	\N
1216016-2	1.4	Asteraceae		N	Luciliocline		N	schultzii		spec.	(Wedd.) M.O.Dillon & Sagást.	(Wedd.)	M.O.Dillon & Sagást.	Luciliocline schultzii	Arnaldoa	10(1): 53	2003 [Jun 2003]					Asteraceae Merope schultzii Wedd.		unknown	1815-8242	\N	139963	\N	\N	\N	\N	\N	\N
20001140-1	1.2	Asteraceae		N	Mikania		N	hensoldiana		spec.	Sánchez Vega & M.O.Dillon		Sánchez Vega & M.O.Dillon	Mikania hensoldiana	Arnaldoa	7(1-2): 7	2001 [2000 publ. Apr 2001]						Peru	tax. nov.	1815-8242	\N	\N	\N	\N	\N	\N	\N	\N
20001141-1	1.3	Loasaceae		N	Nasa		N	picta	pamparomasii	subsp.	Weigend & E.Rodr.		Weigend & E.Rodr.	Nasa picta subsp. pamparomasii	Arnaldoa	7(1-2): 22	2001 [2000 publ. Apr 2001]	nom. inval.    species name not 					Peru	tax. nov.	1815-8242	\N	\N	\N	\N	\N	\N	\N	\N
20003207-1	1.2	Asteraceae		N	Critoniopsis		N	ayabacensis		spec.	Sagást. & M.O.Dillon		Sagást. & M.O.Dillon	Critoniopsis ayabacensis	Arnaldoa	8(1): 26	2001 [30 Oct 2001]						Peru	tax. nov.	1815-8242	\N	139968	\N	\N	\N	\N	\N	\N
20003208-1	1.3	Asteraceae		N	Verbesina		N	citrina		spec.	Sagást. & Zapata		Sagást. & Zapata	Verbesina citrina	Arnaldoa	8(1): 31	2001 [30 Oct 2001]						Peru	tax. nov.	1815-8242	\N	139968	\N	\N	\N	\N	\N	\N
20011517-1	1.3	Sapotaceae		N	Chrysophyllum		N	contumacense		spec.	Sagást. & M.O.Dillon		Sagást. & M.O.Dillon	Chrysophyllum contumacense	Arnaldoa	8(2): 57	2002 [2001 publ. 15 Aug 2002]				Sapotaceae Chrysophyllum edule Sagást. & M.O.Dillon			nom. nov.	1815-8242	\N	\N	\N	\N	\N	\N	\N	\N
20011518-1	1.3	Solanaceae		N	Solanum		N	tuberosum	yanacochense	subsp.	Ochoa		Ochoa	Solanum tuberosum subsp. yanacochense	Arnaldoa	8(2): 59	2002 [2001 publ. 15 Aug 2002]						Peru	tax. nov.	1815-8242	\N	\N	\N	\N	\N	\N	\N	\N
20011519-1	1.4	Loasaceae		N	Nasa		N	callacallensis		spec.	Weigend & E.Rodr.		Weigend & E.Rodr.	Nasa callacallensis	Arnaldoa	9(1): 10	2003 [2002 publ. 11 Jan 2003]						Peru	tax. nov.	1815-8242	\N	\N	\N	\N	\N	\N	\N	\N
20011520-1	1.3	Solanaceae		N	Larnax		N	kann-rasmussenii		spec.	S.Leiva & Quip.		S.Leiva & Quip.	Larnax kann-rasmussenii	Arnaldoa	9(1): 29	2003 [2002 publ. 11 Jan 2003]						Peru	tax. nov.	1815-8242	\N	\N	\N	\N	\N	\N	\N	\N
20011521-1	1.3	Solanaceae		N	Larnax		N	schjellerupii		spec.	S.Leiva & Quip.		S.Leiva & Quip.	Larnax schjellerupii	Arnaldoa	9(1): 32	2003 [2002 publ. 11 Jan 2003]						Peru	tax. nov.	1815-8242	\N	\N	\N	\N	\N	\N	\N	\N
300683-2	1.3	Asteraceae		N	Verbesina		N	dilloniana		spec.	Sagást.		Sagást.	Verbesina dilloniana	Arnaldoa	1: 1(-3), fig	1991						La Libertad (Peru, Western South America, Southern America)	tax. nov.	1815-8242	\N	140004	\N	\N	\N	\N	\N	\N
301234-2	1.5	Asteraceae		N	Verbesina		N	monactioides		spec.	Sagást., S.Leiva & Lezama		Sagást., S.Leiva & Lezama	Verbesina monactioides	Arnaldoa	3(2): 7-9, fig	1996 [1995 publ. 1996]		"Date of publication given as: ""Diciembre 1995"""				Arriba de Ampurco (Salcabamba-Surcubamba), 3200 m, Tayacaja (Huancavelica, Peru, Western South America, Southern America)	tax. nov.	1815-8242	\N	\N	\N	\N	\N	\N	\N	\N
301850-2	1.4	Asteraceae		N	Parachionolaena		N			gen.	M.O.Dillon & Sagást.		M.O.Dillon & Sagást.	Parachionolaena	Arnaldoa	1(2): 42	1992 [1991 publ. 1992]							tax. nov.	1815-8242	\N	\N	\N	\N	\N	\N	\N	\N
302066-2	1.2	Poaceae		N	Piptochaetium		N	sagasteguii		spec.	Sánchez Vega		Sánchez Vega	Piptochaetium sagasteguii	Arnaldoa	1: 17 (-19; fig.)	1992						Cajamarca (Peru, Western South America, Southern America)	tax. nov.	1815-8242	\N	133708	\N	\N	\N	\N	\N	\N
302165-2	1.2	Poaceae		N	Piptochaetium		N	tovarii		spec.	Sánchez Vega		Sánchez Vega	Piptochaetium tovarii	Arnaldoa	1: 25 (fig. 5)	1991						Cajamarca (Peru, Western South America, Southern America)	tax. nov.	1815-8242	\N	133708	\N	\N	\N	\N	\N	\N
302298-2	1.5	Asteraceae		N	Chuquiraga		N	oblongifolia		spec.	Sagást. & Sánchez Vega		Sagást. & Sánchez Vega	Chuquiraga oblongifolia	Arnaldoa	1(2): 1, fig. 1	1992 [1991 publ. 1992]						Cajamarca (Peru, Western South America, Southern America)	tax. nov.	1815-8242	\N	\N	\N	\N	\N	\N	\N	\N
302410-2	1.3	Asteraceae		N	Chrysactinium		N	breviscapum		spec.	M.O.Dillon & Sagást.		M.O.Dillon & Sagást.	Chrysactinium breviscapum	Arnaldoa	2: 31-33 fig	1994						Lambayeque (Peru, Western South America, Southern America)	tax. nov.	1815-8242	\N	\N	\N	\N	\N	\N	\N	\N
302661-2	1.1.2.1.1.4	Asteraceae		N	Coreopsis		N	dentifolia		spec.	Sánchez Vega, Sagást. & D.J.Crawford		Sánchez Vega, Sagást. & D.J.Crawford	Coreopsis dentifolia	Arnaldoa	2: 37-39 fig	1994						Cajamarca (Peru, Western South America, Southern America)	tax. nov.	1815-8242	\N	\N	\N	\N	\N	\N	\N	\N
303073-2	1.4	Asteraceae		N	Trixis		N	montesecoensis		spec.	Sagást. & M.O.Dillon		Sagást. & M.O.Dillon	Trixis montesecoensis	Arnaldoa	1(3): 11, fig. 1	1993						Cajamarca (Peru, Western South America, Southern America)	tax. nov.	1815-8242	\N	\N	\N	\N	\N	\N	\N	\N
303180-2	1.3	Asteraceae		N	Verbesina		N	fuscicaulis		spec.	Sagást.		Sagást.	Verbesina fuscicaulis	Arnaldoa	1: 3(-5), fig	1991						La Libertad (Peru, Western South America, Southern America)	tax. nov.	1815-8242	\N	140004	\N	\N	\N	\N	\N	\N
303647-2	1.4	Asteraceae		N	Oligactis		N	cuatrecasasii		spec.	M.O.Dillon & Sagást.		M.O.Dillon & Sagást.	Oligactis cuatrecasasii	Arnaldoa	2: 25-27 fig	1994						Piura (Peru, Western South America, Southern America)	tax. nov.	1815-8242	\N	139967	\N	\N	\N	\N	\N	\N
303790-2	1.2	Poaceae		N	Piptochaetium		N	tovarii	pilosa	subsp.	Sánchez Vega & Benth.		Sánchez Vega & Benth.	Piptochaetium tovarii subsp. pilosa	Arnaldoa	1: 29 (fig. 5)	1991						Cajamarca (Peru, Western South America, Southern America)	tax. nov.	1815-8242	\N	133708	\N	\N	\N	\N	\N	\N
304125-2	1.1.2.1.1.4	Asteraceae		N	Coreopsis		N	dilloniana		spec.	Sánchez Vega, Sagást. & D.J.Crawford		Sánchez Vega, Sagást. & D.J.Crawford	Coreopsis dilloniana	Arnaldoa	2: 40 fig	1994						Cajamarca (Peru, Western South America, Southern America)	tax. nov.	1815-8242	\N	\N	\N	\N	\N	\N	\N	\N
305235-2	1.5	Solanaceae		N	Browallia		N	mirabilis		spec.	S.Leiva		S.Leiva	Browallia mirabilis	Arnaldoa	3(2): 14, fig	1996 [1995 publ. 1996]						Prov. San Ignacio: alrededores del anexo San Francisco¹(ca. a El Chaupe), 1460 m, Cajamarca (Peru, Western South America, Southern America)	tax. nov.	1815-8242	\N	\N	\N	\N	\N	\N	\N	\N
305723-2	1.5	Asteraceae		N	Verbesina		N	pauciramea		spec.	Sagást., S.Leiva & Lezama		Sagást., S.Leiva & Lezama	Verbesina pauciramea	Arnaldoa	3(2): 9-11, fig	1996 [1995 publ. 1996]		"Date of publication given as: ""Diciembre 1995"""				Mitotambo (encima de Mito), 3000-3100 m, Huánuco (Huánuco, Peru, Western South America, Southern America)	tax. nov.	1815-8242	\N	\N	\N	\N	\N	\N	\N	\N
305980-2	1.1.2.1.1.4	Asteraceae		N	Coreopsis		N	helleborifolia		spec.	Sánchez Vega, Sagást. & D.J.Crawford		Sánchez Vega, Sagást. & D.J.Crawford	Coreopsis helleborifolia	Arnaldoa	2: 42-44 fig	1994						Cajamarca (Peru, Western South America, Southern America)	tax. nov.	1815-8242	\N	\N	\N	\N	\N	\N	\N	\N
306196-2	1.3	Asteraceae		N	Verbesina		N	plowmanii		spec.	Sagást.		Sagást.	Verbesina plowmanii	Arnaldoa	1: 6, fig	1991						Lambayeque (Peru, Western South America, Southern America)	tax. nov.	1815-8242	\N	139965	\N	\N	\N	\N	\N	\N
306512-2	1.3	Solanaceae		N	Iochroma		N	edule		spec.	Leiva		Leiva	Iochroma edule	Arnaldoa	3: 41, fig	1995						Prov. Otuzco, Dist. Agallpampa: alrededores de Jose¹Balta, 2800 m, La Libertad (Peru, Western South America, Southern America)	tax. nov.	1815-8242	\N	139977	\N	\N	\N	\N	\N	\N
312833-2	1.2	Asteraceae		N	Verbesina		N	albissima		spec.	Sagást.		Sagást.	Verbesina albissima	Arnaldoa	4: 7, fig	1996						Olmos-Beatita de Humay, 600-700 m, Lambayeque (Lambayeque, Peru, Western South America, Southern America)	tax. nov.	1815-8242	\N	\N	\N	\N	\N	\N	\N	\N
312834-2	1.2	Asteraceae		N	Verbesina		N	capituliparva		spec.	Sagást.		Sagást.	Verbesina capituliparva	Arnaldoa	4: 10, fig	1996						Prov. Chota: Entre Lajas y Cochabamba, margen izquierda del rio Chotano, 1850 m, Cajamarca (Peru, Western South America, Southern America)	tax. nov.	1815-8242	\N	\N	\N	\N	\N	\N	\N	\N
312835-2	1.3	Solanaceae		N	Larnax		N	purpurea		spec.	S.Leiva		S.Leiva	Larnax purpurea	Arnaldoa	4: 16, fig	1996						Prov. San Ignacio: ruta San Ignacio - El Chaupe, 1510 m, Cajamarca (Peru, Western South America, Southern America)	tax. nov.	1815-8242	\N	139978	\N	\N	\N	\N	\N	\N
312836-2	1.3	Solanaceae		N	Larnax		N	lutea		spec.	S.Leiva		S.Leiva	Larnax lutea	Arnaldoa	4: 19, fig	1996						Prov. Chota: a 1 km del poblado de Paraguay (ruta Querocoto - La Granja), 2250 m, Cajamarca (Peru, Western South America, Southern America)	tax. nov.	1815-8242	\N	139978	\N	\N	\N	\N	\N	\N
316123-2	1.4	Asteraceae		N	Critoniopsis		N	oblongifolia		spec.	Sagást. & M.O.Dillon		Sagást. & M.O.Dillon	Critoniopsis oblongifolia	Arnaldoa	5: 20, fig.	1998		[Gandhi 17 Aug 1998]				Bosque cachil, bosque humedo, 2500 m, Contumazá (Cajamarca, Peru, Western South America, Southern America)	tax. nov.	1815-8242	\N	140007	\N	\N	\N	\N	\N	\N
316124-2	1.2	Asteraceae		N	Verbesina		N	brevilingua		spec.	Sagást.		Sagást.	Verbesina brevilingua	Arnaldoa	5: 35, fig.	1998		[Gandhi 17 Aug 1998]				Arriba de la Hacienda Tocas (Cocabamba-Paucabamba), 3500 m, Huancavelica (Huancavelica, Peru, Western South America, Southern America)	tax. nov.	1815-8242	\N	140011	\N	\N	\N	\N	\N	\N
316125-2	1.3	Asteraceae		N	Verbesina		N	brunnea		spec.	Sagást. & Quipuscoa		Sagást. & Quipuscoa	Verbesina brunnea	Arnaldoa	5: 38, fig.	1998		[Gandhi 17 Aug 1998]				Prov. Chota: near las Palmas, ca. 24 km NE of Chota, ca. 2789 m, Cajamarca (Peru, Western South America, Southern America)	tax. nov.	1815-8242	\N	140011	\N	\N	\N	\N	\N	\N
316126-2	1.3	Asteraceae		N	Verbesina		N	chachapoyensis		spec.	Sagást. & Quipuscoa		Sagást. & Quipuscoa	Verbesina chachapoyensis	Arnaldoa	5: 40, fig.	1998		[Gandhi 17 Aug 1998]				13 km de Chachapoyas, ruta a Rodriguez de Mendoza, 2150 m, Chachapoyas (Amazonas, Peru, Western South America, Southern America)	tax. nov.	1815-8242	\N	140011	\N	\N	\N	\N	\N	\N
316127-2	1.4	Asteraceae		N	Verbesina		N	leivae		spec.	Sagást. & Quipuscoa		Sagást. & Quipuscoa	Verbesina leivae	Arnaldoa	5: 42, fig.	1998		[Gandhi 17 Aug 1998]				Prov. San Ignacio: Ruta San Martin-El Chaupe, 1600 m, Cajamarca (Peru, Western South America, Southern America)	tax. nov.	1815-8242	\N	140011	\N	\N	\N	\N	\N	\N
316128-2	1.3	Asteraceae		N	Verbesina		N	otuzcensis		spec.	Sagást. & Quipuscoa		Sagást. & Quipuscoa	Verbesina otuzcensis	Arnaldoa	5: 44, fig.	1998		[Gandhi 17 Aug 1998]				Cerro Chologday, 2640-2660 m, Otuzco (La Libertad, Peru, Western South America, Southern America)	tax. nov.	1815-8242	\N	140011	\N	\N	\N	\N	\N	\N
316129-2	1.3	Asteraceae		N	Verbesina		N	perlanata		spec.	Sagást. & Quipuscoa		Sagást. & Quipuscoa	Verbesina perlanata	Arnaldoa	5: 47, fig.	1998		[Gandhi 17 Aug 1998]				Ruta Cachicadan-Angasmarca, 3360 m, Santiago de Chuco (La Libertad, Peru, Western South America, Southern America)	tax. nov.	1815-8242	\N	140011	\N	\N	\N	\N	\N	\N
316130-2	1.3	Loasaceae		N	Mentzelia		N	heterosepala		spec.	Weigend & E.Rodr.		Weigend & E.Rodr.	Mentzelia heterosepala	Arnaldoa	5: 52, fig.	1998		[Gandhi 17 Aug 1998]				Prov. Bagua: Carretera entre Bagua Chica Imacita, El Muyo, arriba de la margen derecha del rio Maranon, bosque seco y premontano bajo, 1100 m, Amazonas (Peru, Western South America, Southern America)	tax. nov.	1815-8242	\N	140024	\N	\N	\N	\N	\N	\N
316131-2	1.3	Sapotaceae		N	Chrysophyllum		N	edule		spec.	Sagást. & M.O.Dillon		Sagást. & M.O.Dillon	Chrysophyllum edule	Arnaldoa	5: 68 (fig.)	1998		later homonym (non Hoyle 1932); replaced by C. contumacense Sagást. & M. O. Dillon				Entrada al Bosque Cachil, 2500 m, Contumazá (Cajamarca, Peru, Western South America, Southern America)	tax. nov.	1815-8242	\N	140008	\N	\N	\N	\N	\N	\N
316132-2	1.5	Solanaceae		N	Iochroma		N	stenanthum		spec.	S.Leiva, Quipuscoa & N.W.Sawyer		S.Leiva, Quipuscoa & N.W.Sawyer	Iochroma stenanthum	Arnaldoa	5: 78, fig.	1998		[Gandhi 17 Aug 1998]				Chinac-La Pampa (Guzmango), 2300 m, Contumazá (Cajamarca, Peru, Western South America, Southern America)	tax. nov.	1815-8242	\N	139990	\N	\N	\N	\N	\N	\N
316133-2	1.5	Solanaceae		N	Larnax		N	dilloniana		spec.	S.Leiva, Quipuscoa & N.W.Sawyer		S.Leiva, Quipuscoa & N.W.Sawyer	Larnax dilloniana	Arnaldoa	5: 85, fig.	1998		[Gandhi 17 Aug 1998]				Prov. Rioja: Arriba del caserio Miraflores (ca. Nueva Cajamarca), Bosque de Proteccion de Alto Mayo, 1260-1420 m, San Martín (Peru, Western South America, Southern America)	tax. nov.	1815-8242	\N	139989	\N	\N	\N	\N	\N	\N
316134-2	1.5	Solanaceae		N	Larnax		N	sagasteguii		spec.	S.Leiva, Quipuscoa & N.W.Sawyer		S.Leiva, Quipuscoa & N.W.Sawyer	Larnax sagasteguii	Arnaldoa	5: 86, fig.	1998		[Gandhi 17 Aug 1998]				"Cerro Aypate, 2800-2880 m, 4°42'94""S-79°34'25""W, Ayabaca (Piura, Peru, Western South America, Southern America)"	tax. nov.	1815-8242	\N	139989	\N	\N	\N	\N	\N	\N
318589-2	1.3	Asteraceae		N	Verbesina		N	ampliatifolia		spec.	Sagást. & Quipuscoa		Sagást. & Quipuscoa	Verbesina ampliatifolia	Arnaldoa	5(2): 141 (-143, fig. 1)	1998		[Gandhi 8 Sep 1999]				Prov. Huallaga: La Meseta, 2000-2100 m, 6°52'LS-77°29'LO, San Martín (Peru, Western South America, Southern America)	tax. nov.	1815-8242	\N	140010	\N	\N	\N	\N	\N	\N
318590-2	1.3	Asteraceae		N	Verbesina		N	aypatensis		spec.	Sagást. & Quipuscoa		Sagást. & Quipuscoa	Verbesina aypatensis	Arnaldoa	5(2): 143 (-146, fig. 2)	1998		[Gandhi 8 Sep 1999]				Alrededores de Monumentos Historicos de Aypate, 2800-2880 m, Ayabaca (Piura, Peru, Western South America, Southern America)	tax. nov.	1815-8242	\N	140010	\N	\N	\N	\N	\N	\N
318591-2	1.3	Asteraceae		N	Verbesina		N	huancabambae		spec.	Sagást. & Quipuscoa		Sagást. & Quipuscoa	Verbesina huancabambae	Arnaldoa	5(2): 146 (-148, fig. 3)	1998		[Gandhi 8 Sep 1999]				Ruta Salala-Las Huaringas, 2950 m, Huancabamba (Piura, Peru, Western South America, Southern America)	tax. nov.	1815-8242	\N	140010	\N	\N	\N	\N	\N	\N
318592-2	1.2	Loasaceae		N	Nasa		N	glandulosissima		spec.	Weigend		Weigend	Nasa glandulosissima	Arnaldoa	5(2): 152 (-154, figs. 1, 3A-D)	1998		[Gandhi 8 Sep 1999]				Road Huancabamba-Chulucanas, below pass height on Canchaque side at 1500-1800 m, Huancabamba (Piura, Peru, Western South America, Southern America)	tax. nov.	1815-8242	\N	140027	\N	\N	\N	\N	\N	\N
318593-2	1.3	Loasaceae		N	Nasa		N	insignis		spec.	Weigend & E.Rodr.		Weigend & E.Rodr.	Nasa insignis	Arnaldoa	5(2): 154 (156, figs. 2, 3E-F)	1998		[Gandhi 8 Sep 1999]				Prov. Santa Cruz, Dist. Catache: Bosque Monteseco (El Chorro Blanco), 1880 m, Cajamarca (Peru, Western South America, Southern America)	tax. nov.	1815-8242	\N	140027	\N	\N	\N	\N	\N	\N
318604-2	1.4	Solanaceae		N	Iochroma		N	nitidum		spec.	S.Leiva & Quipuscoa		S.Leiva & Quipuscoa	Iochroma nitidum	Arnaldoa	5(2): 172 (-174, fig. 1)	1998		[Gandhi 10 Sep 1999]				Prov. Huallaga: La Tablacha, entre Atuen y La Morada, 3000-3400 m, San Martín (Peru, Western South America, Southern America)	tax. nov.	1815-8242	\N	139985	\N	\N	\N	\N	\N	\N
318605-2	1.4	Solanaceae		N	Iochroma		N	schjellerupii		spec.	S.Leiva & Quipuscoa		S.Leiva & Quipuscoa	Iochroma schjellerupii	Arnaldoa	5(2): 175 (-177, fig. 2)	1998		[Gandhi 10 Sep 1999]				Abajo de Monumentos Historicos de Aypata, 2600 m, Ayabaca (Piura, Peru, Western South America, Southern America)	tax. nov.	1815-8242	\N	139985	\N	\N	\N	\N	\N	\N
318606-2	1.2.1.3	Solanaceae		N	Jaltomata		N	aypatensis		spec.	S.Leiva, Mione & Quipuscoa		S.Leiva, Mione & Quipuscoa	Jaltomata aypatensis	Arnaldoa	5(2): 180 (-183, fig. 1)	1998		[Gandhi 10 Sep 1999]				Cerro Aypate, 2660 m, Ayabaca (Piura, Peru, Western South America, Southern America)	tax. nov.	1815-8242	\N	139953	\N	40568608	\N	\N	\N	\N
318607-2	1.4	Solanaceae		N	Jaltomata		N	bernardelloana		spec.	S.Leiva & Mione		S.Leiva & Mione	Jaltomata bernardelloana	Arnaldoa	5(2): 183 (-185, fig. 2)	1998		[Gandhi 10 Sep 1999]				Distr. Salpo: Ruta Salpo-Samne (abajo de Piedra Gorda), 2780 m, Otuzco (La Libertad, Peru, Western South America, Southern America)	tax. nov.	1815-8242	\N	139953	\N	40568611	\N	\N	\N	\N
318608-2	1.5	Solanaceae		N	Jaltomata		N	cuyasensis		spec.	S.Leiva, Quipuscoa & N.W.Sawyer		S.Leiva, Quipuscoa & N.W.Sawyer	Jaltomata cuyasensis	Arnaldoa	5(2): 186 (-188, fig. 3)	1998		[Gandhi 10 Sep 1999]				2420 m, Ayabaca (Piura, Peru, Western South America, Southern America)	tax. nov.	1815-8242	\N	139953	\N	40568614	\N	\N	\N	\N
318609-2	1.4	Solanaceae		N	Jaltomata		N	mionei		spec.	S.Leiva & Quipuscoa		S.Leiva & Quipuscoa	Jaltomata mionei	Arnaldoa	5(2): 188 (-191, fig. 4)	1998		[Gandhi 13 Sep 1999]				Distr. Salpo: abajo de Piedra Gorda (Ruta Salpo-Samna), 2780 m, Otuzco (La Libertad, Peru, Western South America, Southern America)	tax. nov.	1815-8242	\N	139953	\N	40568615	\N	\N	\N	\N
318610-2	1.2.1.3	Solanaceae		N	Larnax		N	longipedunculata		spec.	S.Leiva, E.Rodr. & J.Campos		S.Leiva, E.Rodr. & J.Campos	Larnax longipedunculata	Arnaldoa	5(2): 194 (-197, fig. 1)	1998		[Gandhi 13 Sep 1999]				Prov. San Ignacio: caserio La Bermeja, bosques de neblina La Bermeja, Dist. Tabaconas, 1830 m, Cajamarca (Peru, Western South America, Southern America)	tax. nov.	1815-8242	\N	139987	\N	\N	\N	\N	\N	\N
318611-2	1.2.1.3	Solanaceae		N	Larnax		N	macrocalyx		spec.	S.Leiva, E.Rodr. & J.Campos		S.Leiva, E.Rodr. & J.Campos	Larnax macrocalyx	Arnaldoa	5(2): 197 (-200, fig. 2)	1998		[Gandhi 13 Sep 1999]				Prov. San Ignacio, Dist. Tabaconas: Caserio la Bermeja, bosques de neblina La Bermeja, La Bermeja-Huaquillo, 1700-1940 m, Cajamarca (Peru, Western South America, Southern America)	tax. nov.	1815-8242	\N	139987	\N	\N	\N	\N	\N	\N
318612-2	1.2.1.3	Solanaceae		N	Larnax		N	pilosa		spec.	S.Leiva, E.Rodr. & J.Campos		S.Leiva, E.Rodr. & J.Campos	Larnax pilosa	Arnaldoa	5(2): 200 (-203, fig. 3)	1998		[Gandhi 13 Sep 1999]				Prov. San Ignacio, Dist. San Jose de Lourdes: Estrella del Oriente, 1600 m, 4°50'S, 78°55'W, Cajamarca (Peru, Western South America, Southern America)	tax. nov.	1815-8242	\N	139987	\N	\N	\N	\N	\N	\N
318613-2	1.2.1.3	Solanaceae		N	Larnax		N	sawyeriana		spec.	S.Leiva, E.Rodr. & J.Campos		S.Leiva, E.Rodr. & J.Campos	Larnax sawyeriana	Arnaldoa	5(2): 203 (-206, fig. 4)	1998		[Gandhi 13 Sep 1999]				Prov. San Ignacio, Distr. Tabaconas: Caserio La Bermeja, bosques de neblina La Bermeja, 1830 m, Cajamarca (Peru, Western South America, Southern America)	tax. nov.	1815-8242	\N	139987	\N	\N	\N	\N	\N	\N
318614-2	1.2.1.3	Solanaceae		N	Larnax		N	vasquezii		spec.	S.Leiva, E.Rodr. & J.Campos		S.Leiva, E.Rodr. & J.Campos	Larnax vasquezii	Arnaldoa	5(2): 206 (-209, fig. 5)	1998		[Gandhi 13 Sep 1999]				Prov. San Ignacio, Distr. San Jose de Lourdes: Estrella del Oriente, 1600 m, 4°50'S, 78°55'W, Cajamarca (Peru, Western South America, Southern America)	tax. nov.	1815-8242	\N	139987	\N	\N	\N	\N	\N	\N
318615-2	1.3	Solanaceae		N	Physalis		N	quillabambensis		spec.	D.Medina		D.Medina	Physalis quillabambensis	Arnaldoa	5(2): 211 (-213, fig.)	1998		[Gandhi 13 Sep 1999]				Entre Chaullay y Quillabamba, borde de la via ferrea km 161, 1120 m, Convencion (Cuzco, Peru, Western South America, Southern America)	tax. nov.	1815-8242	\N	139995	\N	\N	\N	\N	\N	\N
320104-2	1.4	Asteraceae		N	Verbesina		N	ancashensis		spec.	Sagást. & Quipuscoa		Sagást. & Quipuscoa	Verbesina ancashensis	Arnaldoa	6(1): 41 (-44; fig. 1)	2000 (1999; 1999 publ. Apr 2000)		[Gandhi 25 Jul 2000]				Prov. Corongo: Ruta Corongo-La Pampa, 3000 m, Ancash (Peru, Western South America, Southern America)	tax. nov.	1815-8242	\N	\N	\N	\N	\N	\N	\N	\N
320105-2	1.4	Asteraceae		N	Verbesina		N	crassicephala		spec.	Sagást. & Quipuscoa		Sagást. & Quipuscoa	Verbesina crassicephala	Arnaldoa	6(1): 44 (-46; fig. 2)	2000 (1999; 1999 publ. Apr 2000)		[Gandhi 26 Jul 2000]				Jalca del Cuello del Indio, 3200-3800 m, Huancabamba (Piura, Peru, Western South America, Southern America)	tax. nov.	1815-8242	\N	\N	\N	\N	\N	\N	\N	\N
320106-2	1.4	Loasaceae		N	Nasa		N	umbraculifera		spec.	E.Rodr. & Weigend		E.Rodr. & Weigend	Nasa umbraculifera	Arnaldoa	6(1): 51 (49-56; figs. 1-2)	2000 (1999; 1999 publ. Apr 2000)		[Gandhi 26 Jul 2000]				Distr. Leymebamba: ruta Leymebamba-Laguna de los Cándores, La Atalaya (Alrededores de la Fila), 6°49.056'S, 77°44.134'W, 3000-3500 m, Chachapoyas (Amazonas, Peru, Western South America, Southern America)	tax. nov.	1815-8242	\N	\N	\N	\N	\N	\N	\N	\N
320107-2	1.5	Orchidaceae		N	Telipogon		N	sayakoae		spec.	D.E.Benn. & Christenson		D.E.Benn. & Christenson	Telipogon sayakoae	Arnaldoa	6(1): 61 (-64; fig. 1; photogrs. 1-2)	2000 (1999; 1999 publ. Apr 2000)		"[Gandhi 26 Jul 2000] as ""T. sayakoi""; specific epithet honors Japanese Princess Sayako; additional type data: ""Hort. INRENA 008, L. Cristóbal E."""				2500 m, Oxapampa (Pasco, Peru, Western South America, Southern America)	tax. nov.	1815-8242	\N	\N	\N	\N	\N	\N	\N	\N
320108-2	1.5	Solanaceae		N	Jaltomata		N	lezamae		spec.	S.Leiva & Mione		S.Leiva & Mione	Jaltomata lezamae	Arnaldoa	6(1): 66 (-69; fig. 1; photogr. 1)	2000 (1999; 1999 publ. Apr 2000)		[Gandhi 26 Jul 2000]				Entrada al Bosque Cachil, 2500 m, Contumazá (Cajamarca, Peru, Western South America, Southern America)	tax. nov.	1815-8242	\N	\N	\N	\N	\N	\N	\N	\N
320109-2	1.5	Solanaceae		N	Jaltomata		N	salpoensis		spec.	S.Leiva & Mione		S.Leiva & Mione	Jaltomata salpoensis	Arnaldoa	6(1): 69 (-72; fig. 2; photogr. 2)	2000 (1999; 1999 publ. Apr 2000)		[Gandhi 26 Jul 2000]				Distr. Salpo: Cerro Quinga (al sur-este de Salpo), 3750 m, Otuzco (La Libertad, Peru, Western South America, Southern America)	tax. nov.	1815-8242	\N	\N	\N	\N	\N	\N	\N	\N
321604-2	1.4	Asteraceae		N	Mikania		N	hensoldiana		spec.	Sánchez Vega & M.O.Dillon		Sánchez Vega & M.O.Dillon	Mikania hensoldiana	Arnaldoa	7(1-2): 7 (-12; fig. 1)	2001 (2000; 2000 publ. Apr 2001)		[Gandhi 19 Sep 2001]				ca. 3 km N de Canchaque, 1730 m, Huancabamba (Piura, Peru, Western South America, Southern America)	tax. nov.	1815-8242	\N	\N	\N	\N	\N	\N	\N	\N
321605-2	1.4	Loasaceae		N	Nasa		N	picta	pamparomasii	subsp.	Weigend & E.Rodr.		Weigend & E.Rodr.	Nasa picta subsp. pamparomasii	Arnaldoa	7(1-2): 22 (-23)	2001 (2000; 2000 publ. Apr 2001)		[Gandhi 19 Sep 2001]				"Prov. Huaylas, Distr: Pamparomas: carretera Karka - Pamparomas, 9°3'3""S, 77°58'30""W, 2850 m, Ancash (Peru, Western South America, Southern America)"	tax. nov.	1815-8242	\N	\N	\N	\N	\N	\N	\N	\N
322507-2	1.5	Asteraceae		N	Critoniopsis		N	ayabacensis		spec.	Sagást. & M.O.Dillon		Sagást. & M.O.Dillon	Critoniopsis ayabacensis	Arnaldoa	8(1): 26 (25-28; fig. 1)	2001 [30 Oct 2001]		[Gandhi 12 Mar 2002]				Bosque de Cuyas (La Variante), bosque, 2500 m, Ayabaca (Piura, Peru, Western South America, Southern America)	tax. nov.	1815-8242	\N	139968	\N	\N	\N	\N	\N	\N
322508-2	1.4	Asteraceae		N	Verbesina		N	citrina		spec.	Sagást. & Zapata		Sagást. & Zapata	Verbesina citrina	Arnaldoa	8(1): 31 (-35; fig. 1)	2001 [30 Oct 2001]		[Gandhi 12 Mar 2002]				Las Chirimoyas (ruta San Benito-Guzmango), 1592 m, 7°28.5'S, 78°54'E, Contumazá (Cajamarca, Peru, Western South America, Southern America)	tax. nov.	1815-8242	\N	139968	\N	\N	\N	\N	\N	\N
325769-2	1.4	Sapotaceae		N	Chrysophyllum		N	contumacense		spec.	Sagást. & M.O.Dillon		Sagást. & M.O.Dillon	Chrysophyllum contumacense	Arnaldoa	8(2): 57	2002 (2001; 2001 publ. 15 Aug 20		nom. nov. for C. edule Sagást. & M. O. Dillon 1998 (later homonym; non Hoyle 1932)			Sapotaceae Chrysophyllum edule Sagást. & M.O.Dillon	Entrada al Bosque Cachil, 2500 m, Contumazá (Cajamarca, Peru, Western South America, Southern America)	tax. nov.	1815-8242	\N	\N	\N	\N	\N	\N	\N	\N
325772-2	1.4	Solanaceae		N	Solanum		N	tuberosum	yanacochense	subsp.	Ochoa		Ochoa	Solanum tuberosum subsp. yanacochense	Arnaldoa	8(2): 59 (-61; 2 photogrs.)	2002 (2001; 2001 publ. 15 Aug 20						Distr. San Juan de Oro: Sumakk Kinray, 2100-2200 m, ca. de Yanacocha, Sandia (Puno, Peru, Western South America, Southern America)	tax. nov.	1815-8242	\N	\N	\N	\N	\N	\N	\N	\N
325778-2	1.4	Loasaceae		N	Nasa		N	callacallensis		spec.	Weigend & E.Rodr.		Weigend & E.Rodr.	Nasa callacallensis	Arnaldoa	9(1): 10 (-12; figs. 1-2)	2003 (2002; 2002 publ. 11 Jan 20						Moist ravine on head of eastern Callacalla slopes, 3-4 km E of km 422 on Balsas-Leymebamba road, 3000-3200 m, Chachapoyas (Amazonas, Peru, Western South America, Southern America)	tax. nov.	1815-8242	\N	\N	\N	\N	\N	\N	\N	\N
325779-2	1.5	Solanaceae		N	Larnax		N	kann-ramussenii		spec.	S.Leiva & Quipuscoa		S.Leiva & Quipuscoa	Larnax kann-ramussenii	Arnaldoa	9(1): 29 (-32; fig. 1)	2003 (2002; 2002 publ. 11 Jan 20		specific epithet honors: Kann Ramussen				Entre la Ribera y Añazco Pueblo, 1850 m, 6°84.705'S, 77°48.44'E, Huallaga (San Martín, Peru, Western South America, Southern America)	tax. nov.	1815-8242	\N	\N	\N	\N	\N	\N	\N	\N
325781-2	1.5	Solanaceae		N	Larnax		N	schjellerupii		spec.	S.Leiva & Quipuscoa		S.Leiva & Quipuscoa	Larnax schjellerupii	Arnaldoa	9(1): 32 (-33; fig. 2)	2003 (2002; 2002 publ. 11 Jan 20		specific epithet honors: dra. Inge Schjellerup, del Mus. Nac. Dinamarca				La Fila, Entre Añazco Pueblo y Leguía, 2000 m, Huallaga (San Martín, Peru, Western South America, Southern America)	tax. nov.	1815-8242	\N	\N	\N	\N	\N	\N	\N	\N
328875-2	1.4	Solanaceae		N	Iochroma		N	salpoanum		spec.	S.Leiva & Lezama		S.Leiva & Lezama	Iochroma salpoanum	Arnaldoa	10(1): 96 (-99; fig. 1)	2003 [Jun 2003]						Distr. Salpo: abajo de Piedra Gorda (camino Salpo-Samne), 2670 m, Otuzco (La Libertad, Peru, Western South America, Southern America)	tax. nov.	1815-8242	\N	139988	\N	\N	\N	\N	\N	\N
328876-2	1.4	Solanaceae		N	Iochroma		N	squamosum		spec.	S.Leiva & Quipuscoa		S.Leiva & Quipuscoa	Iochroma squamosum	Arnaldoa	10(1): 99 (-102; fig. 2)	2003 [Jun 2003]		"longitude & latitude cited as: ""4°36'5 & 79°430'"""				"bosque Cuyas, 4°36'S & 79°43'E"", 2540 m, Ayabaca (Piura, Peru, Western South America, Southern America)"	tax. nov.	1815-8242	\N	139988	\N	\N	\N	\N	\N	\N
328877-2	1.4.2.1	Solanaceae		N	Larnax		N	nieva		spec.	S.Leiva & N.W.Sawyer		S.Leiva & N.W.Sawyer	Larnax nieva	Arnaldoa	10(1): 106 (105-110; fig. 1)	2003 [Jun 2003]		specific name refers to: valle del Río Nieva				Bongará (Amazonas, Peru, Western South America, Southern America)	tax. nov.	1815-8242	\N	139983	\N	\N	\N	\N	\N	\N
50425585-2	1.1	Asteraceae		N	Gamochaeta		N	boliviensis		spec.	(Anderb. & S.E.Freire) M.O.Dillon & Sagást.	(Anderb. & S.E.Freire)	M.O.Dillon & Sagást.	Gamochaeta boliviensis	Arnaldoa	10(1): 52 (2003)	2003			Asteraceae Jalcophila boliviensis Anderb. & S.E.Freire				comb. nov.	1815-8242	\N	139963	\N	\N	\N	\N	\N	\N
50425586-2	1.1	Asteraceae		N	Luciliocline		N	longifolia		spec.	(Cuatrec. & Aristeg.) M.O.Dillon & Sagást.	(Cuatrec. & Aristeg.)	M.O.Dillon & Sagást.	Luciliocline longifolia	Arnaldoa	10(1): 52 (2003)	2003			Asteraceae Lucilia longifolia Cuatrec. & Aristeg.				comb. nov.	1815-8242	\N	139963	\N	\N	\N	\N	\N	\N
50425587-2	1.1	Asteraceae		N	Luciliocline		N	pickeringii		spec.	(A.Gray) M.O.Dillon & Sagást.	(A.Gray)	M.O.Dillon & Sagást.	Luciliocline pickeringii	Arnaldoa	10(1): 52 (2003)	2003			Asteraceae Lucilia pickeringii A.Gray				comb. nov.	1815-8242	\N	139963	\N	\N	\N	\N	\N	\N
50425595-2	1.1	Asteraceae		N	Luciliocline		N	piptolepis		spec.	(Wedd.) M.O.Dillon & Sagást.	(Wedd.)	M.O.Dillon & Sagást.	Luciliocline piptolepis	Arnaldoa	10(1): 53 (2003)	2003			Asteraceae Merope piptolepis Wedd.				comb. nov.	1815-8242	\N	139963	\N	\N	\N	\N	\N	\N
50425616-2	1.1	Asteraceae		N	Luciliocline		N	plicatifolia		spec.	(Sagást. & M.O.Dillon) M.O.Dillon & Sagást.	(Sagást. & M.O.Dillon)	M.O.Dillon & Sagást.	Luciliocline plicatifolia	Arnaldoa	10(1): 53 (2003)	2003			Asteraceae Belloa plicatifolia Sagást. & M.O.Dillon				comb. nov.	1815-8242	\N	139963	\N	\N	\N	\N	\N	\N
50425617-2	1.1	Asteraceae		N	Luciliocline		N	radians		spec.	(Benth.) M.O.Dillon & Sagást.	(Benth.)	M.O.Dillon & Sagást.	Luciliocline radians	Arnaldoa	10(1): 53 (2003)	2003			Asteraceae Gnaphalium radians Benth.				comb. nov.	1815-8242	\N	139963	\N	\N	\N	\N	\N	\N
50425618-2	1.1	Asteraceae		N	Luciliocline		N	schultzii		spec.	(Wedd.) M.O.Dillon & Sagást.	(Wedd.)	M.O.Dillon & Sagást.	Luciliocline schultzii	Arnaldoa	10(1): 53 (2003)	2003			Asteraceae Merope schultzii Wedd.				comb. nov.	1815-8242	\N	139963	\N	\N	\N	\N	\N	\N
50425619-2	1.1	Asteraceae		N	Luciliocline		N	spathulifolia		spec.	(Sagást. & M.O.Dillon) M.O.Dillon & Sagást.	(Sagást. & M.O.Dillon)	M.O.Dillon & Sagást.	Luciliocline spathulifolia	Arnaldoa	10(1): 53 (2003)	2003			Asteraceae Belloa spathulifolia Sagást. & M.O.Dillon				comb. nov.	1815-8242	\N	139963	\N	\N	\N	\N	\N	\N
50425620-2	1.1	Asteraceae		N	Luciliocline		N	turneri		spec.	(Sagást. & M.O.Dillon) M.O.Dillon & Sagást.	(Sagást. & M.O.Dillon)	M.O.Dillon & Sagást.	Luciliocline turneri	Arnaldoa	10(1): 53 (2003)	2003			Asteraceae Belloa turneri Sagást. & M.O.Dillon				comb. nov.	1815-8242	\N	139963	\N	\N	\N	\N	\N	\N
50425645-2	1.1.2.1	Loasaceae		N	Caiophora		N	peduncularis		spec.	(C.Presl) Weigend & Mark.Ackermann	(C.Presl)	Weigend & Mark.Ackermann	Caiophora peduncularis	Arnaldoa	10(1): 78 (2003)	2003			Loasaceae Loasa peduncularis C.Presl				comb. nov.	1815-8242	\N	\N	\N	\N	\N	\N	\N	\N
50425650-2	1.1.2.2	Loasaceae		N	Caiophora		N	grandiflora		spec.	(G.Don) Weigend & Mark.Ackermann	(G.Don)	Weigend & Mark.Ackermann	Caiophora grandiflora	Arnaldoa	10(1): 84 (2003)	2003			Loasaceae Blumenbachia grandiflora G.Don				comb. nov.	1815-8242	\N	\N	\N	\N	\N	\N	\N	\N
50425664-2	1.1	Solanaceae		N	Iochroma		N	salpoanum		spec.	S.Leiva & Lezama		S.Leiva & Lezama	Iochroma salpoanum	Arnaldoa	10(1): 96 (2003)	2003						Peru (Western South America, Southern America)	tax. nov.	1815-8242	\N	139988	\N	\N	\N	\N	\N	\N
50425667-2	1.1.2.1	Solanaceae		N	Iochroma		N	squamosum		spec.	S.Leiva & Quip.		S.Leiva & Quip.	Iochroma squamosum	Arnaldoa	10(1): 99 (2003)	2003						Peru (Western South America, Southern America)	tax. nov.	1815-8242	\N	139988	\N	\N	\N	\N	\N	\N
50425668-2	1.1	Solanaceae		N	Larnax		N	nieva		spec.	S.Leiva & N.W.Sawyer		S.Leiva & N.W.Sawyer	Larnax nieva	Arnaldoa	10(1): 106 (2003)	2003						Peru (Western South America, Southern America)	tax. nov.	1815-8242	\N	139983	\N	\N	\N	\N	\N	\N
60437223-2	1.1.2.1	Asteraceae		N	Coreopsis		N	poloe		spec.	Sagást. & Zapata		Sagást. & Zapata	Coreopsis poloe	Arnaldoa	10(2): 15 (-18; fig. 1)	2003 [Dec 2003]		specific name honors: Mg. e Ing. Químico Juan Polo Hara				Patáz (La Libertad, Peru, Western South America, Southern America)	tax. nov.	1815-8242	\N	140009	\N	\N	\N	\N	\N	\N
60437643-2	1.1.2.1	Asteraceae		N	Coreopsis		N	gracilis		spec.	Sagást. & Sánchez Vega		Sagást. & Sánchez Vega	Coreopsis gracilis	Arnaldoa	11(1): 25 (-28; fig. 1)	2004 [Jun 2004]	nom. illeg. later homonym    non					Bongará (Amazonas, Peru, Western South America, Southern America)	tax. nov.	1815-8242	\N	139974	\N	\N	\N	\N	\N	\N
60437644-2	1.1	Fabaceae		N	Astragalus		N	cochabambensis		spec.	Gómez-Sosa		Gómez-Sosa	Astragalus cochabambensis	Arnaldoa	11(1): 31 (29-43; figs. 1-9)	2004 [Jun 2004]						Cochabamba (Bolivia, Western South America, Southern America)	tax. nov.	1815-8242	\N	140012	\N	\N	\N	\N	\N	\N
60445546-2	1.1.2.1	Annonaceae		N	Cremastosperma		N	bullatum		spec.	Pirie		Pirie	Cremastosperma bullatum	Arnaldoa	11(2): 8 (-10; fis. 2-5)	2004 [Dec 2004]		specific epithet refers to: bubbled appearance of the leaves.				Amazonas (Peru, Western South America, Southern America)	tax. nov.	1815-8242	\N	139997	\N	\N	\N	\N	\N	\N
60445547-2	1.1	Annonaceae		N	Cremastosperma		N	yamayakatense		spec.	Pirie		Pirie	Cremastosperma yamayakatense	Arnaldoa	11(2): 10 (-13; figs 2, 6-8)	2004 [Dec 2004]						Amazonas (Peru, Western South America, Southern America)	tax. nov.	1815-8242	\N	139997	\N	\N	\N	\N	\N	\N
60445548-2	1.1	Annonaceae		N	Cremastosperma		N	cenepense		spec.	Pirie & Zapata		Pirie & Zapata	Cremastosperma cenepense	Arnaldoa	11(2): 13 (-14; figs. 2, 9)	2004 [Dec 2004]						Amazonas (Peru, Western South America, Southern America)	tax. nov.	1815-8242	\N	139997	\N	\N	\N	\N	\N	\N
60445549-2	1.1	Bromeliaceae		N	Puya		N	tyleriana		spec.	Sagást., Zapata & M.O.Dillon		Sagást., Zapata & M.O.Dillon	Puya tyleriana	Arnaldoa	11(2): 30 (29-35; fig. 1; photogrs.)	2004 [Dec 2004]		specific name honors: Ing. Robert Tyler, Kansas, USA.				Ancash (Peru, Western South America, Southern America)	tax. nov.	1815-8242	\N	140012	\N	\N	\N	\N	\N	\N
60445550-2	1.1	Flacourtiaceae		N	Neosprucea		N	rimachii		spec.	McDaniel ex M.H.Alford, Grández & Vásquez		McDaniel ex M.H.Alford, Grández & Vásquez	Neosprucea rimachii	Arnaldoa	11(2): 38 (37-42; fig. 1)	2004 [Dec 2004]						Maynas (Loreto, Peru, Western South America, Southern America)	tax. nov.	1815-8242	\N	139954	\N	\N	\N	\N	\N	\N
60445551-2	1.1	Fabaceae		N	Astragalus		N	varus		spec.	(J.F.Macbr.) Gómez-Sosa	(J.F.Macbr.)	Gómez-Sosa	Astragalus varus	Arnaldoa	11(2): 55	2004 [Dec 2004]			Fabaceae Astragalus garbancillo Cav. var. varus J.F.Macbr.				comb. et. stat. nov.	1815-8242	\N	139972	\N	\N	\N	\N	\N	\N
60445552-2	1.1	Loasaceae		N	Nasa		N	longivalvis		spec.	E.Rodr. & Weigend		E.Rodr. & Weigend	Nasa longivalvis	Arnaldoa	11(2): 69 (67-77; figs. 1-3	2004 [Dec 2004]		"specific epithet refers to: ""a las tres largas (longi=longus) valvas apicales del fruto (=valvae). Tan largas como aproximadamente el largo de la cápsula, un carácter no común en el género Nasa"""				La Libertad (Peru, Western South America, Southern America)	tax. nov.	1815-8242	\N	140002	\N	\N	\N	\N	\N	\N
60445553-2	1.1.2.1	Grossulariaceae		N	Ribes		N	amazonica		spec.	Weigend & E.Rodr.		Weigend & E.Rodr.	Ribes amazonica	Arnaldoa	12(1-2): 43 (42-47; figs. 1-2)	2005						Chachapoyas (Amazonas, Peru, Western South America, Southern America)	tax. nov.	1815-8242	\N	140022	\N	\N	\N	\N	\N	\N
60445555-2	1.1.2.1	Orchidaceae		N	Brachionidium		N	gonzalesiorum		spec.	Becerra		Becerra	Brachionidium gonzalesiorum	Arnaldoa	12(1-2): 56 (figs. 1, 4)	2005		"as ""gonzalesii"" (an orth. error). Etymology: ""Nombrada en honor a la familia maternal del autor"" (= Named in honor the maternal family of the author (Edwin Becerra Gonzáles))"				Oxapampa (Pasco, Peru, Western South America, Southern America)	tax. nov.	1815-8242	\N	139956	\N	\N	\N	\N	\N	\N
60445556-2	1.2	Orchidaceae		N	Brachionidium		N	yanachagaense		spec.	Becerra		Becerra	Brachionidium yanachagaense	Arnaldoa	12(1-2): 56 (-57; figs. 2, 5)	2005		"as ""yanachagaensis"""				Oxapampa (Pasco, Peru, Western South America, Southern America)	tax. nov.	1815-8242	\N	139956	\N	\N	\N	\N	\N	\N
60445557-2	1.1	Orchidaceae		N	Brachionidium		N	quatuor		spec.	Becerra		Becerra	Brachionidium quatuor	Arnaldoa	12(1-2): 57 (figs. 3, 6)	2005						Oxapampa (Pasco, Peru, Western South America, Southern America)	tax. nov.	1815-8242	\N	139956	\N	\N	\N	\N	\N	\N
60445558-2	1.1	Solanaceae		N	Deprea		N	cuyacensis		spec.	(N.W.Sawyer & S.Leiva) S.Leiva & Lezama	(N.W.Sawyer & S.Leiva)	S.Leiva & Lezama	Deprea cuyacensis	Arnaldoa	12(1-2): 63	2005			Solanaceae Larnax cuyacensis N.W.Sawyer & S.Leiva				comb. nov.	1815-8242	\N	139986	\N	\N	\N	\N	\N	\N
60445559-2	1.1	Solanaceae		N	Iochroma		N	albianthum		spec.	S.Leiva		S.Leiva	Iochroma albianthum	Arnaldoa	12(1-2): 72 (-76; figs. 1-2, 4D1)	2005		Etymology: specific epthet refers to the white color of the flowers				Ayabaca (Piura, Peru, Western South America, Southern America)	tax. nov.	1815-8242	\N	139982	\N	\N	\N	\N	\N	\N
60445560-2	1.1	Solanaceae		N	Iochroma		N	ayabacense		spec.	S.Leiva		S.Leiva	Iochroma ayabacense	Arnaldoa	12(1-2): 76 (-80; figs. 3-4)	2005						Ayabaca (Piura, Peru, Western South America, Southern America)	tax. nov.	1815-8242	\N	139982	\N	\N	\N	\N	\N	\N
60445563-2	1.1	Vochysiaceae		N	Vochysia		N	kosnipatae		spec.	Huamantupa		Huamantupa	Vochysia kosnipatae	Arnaldoa	12(1-2): 82 (-85; figs. 1-3)	2005		"specific name is dedicated to the ""Valley of Kosñipata."""				Paucartambo (Cuzco, Peru, Western South America, Southern America)	tax. nov.	1815-8242	\N	\N	\N	\N	\N	\N	\N	\N
60445564-2	1.1	Solanaceae		N	Iochroma		N	tupayachianum		spec.	S.Leiva		S.Leiva	Iochroma tupayachianum	Arnaldoa	13(2): 277 (276-281; figs. 1-2)	2006 [Dec 2006]		specific name honors:  Alfredo Tupayachi Herrera (1950-; CUZ).				Otuzco (La Libertad, Peru, Western South America, Southern America)	tax. nov.	1815-8242	\N	139979	\N	\N	\N	\N	\N	\N
60445565-2	1.1.2.1	Solanaceae		N	Jaltomata		N	alviteziana		spec.	S.Leiva		S.Leiva	Jaltomata alviteziana	Arnaldoa	13(2): 283 (-285; fig. 1)	2006 [Dec 2006]		specific name honors: Máximino Alvítez Vásquez				San Marcos (Cajamarca, Peru, Western South America, Southern America)	tax. nov.	1815-8242	\N	139980	\N	\N	\N	\N	\N	\N
60445566-2	1.1.2.1	Solanaceae		N	Jaltomata		N	dilloniana		spec.	S.Leiva		S.Leiva	Jaltomata dilloniana	Arnaldoa	13(2): 286 (-289; figs. 2-3)	2006 [Dec 2006]		specific name honors: Michael O. Dillon (1947-)				Apurímac (Peru, Western South America, Southern America)	tax. nov.	1815-8242	\N	139980	\N	\N	\N	\N	\N	\N
60445567-2	1.2	Solanaceae		N	Larnax		N	bongaraensis		spec.	S.Leiva		S.Leiva	Larnax bongaraensis	Arnaldoa	13(2): 292 (-295; figs. 1-2)	2006 [Dec 2006]		"as ""bongaraense"""				Bongará (Amazonas, Peru, Western South America, Southern America)	tax. nov.	1815-8242	\N	139981	\N	\N	\N	\N	\N	\N
60445568-2	1.1	Solanaceae		N	Larnax		N	maculatifolia		spec.	E.Rodr. & S.Leiva		E.Rodr. & S.Leiva	Larnax maculatifolia	Arnaldoa	13(2): 295 (-299; figs. 3-4)	2006 [Dec 2006]		specific epithet refers to: discolorous leaves with upper surfaces varigated with white spots				Bagua (Amazonas, Peru, Western South America, Southern America)	tax. nov.	1815-8242	\N	139981	\N	\N	\N	\N	\N	\N
60445569-2	1.1.2.1.1.1	Solanaceae		N	Larnax		N	pomacochaensis		spec.	S.Leiva		S.Leiva	Larnax pomacochaensis	Arnaldoa	13(2): 299 (-302; figs. 5-6)	2006 [Dec 2006]		"as ""pomacochaense"""				Bongará (Amazonas, Peru, Western South America, Southern America)	tax. nov.	1815-8242	\N	139981	\N	\N	\N	\N	\N	\N
60445570-2	1.1	Solanaceae		N	Markea		N	vasquezii		spec.	E.Rodr.		E.Rodr.	Markea vasquezii	Arnaldoa	13(2): 308 (306-313; figs. 1-3)	2006 [Dec 2006]						Bagua (Amazonas, Peru, Western South America, Southern America)	tax. nov.	1815-8242	\N	139999	\N	\N	\N	\N	\N	\N
60447134-2	1.1.2.3	Gentianaceae		N	Gentianella		N	bicolor		spec.	(Wedd.) Fabris ex J.S.Pringle	(Wedd.)	Fabris ex J.S.Pringle	Gentianella bicolor	Arnaldoa	14(1): 143	2007 [Jul 2007]		"J. S. Pringle cited as ""J. S. Pringue"""	Gentianaceae Gentiana bicolor Wedd.				comb. nov.	1815-8242	\N	140050	\N	\N	\N	\N	\N	\N
60447807-2	1.2	Solanaceae		N	Browallia		N	dilloniana		spec.	Limo, K.Lezama & S.Leiva		Limo, K.Lezama & S.Leiva	Browallia dilloniana	Arnaldoa	14(1): 16 (15-21; figs. 1-2)	2007 [Jul 2007]		specific name honors: Michael O. Dillon (1947-).				Otuzco (La Libertad, Peru, Western South America, Southern America)	tax. nov.	1815-8242	\N	140054	\N	\N	\N	\N	\N	\N
60447808-2	1.1	Solanaceae		N	Iochroma		N	smithianum		spec.	K.Lezama, Limo & S.Leiva		K.Lezama, Limo & S.Leiva	Iochroma smithianum	Arnaldoa	14(1): 24 (23-28; FIGS. 1-2)	2007 [Jul 2007]		specific name honors: Stacey D. Smith (WIS).				Otuzco (La Libertad, Peru, Western South America, Southern America)	tax. nov.	1815-8242	\N	140055	\N	\N	\N	\N	\N	\N
60447809-2	1.1	Solanaceae		N	Jaltomata		N	dendroidea		spec.	S.Leiva & Mione		S.Leiva & Mione	Jaltomata dendroidea	Arnaldoa	14(1): 31 (-35; figs. 1-2)	2007 [Jul 2007]						Patáz (La Libertad, Peru, Western South America, Southern America)	tax. nov.	1815-8242	\N	140056	\N	\N	\N	\N	\N	\N
60447810-2	1.1	Solanaceae		N	Jaltomata		N	nigricolor		spec.	S.Leiva & Mione		S.Leiva & Mione	Jaltomata nigricolor	Arnaldoa	14(1): 35 (-39; figs. 3-4)	2007 [Jul 2007]						Patáz (La Libertad, Peru, Western South America, Southern America)	tax. nov.	1815-8242	\N	140056	\N	\N	\N	\N	\N	\N
60447811-2	1.1	Solanaceae		N	Jaltomata		N	sanchez-vegae		spec.	S.Leiva & Mione		S.Leiva & Mione	Jaltomata sanchez-vegae	Arnaldoa	14(1): 39 (-43; figs. 5-6)	2007 [Jul 2007]						Cajamarca (Cajamarca, Peru, Western South America, Southern America)	tax. nov.	1815-8242	\N	140056	\N	\N	\N	\N	\N	\N
60447812-2	1.1.2.2	Solanaceae		N	Nicandra		N	john-tyleriana		spec.	S.Leiva & Pereyra		S.Leiva & Pereyra	Nicandra john-tyleriana	Arnaldoa	14(1): 46 (45-52; figs. 1-2)	2007 [Jul 2007]		"specific name honors: ""Sr. John Tyler"""				Otuzco (La Libertad, Peru, Western South America, Southern America)	tax. nov.	1815-8242	\N	140059	\N	\N	\N	\N	\N	\N
60447813-2	1.1	Solanaceae		N	Salpichroa		N	leucantha		spec.	Pereyra, Quip. & S.Leiva		Pereyra, Quip. & S.Leiva	Salpichroa leucantha	Arnaldoa	14(1): 54 (53-59; figs. 1-2)	2007 [Jul 2007]						Otuzco (La Libertad, Peru, Western South America, Southern America)	tax. nov.	1815-8242	\N	140057	\N	\N	\N	\N	\N	\N
60447814-2	1.1	Loasaceae		N	Nasa		N	weberbaueri		spec.	(Urb. & Gilg) Weigend	(Urb. & Gilg)	Weigend	Nasa weberbaueri	Arnaldoa	14(1): 145	2007 [Jul 2007]			Loasaceae Loasa weberbaueri Urb. & Gilg				comb. nov.	1815-8242	\N	\N	\N	\N	\N	\N	\N	\N
60453956-2	1.2	Asteraceae		N	Nordenstamia		N	magnifolia		spec.	H.Beltrán & J.Campos		H.Beltrán & J.Campos	Nordenstamia magnifolia	Arnaldoa	16(1): 37 (-40; figs. 1-2)	2009 [Aug 2009]						Luya (Amazonas, Peru, Western South America, Southern America)	tax. nov.	1815-8242	\N	140038	\N	\N	\N	\N	\N	\N
60456181-2	1.1	Asteraceae		N	Xenophyllum		N	oscartovarii		spec.	Linares, J.Campos, Nauray, Vicente Orell. & A.Galán		Linares, J.Campos, Nauray, Vicente Orell. & A.Galán	Xenophyllum oscartovarii	Arnaldoa	17(1): 104 (-105; figs. 1-2)	2010		"Eponymy: ""Especie dedicada a la memoria de nuestro amigo y maestro Oscar Tovar Serpa, agrostólogo y eminente profesor que nos supo enseñar la flora y la fitogeografía peruanas desde la Universidad Nacional Mayor de San Marcos a través de sus conversacio				Arequipa (Peru, Western South America, Southern America)	tax. nov.	1815-8242	\N	140048	\N	\N	\N	\N	\N	\N
60456387-2	1.3.2.1	Poaceae		N	Chusquea		N	fimbriligulata	peruviana	subsp.	(L.G.Clark) L.G.Clark ex B.León & J.Roque	(L.G.Clark)	L.G.Clark ex B.León & J.Roque	Chusquea fimbriligulata subsp. peruviana	Arnaldoa	17(1): 53	2011 [dt. 2010; issued May 2011]			Poaceae Neurolepis fimbriligulata L.G.Clark				comb. nov.	1815-8242	\N	140046	\N	\N	\N	\N	\N	\N
60456388-2	1.2.2.1	Valerianaceae		N	Valeriana		N	rigida	tenuifolia	var.	(Ruiz & Pav.) B.Eriksen ex B.León & J.Roque	(Ruiz & Pav.)	B.Eriksen ex B.León & J.Roque	Valeriana rigida var. tenuifolia	Arnaldoa	17(1): 53	2011 [dt. 2010; issued May 2011]			Valerianaceae Valeriana tenuifolia Ruiz & Pav.				comb. et. stat. nov.	1815-8242	\N	140046	\N	\N	\N	\N	\N	\N
60456830-2	1.3	Clusiaceae		N	Chrysochlamys		N	chrisharonii		spec.	Vásquez & R.Rojas		Vásquez & R.Rojas	Chrysochlamys chrisharonii	Arnaldoa	16(2): 26 (23-28; figs. 1-2)	2010 [2009 publ. Feb 2010]		Eponymy: Christopher Davidson & Sharon Rosalie Christoph				Oxapampa (Pasco, Peru, Western South America, Southern America)	tax. nov.	1815-8242	\N	\N	\N	\N	\N	\N	\N	\N
60456968-2	1.1.2.1.1.1	Elaeocarpaceae		N	Sloanea		N	gladysiae		spec.	Vásquez		Vásquez	Sloanea gladysiae	Arnaldoa	16(2): 42 (-44, 34-46; fig. 1)	2010 [2009 publ. Feb 2010]		Eponymy: Maria Gladys Chavez Chota				Loreto (Peru, Western South America, Southern America)	tax. nov.	1815-8242	\N	\N	\N	\N	\N	\N	\N	\N
60457071-2	1.1.2.1.1.1	Elaeocarpaceae		N	Sloanea		N	grandezii		spec.	Vásquez		Vásquez	Sloanea grandezii	Arnaldoa	16(2): 44 (-47, 34-46; fig. 2)	2010 [2009 publ. Feb 2010]		Eponymy: Cesar Grández Rios (1956-)				Loreto (Peru, Western South America, Southern America)	tax. nov.	1815-8242	\N	\N	\N	\N	\N	\N	\N	\N
60457072-2	1.2	Elaeocarpaceae		N	Sloanea		N	potsniroki		spec.	Vásquez		Vásquez	Sloanea potsniroki	Arnaldoa	16(2): 48 (-51, 34-36; fig. 3)	2010 [2009 publ. Feb 2010]		"Etymology: in alusion al nombre vernacular de los arboles de Sloanea en la lengua Ashaninca."""				Oxapampa (Pasco, Peru, Western South America, Southern America)	tax. nov.	1815-8242	\N	\N	\N	\N	\N	\N	\N	\N
77087114-1	1.2	Alstroemeriaceae		N	Bomarea		N	alstroemerioides		spec.	Hofreiter & E.Rodr.		Hofreiter & E.Rodr.	Bomarea alstroemerioides	Arnaldoa	11(2): 23 (-27; figs. 1-2)	2004 [Dec 2004]		"as ""alstroemeroides"""				Peru (Western South America, Southern America)	tax. nov.	1815-8242	\N	139974	\N	\N	\N	\N	\N	\N
77098076-1	1.1.2.1	Asteraceae		N	Senecio		N	sanmarcosensis		spec.	H.Beltrán		H.Beltrán	Senecio sanmarcosensis	Arnaldoa	15(2): 211 (-212; fig. 1)	2009 [dt. 2008; issued Jan 2009]						Huari (Ancash, Peru, Western South America, Southern America)	tax. nov.	1815-8242	\N	\N	\N	\N	\N	\N	\N	\N
77098077-1	1.1.2.1	Asteraceae		N	Senecio		N	pucapampaensis		spec.	H.Beltrán		H.Beltrán	Senecio pucapampaensis	Arnaldoa	15(2): 212 (-215; fig. 2)	2009 [dt. 2008; issued Jan 2009]						Huancavelica (Peru, Western South America, Southern America)	tax. nov.	1815-8242	\N	\N	\N	\N	\N	\N	\N	\N
77098971-1	1.1	Solanaceae		N	Nolana		N	aenigma		spec.	M.O.Dillon, S.Leiva & Quip.		M.O.Dillon, S.Leiva & Quip.	Nolana aenigma	Arnaldoa	14(2): 172 (-174; figs. 1-3)	2007						Peru (Western South America, Southern America)	tax. nov.	1815-8242	\N	140031	\N	\N	\N	\N	\N	\N
77098975-1	1.1	Solanaceae		N	Nolana		N	arequipensis		spec.	M.O.Dillon & Quip.		M.O.Dillon & Quip.	Nolana arequipensis	Arnaldoa	14(2): 175 (-176; fig. 4)	2007						Peru (Western South America, Southern America)	tax. nov.	1815-8242	\N	140031	\N	\N	\N	\N	\N	\N
77098976-1	1.2	Solanaceae		N	Nolana		N	chancoana		spec.	M.O.Dillon & Quip.		M.O.Dillon & Quip.	Nolana chancoana	Arnaldoa	14(2): 177 (-180; figs. 5-6)	2007		Named after Dra. Magda Chanco.				Peru (Western South America, Southern America)	tax. nov.	1815-8242	\N	140031	\N	\N	\N	\N	\N	\N
77098984-1	1.2	Loasaceae		N	Nasa		N	weigendii		spec.	E.Rodr.		E.Rodr.	Nasa weigendii	Arnaldoa	15(1): 22 (21-29; figs. 2-5, map)	2008 [Aug 2008]						Peru (Western South America, Southern America)	tax. nov.	1815-8242	\N	139998	\N	\N	\N	\N	\N	\N
77098985-1	1.1	Asteraceae		N	Caxamarca		N	ayabacensis		spec.	S.Leiva, Zapata & M.O.Dillon		S.Leiva, Zapata & M.O.Dillon	Caxamarca ayabacensis	Arnaldoa	15(2): 178 (177-183; figs. 1-2)	2009 [2008 publ. Jan 2009]		"as ""ayabacense"""				Peru (Western South America, Southern America)	tax. nov.	1815-8242	\N	\N	\N	\N	\N	\N	\N	\N
77098986-1	1.2	Solanaceae		N	Jaltomata		N	guillermo-guerrae		spec.	Mione & S.Leiva		Mione & S.Leiva	Jaltomata guillermo-guerrae	Arnaldoa	15(2): 186 (-191; figs. 1-2)	2009 [2008 publ. Jan 2009]						Peru (Western South America, Southern America)	tax. nov.	1815-8242	\N	\N	\N	\N	\N	\N	\N	\N
77098987-1	1.3	Solanaceae		N	Jaltomata		N	truxillana		spec.	S.Leiva & Mione		S.Leiva & Mione	Jaltomata truxillana	Arnaldoa	15(2): 191 (-195; figs. 3-4)	2009 [2008 publ. Jan 2009]						Peru (Western South America, Southern America)	tax. nov.	1815-8242	\N	\N	\N	\N	\N	\N	\N	\N
77098990-1	1.1	Solanaceae		N	Larnax		N	chotanae		spec.	S.Leiva, Pereyra & Barboza		S.Leiva, Pereyra & Barboza	Larnax chotanae	Arnaldoa	15(2): 203 (-207; figs. 3-4)	2009 [2008 publ. Jan 2009]						Peru (Western South America, Southern America)	tax. nov.	1815-8242	\N	\N	\N	\N	\N	\N	\N	\N
77098991-1	1.1	Solanaceae		N	Larnax		N	altomayoensis		spec.	S.Leiva & Quip.		S.Leiva & Quip.	Larnax altomayoensis	Arnaldoa	15(2): 199 (-203; figs. 1-2)	2009 [2008 publ. Jan 2009]		"as ""altomayoense"""				Peru (Western South America, Southern America)	tax. nov.	1815-8242	\N	\N	\N	\N	\N	\N	\N	\N
77098992-1	1.2	Solanaceae		N	Jaltomata		N	pallascana		spec.	(Bitter) Mione	(Bitter)	Mione	Jaltomata pallascana	Arnaldoa	15(2): 287	2009 [2008 publ. Jan 2009]			Solanaceae Saracha weberbaueri  subsp. pallascana Bitter				comb. et. stat. nov.	1815-8242	\N	\N	\N	\N	\N	\N	\N	\N
77098993-1	1.1	Solanaceae		N	Nolana		N	chapiensis		spec.	M.O.Dillon & Quip.		M.O.Dillon & Quip.	Nolana chapiensis	Arnaldoa	14(2): 180 (-184; figs. 7-9)	2007						Peru (Western South America, Southern America)	tax. nov.	1815-8242	\N	140031	\N	\N	\N	\N	\N	\N
77098994-1	1.1	Solanaceae		N	Nolana		N	lezamae		spec.	M.O.Dillon, S.Leiva & Quip.		M.O.Dillon, S.Leiva & Quip.	Nolana lezamae	Arnaldoa	14(2): 184 (-187; figs. 10-11)	2007		Named after Mg. Pedro Lezama Asencio.				Peru (Western South America, Southern America)	tax. nov.	1815-8242	\N	140031	\N	\N	\N	\N	\N	\N
77098995-1	1.4	Solanaceae		N	Nolana		N	dianae		spec.	M.O.Dillon		M.O.Dillon	Nolana dianae	Arnaldoa	14(2): 192 (-196, 205; figs. 1-3, 10A-B)	2007		Named after Ms. Diane O'Donnell Moran Dillon.				Antofagasta (Chile North, Southern South America, Southern America)	tax. nov.	1815-8242	\N	140032	\N	\N	\N	\N	\N	\N
77098996-1	1.3	Solanaceae		N	Nolana		N	lachimbensis		spec.	M.O.Dillon & Luebert		M.O.Dillon & Luebert	Nolana lachimbensis	Arnaldoa	14(2): 196 (-199; figs. 4-5)	2007						Antofagasta (Chile North, Southern South America, Southern America)	tax. nov.	1815-8242	\N	140032	\N	\N	\N	\N	\N	\N
77098997-1	1.2	Solanaceae		N	Nolana		N	onoana		spec.	M.O.Dillon & M.Nakaz.		M.O.Dillon & M.Nakaz.	Nolana onoana	Arnaldoa	14(2): 199 (-203, 205; figs. 6-8, 10C-D)	2007		Named after Dr. Mikio Ono.				Antofagasta (Chile North, Southern South America, Southern America)	tax. nov.	1815-8242	\N	140032	\N	\N	\N	\N	\N	\N
77098998-1	1.1	Solanaceae		N	Nolana		N	philippiana		spec.	M.O.Dillon & Luebert		M.O.Dillon & Luebert	Nolana philippiana	Arnaldoa	14(2): 203 (-207; figs. 9, 11)	2007		Named after Rudolph Amandus Philippi (1808-1904).				Antofagasta (Chile North, Southern South America, Southern America)	tax. nov.	1815-8242	\N	140032	\N	\N	\N	\N	\N	\N
77099001-1	1.2	Solanaceae		N	Nolana		N	reichei		spec.	M.O.Dillon & Arancio		M.O.Dillon & Arancio	Nolana reichei	Arnaldoa	14(2): 207 (-211; figs. 12-13, 14A-D)	2007		Named after Dr Karl Friedrich Reiche (1860-1929).				Coquimbo (Chile Central, Southern South America, Southern America)	tax. nov.	1815-8242	\N	140032	\N	\N	\N	\N	\N	\N
77099004-1	1.2	Solanaceae		N	Iochroma		N	piuranum		spec.	S.Leiva		S.Leiva	Iochroma piuranum	Arnaldoa	14(2): 214 (-218; figs. 1-2)	2007						Peru (Western South America, Southern America)	tax. nov.	1815-8242	\N	140035	\N	\N	\N	\N	\N	\N
77099008-1	1.2	Solanaceae		N	Jaltomata		N	chotanae		spec.	S.Leiva & Mione		S.Leiva & Mione	Jaltomata chotanae	Arnaldoa	14(2): 221 (-225; figs. 1-2)	2007						Peru (Western South America, Southern America)	tax. nov.	1815-8242	\N	140036	\N	\N	\N	\N	\N	\N
77099011-1	1.1	Solanaceae		N	Jaltomata		N	grandibaccata		spec.	S.Leiva & Mione		S.Leiva & Mione	Jaltomata grandibaccata	Arnaldoa	14(2): 225 (-229; figs. 3-4)	2007						Peru (Western South America, Southern America)	tax. nov.	1815-8242	\N	140036	\N	\N	\N	\N	\N	\N
77099014-1	1.1	Solanaceae		N	Jaltomata		N	pilosissima		spec.	S.Leiva		S.Leiva	Jaltomata pilosissima	Arnaldoa	14(2): 229 (-233; figs. 5-6)	2007						Peru (Western South America, Southern America)	tax. nov.	1815-8242	\N	140036	\N	\N	\N	\N	\N	\N
77099025-1	1.1	Solanaceae		N	Jaltomata		N	tayabambae		spec.	S.Leiva & Mione		S.Leiva & Mione	Jaltomata tayabambae	Arnaldoa	14(2): 233 (-237; figs. 7-8)	2007						Peru (Western South America, Southern America)	tax. nov.	1815-8242	\N	140036	\N	\N	\N	\N	\N	\N
77105091-1	1.2	Magnoliaceae		N	Magnolia		N	bankardiorum		spec.	M.O.Dillon & Sánchez Vega		M.O.Dillon & Sánchez Vega	Magnolia bankardiorum	Arnaldoa	16(1): 7 (-12; figs. 1-3)	2009 [Aug 2009]		Etymology: specific name honors Susan & James Bankard				San Martín (Peru, Western South America, Southern America)	tax. nov.	1815-8242	\N	140044	\N	\N	\N	\N	\N	\N
77105092-1	1.3	Solanaceae		N	Iochroma		N	lilacinum		spec.	S.Leiva & K.Lezama		S.Leiva & K.Lezama	Iochroma lilacinum	Arnaldoa	16(1): 14 (-18; figs. 1-2)	2009 [Aug 2009]						La Libertad (Peru, Western South America, Southern America)	tax. nov.	1815-8242	\N	140041	\N	\N	\N	\N	\N	\N
77105093-1	1.2	Solanaceae		N	Iochroma		N	tingoanum		spec.	S.Leiva		S.Leiva	Iochroma tingoanum	Arnaldoa	16(1): 18 (-22; figs. 3-4)	2009 [Aug 2009]						Chachapoyas (Amazonas, Peru, Western South America, Southern America)	tax. nov.	1815-8242	\N	140041	\N	\N	\N	\N	\N	\N
77105094-1	1.2	Clusiaceae		N	Clusia		N	rigida		spec.	M.H.G.Gust.		M.H.G.Gust.	Clusia rigida	Arnaldoa	16(1): 27 (25-28; figs. 1-2)	2009 [Aug 2009]						Chachapoyas (Amazonas, Peru, Western South America, Southern America)	tax. nov.	1815-8242	\N	140040	\N	\N	\N	\N	\N	\N
77105095-1	1.1.2.1.1.1	Solanaceae		N	Larnax		N	abra-patriciae		spec.	S.Leiva & Barboza		S.Leiva & Barboza	Larnax abra-patriciae	Arnaldoa	16(1): 30 (29-36; figs. 1-2)	2009 [Aug 2009]						Bongará (Amazonas, Peru, Western South America, Southern America)	tax. nov.	1815-8242	\N	140039	\N	\N	\N	\N	\N	\N
77114135-1	1.2	Solanaceae		N	Larnax		N	pedrazae		spec.	S.Leiva & Barboza		S.Leiva & Barboza	Larnax pedrazae	Arnaldoa	16(2): 30 (29-36; figs. 1-2)	2010 [2009 publ. Feb 2010]						Bagua (Amazonas, Peru, Western South America, Southern America)	tax. nov.	1815-8242	\N	\N	\N	\N	\N	\N	\N	\N
77118663-1	1.2	Elaeocarpaceae		N	Sloanea		N	rojasiae		spec.	Vásquez		Vásquez	Sloanea rojasiae	Arnaldoa	16(2): 57 (-59; fig. 4)	2010 [2009 publ. Feb 2010]						Peru (Western South America, Southern America)	tax. nov.	1815-8242	\N	\N	\N	\N	\N	\N	\N	\N
77118664-1	1.2	Asteraceae		N	Angeldiazia		N			gen.	M.O.Dillon & Zapata		M.O.Dillon & Zapata	Angeldiazia	Arnaldoa	17(1): 19	2010 [Dec 2010]							tax. nov.	1815-8242	\N	140042	\N	\N	\N	\N	\N	\N
77118665-1	1.1	Asteraceae		N	Angeldiazia		N	weigendii		spec.	M.O.Dillon & Zapata		M.O.Dillon & Zapata	Angeldiazia weigendii	Arnaldoa	17(1): 22 (-23; figs.)	2010 [Dec 2010]						Peru (Western South America, Southern America)	tax. nov.	1815-8242	\N	140042	\N	\N	\N	\N	\N	\N
77118668-1	1.1	Solanaceae		N	Nicandra		N	yacheriana		spec.	S.Leiva		S.Leiva	Nicandra yacheriana	Arnaldoa	17(1): 26 (25-31; figs.)	2010 [Dec 2010]						Peru (Western South America, Southern America)	tax. nov.	1815-8242	\N	140047	\N	\N	\N	\N	\N	\N
77118669-1	1.1	Solanaceae		N	Jaltomata		N	parviflora		spec.	S.Leiva & Mione		S.Leiva & Mione	Jaltomata parviflora	Arnaldoa	17(1): 34 (33-39; figs.)	2010 [Dec 2010]						Peru (Western South America, Southern America)	tax. nov.	1815-8242	\N	140058	\N	\N	\N	\N	\N	\N
77119165-1	1.1	Solanaceae		N	Browallia		N	sandrae		spec.	S.Leiva, Farruggia & Tepe		S.Leiva, Farruggia & Tepe	Browallia sandrae	Arnaldoa	17(2): 156	2011 [2010 publ. Apr 2011]						Peru (Western South America, Southern America)	tax. nov.	1815-8242	\N	\N	\N	\N	\N	\N	\N	\N
77119166-1	1.1	Solanaceae		N	Jaltomata	modillonia	N			sect.	S.Leiva & Mione		S.Leiva & Mione	Jaltomata sect. Modillonia	Arnaldoa	17(2): 165	2011 [2010 publ. Apr 2011]							tax. nov.	1815-8242	\N	\N	\N	\N	\N	\N	\N	\N
77119167-1	1.1	Solanaceae		N	Jaltomata		N	calliantha		spec.	S.Leiva & Mione		S.Leiva & Mione	Jaltomata calliantha	Arnaldoa	17(2): 165	2011 [2010 publ. Apr 2011]						Peru (Western South America, Southern America)	tax. nov.	1815-8242	\N	\N	\N	\N	\N	\N	\N	\N
972920-1	1.4	Asteraceae		N	Verbesina		N	dilloniana		spec.	Sagást.		Sagást.	Verbesina dilloniana	Arnaldoa	1(1): 1	1991						Peru.	tax. nov.	1815-8242	\N	140004	\N	\N	\N	\N	\N	\N
972921-1	1.4	Asteraceae		N	Verbesina		N	fuscicaulis		spec.	Sagást.		Sagást.	Verbesina fuscicaulis	Arnaldoa	1(1): 3	1991						Peru.	tax. nov.	1815-8242	\N	140004	\N	\N	\N	\N	\N	\N
972922-1	1.4	Asteraceae		N	Verbesina		N	plowmanii		spec.	Sagást.		Sagást.	Verbesina plowmanii	Arnaldoa	1(1): 6	1991						Peru.	tax. nov.	1815-8242	\N	139965	\N	\N	\N	\N	\N	\N
972923-1	1.5	Poaceae		N	Piptochaetium		N	sagasteguii		spec.	Sánchez Vega		Sánchez Vega	Piptochaetium sagasteguii	Arnaldoa	1(1): 17	1991						Peru.	tax. nov.	1815-8242	\N	133708	\N	\N	\N	\N	\N	\N
972924-1	1.5	Poaceae		N	Piptochaetium		N	tovarii		spec.	Sánchez Vega		Sánchez Vega	Piptochaetium tovarii	Arnaldoa	1(1): 25	1991						Peru.	tax. nov.	1815-8242	\N	133708	\N	\N	\N	\N	\N	\N
972925-1	1.6	Poaceae		N	Piptochaetium		N	tovarii	pilosum	subsp.	Sánchez Vega		Sánchez Vega	Piptochaetium tovarii subsp. pilosum	Arnaldoa	1(1): 29, as 'pilosa'	1991						Peru.	tax. nov.	1815-8242	\N	133708	\N	\N	\N	\N	\N	\N
972926-1	1.5	Asteraceae		N	Chuquiraga		N	oblongifolia		spec.	Sagást. & Sánchez Vega		Sagást. & Sánchez Vega	Chuquiraga oblongifolia	Arnaldoa	1(2): 1	1992 [1991 publ. 1992]						Peru.	tax. nov.	1815-8242	\N	\N	\N	\N	\N	\N	\N	\N
972927-1	1.2.2.1.1.2	Asteraceae		N	Parachionolaena		N			gen.	M.O.Dillon & Sagást.		M.O.Dillon & Sagást.	Parachionolaena	Arnaldoa	1(2): 42	1992 [1991 publ. 1992]							tax. nov.	1815-8242	\N	\N	\N	\N	\N	\N	\N	\N
972928-1	1.3.2.1.1.1	Asteraceae		N	Parachionolaena		N	colombiana		spec.	(S.F.Blake) M.O.Dillon & Sagást.	(S.F.Blake)	M.O.Dillon & Sagást.	Parachionolaena colombiana	Arnaldoa	1(2): 43, 44, without exact basionym page:	1992 [1991 publ. 1992]			Asteraceae Chionolaena colombiana				comb. nov.	1815-8242	\N	\N	\N	\N	\N	\N	\N	\N
977342-1	1.3.2.1.1.1	Asteraceae		N	Trixis		N	montesecoensis		spec.	Sagást. & M.O.Dillon		Sagást. & M.O.Dillon	Trixis montesecoensis	Arnaldoa	1(3): 10	1993						Peru.	tax. nov.	1815-8242	\N	\N	\N	\N	\N	\N	\N	\N
982531-1	1.3.2.1.1.1	Asteraceae		N	Oligactis		N	cuatrecasasii		spec.	M.O.Dillon & Sagást.		M.O.Dillon & Sagást.	Oligactis cuatrecasasii	Arnaldoa	2(2): 25	1995 [1994 publ. 1995]						Peru;Ecuador.;	tax. nov.	1815-8242	\N	\N	\N	\N	\N	\N	\N	\N
982532-1	1.3.2.1.1.1	Asteraceae		N	Chrysactinium		N	breviscapum		spec.	Sagást. & M.O.Dillon		Sagást. & M.O.Dillon	Chrysactinium breviscapum	Arnaldoa	2(2): 31	1995 [1994 publ. 1995]						Peru.	tax. nov.	1815-8242	\N	\N	\N	\N	\N	\N	\N	\N
982533-1	1.6	Asteraceae		N	Coreopsis		N	dentifolia		spec.	Sánchez Vega, Sagást. & D.J.Crawford		Sánchez Vega, Sagást. & D.J.Crawford	Coreopsis dentifolia	Arnaldoa	2(2): 37	1995 [1994 publ. 1995]						Peru.	tax. nov.	1815-8242	\N	\N	\N	\N	\N	\N	\N	\N
982534-1	1.6	Asteraceae		N	Coreopsis		N	dilloniana		spec.	Sánchez Vega, Sagást. & D.J.Crawford		Sánchez Vega, Sagást. & D.J.Crawford	Coreopsis dilloniana	Arnaldoa	2(2): 40	1995 [1994 publ. 1995]						Peru.	tax. nov.	1815-8242	\N	\N	\N	\N	\N	\N	\N	\N
982535-1	1.6	Asteraceae		N	Coreopsis		N	helleborifolia		spec.	Sánchez Vega, Sagást. & D.J.Crawford		Sánchez Vega, Sagást. & D.J.Crawford	Coreopsis helleborifolia	Arnaldoa	2(2): 42	1995 [1994 publ. 1995]						Peru.	tax. nov.	1815-8242	\N	\N	\N	\N	\N	\N	\N	\N
982536-1	1.4	Pontederiaceae		N	Heteranthera		N	limosa	rotundifolia	subsp.	(Kunth) A.Galán	(Kunth)	A.Galán	Heteranthera limosa subsp. rotundifolia	Arnaldoa	2(2): 54	1995 [1994 publ. 1995]			Pontederiaceae Heteranthera limosa Willd. var. rotundifolia				comb. nov.	1815-8242	\N	\N	\N	\N	\N	\N	\N	\N
986660-1	1.4	Solanaceae		N	Iochroma		N	edule		spec.	S.Leiva		S.Leiva	Iochroma edule	Arnaldoa	3(1): 41	1995						Peru.	tax. nov.	1815-8242	\N	139977	\N	\N	\N	\N	\N	\N
989706-1	1.6	Asteraceae		N	Verbesina		N	monactioides		spec.	Sagást., S.Leiva & Lezama		Sagást., S.Leiva & Lezama	Verbesina monactioides	Arnaldoa	3(2): 7	1996 [1995 publ. 1996]						Peru.	tax. nov.	1815-8242	\N	\N	\N	\N	\N	\N	\N	\N
989707-1	1.6	Asteraceae		N	Verbesina		N	pauciramea		spec.	Sagást., S.Leiva & Lezama		Sagást., S.Leiva & Lezama	Verbesina pauciramea	Arnaldoa	3(2): 9	1996 [1995 publ. 1996]						Peru.	tax. nov.	1815-8242	\N	\N	\N	\N	\N	\N	\N	\N
989708-1	1.5	Solanaceae		N	Browallia		N	mirabilis		spec.	S.Leiva		S.Leiva	Browallia mirabilis	Arnaldoa	3(2): 14	1996 [1995 publ. 1996]						Peru.	tax. nov.	1815-8242	\N	\N	\N	\N	\N	\N	\N	\N
994471-1	1.4	Asteraceae		N	Verbesina		N	albissima		spec.	Sagást.		Sagást.	Verbesina albissima	Arnaldoa	4(1): 7	1996						Peru.	tax. nov.	1815-8242	\N	\N	\N	\N	\N	\N	\N	\N
994472-1	1.4	Asteraceae		N	Verbesina		N	capituliparva		spec.	Sagást.		Sagást.	Verbesina capituliparva	Arnaldoa	4(1): 10	1996						Peru.	tax. nov.	1815-8242	\N	\N	\N	\N	\N	\N	\N	\N
994473-1	1.4	Solanaceae		N	Larnax		N	purpurea		spec.	S.Leiva		S.Leiva	Larnax purpurea	Arnaldoa	4(1): 16	1996						Peru.	tax. nov.	1815-8242	\N	139978	\N	\N	\N	\N	\N	\N
994474-1	1.4	Solanaceae		N	Larnax		N	lutea		spec.	S.Leiva		S.Leiva	Larnax lutea	Arnaldoa	4(1): 19	1996						Peru.	tax. nov.	1815-8242	\N	139978	\N	\N	\N	\N	\N	\N
