1004660-1	1.5	Acanthaceae		N	Brillantaisia		N	riparia		spec.	(Vollesen & Brummitt) Sidwell	(Vollesen & Brummitt)	Sidwell	Brillantaisia riparia	Bull. Nat. Hist. Mus. London, Bot.	28(2): 86	1998			Acanthaceae Brillantaisia pubescens T.Anderson ex Oliv. var. riparia Vollesen & Brummitt				comb. nov.	0968-0446	\N	\N	\N	\N	\N	\N	\N	\N
1004661-1	1.4	Acanthaceae		N	Brillantaisia		N	stenopteris		spec.	Sidwell		Sidwell	Brillantaisia stenopteris	Bull. Nat. Hist. Mus. London, Bot.	28(2): 89	1998						Tanzania.	tax. nov.	0968-0446	\N	\N	\N	\N	\N	\N	\N	\N
1008180-1	1.4	Malvaceae		N	Hibiscus		N	goossensii		spec.	(Hauman) F.D.Wilson	(Hauman)	F.D.Wilson	Hibiscus goossensii	Bull. Nat. Hist. Mus. London, Bot.	29(1): 56	1999			Malvaceae Hibiscus rostellatus Guill. & Perr. var. goossensii				comb. nov.	0968-0446	\N	\N	\N	\N	\N	\N	\N	\N
1008181-1	1.4	Malvaceae		N	Hibiscus		N	partitus		spec.	(Hochr.) F.D.Wilson	(Hochr.)	F.D.Wilson	Hibiscus partitus	Bull. Nat. Hist. Mus. London, Bot.	29(1): 63	1999			Malvaceae Hibiscus diversifolius Jacq. var. partitus				comb. nov.	0968-0446	\N	\N	\N	\N	\N	\N	\N	\N
1008182-1	1.4	Malvaceae		N	Hibiscus		N	reekmansii		spec.	F.D.Wilson		F.D.Wilson	Hibiscus reekmansii	Bull. Nat. Hist. Mus. London, Bot.	29(1): 64	1999						Burundi;Rwanda;Tanzania;Zaire.;	tax. nov.	0968-0446	\N	\N	\N	\N	\N	\N	\N	\N
1008183-1	1.4	Malvaceae		N	Hibiscus		N	parvilobus		spec.	F.D.Wilson		F.D.Wilson	Hibiscus parvilobus	Bull. Nat. Hist. Mus. London, Bot.	29(1): 67	1999						Kenya.	tax. nov.	0968-0446	\N	\N	\N	\N	\N	\N	\N	\N
1008184-1	1.7	Malvaceae		N	Hibiscus		N	gilletii	hiernianus	subsp.	(Exell & Mendonça) F.D.Wilson	(Exell & Mendonça)	F.D.Wilson	Hibiscus gilletii subsp. hiernianus	Bull. Nat. Hist. Mus. London, Bot.	29(1): 71	1999			Malvaceae Hibiscus hiernianus Exell & Mendonça				comb. nov.	0968-0446	\N	\N	\N	\N	\N	\N	\N	\N
1008185-1	1.5	Malvaceae		N	Hibiscus		N	gilletii	lundaensis	subsp.	(Baker f.) F.D.Wilson	(Baker f.)	F.D.Wilson	Hibiscus gilletii subsp. lundaensis	Bull. Nat. Hist. Mus. London, Bot.	29(1): 71	1999			Malvaceae Hibiscus lundaensis Baker f.				comb. nov.	0968-0446	\N	\N	\N	\N	\N	\N	\N	\N
1008186-1	1.4	Malvaceae		N	Hibiscus		N	sineaculeatus		spec.	F.D.Wilson		F.D.Wilson	Hibiscus sineaculeatus	Bull. Nat. Hist. Mus. London, Bot.	29(1): 72	1999						Nigeria.	tax. nov.	0968-0446	\N	\N	\N	\N	\N	\N	\N	\N
1015304-1	1.5	Olacaceae		N	Heisteria		N	povedae		spec.	Q.Jiménez & S.Knapp		Q.Jiménez & S.Knapp	Heisteria povedae	Bull. Nat. Hist. Mus. London, Bot.	30(1): 1	2000						Costa Rica;Mexico Southeast (Chiapas);Guatemala;El Salvador;Nicaragua;Panama.;	tax. nov.	0968-0446	\N	133689	\N	2279646	\N	\N	\N	\N
1015305-1	1.4	Urticaceae		N	Pilea		N	conjugalis		spec.	A.K.Monro		A.K.Monro	Pilea conjugalis	Bull. Nat. Hist. Mus. London, Bot.	30(1): 7	2000						Panama;Costa Rica.;	tax. nov.	0968-0446	\N	\N	\N	\N	\N	\N	\N	\N
1015306-1	1.4	Urticaceae		N	Pilea		N	adamsiana		spec.	A.K.Monro		A.K.Monro	Pilea adamsiana	Bull. Nat. Hist. Mus. London, Bot.	30(1): 9	2000						Panama.	tax. nov.	0968-0446	\N	\N	\N	\N	\N	\N	\N	\N
1015307-1	1.4	Urticaceae		N	Pilea		N	trichomanophylla		spec.	A.K.Monro		A.K.Monro	Pilea trichomanophylla	Bull. Nat. Hist. Mus. London, Bot.	30(1): 9	2000						Panama.	tax. nov.	0968-0446	\N	\N	\N	\N	\N	\N	\N	\N
1015308-1	1.4	Solanaceae		N	Solanum		N	dimorphandrum		spec.	S.Knapp		S.Knapp	Solanum dimorphandrum	Bull. Nat. Hist. Mus. London, Bot.	30(1): 21	2000						Colombia;Panama.;	tax. nov.	0968-0446	\N	133692	\N	2279623	\N	\N	\N	\N
1015309-1	1.4	Solanaceae		N	Solanum		N	monarchostemon		spec.	S.Knapp		S.Knapp	Solanum monarchostemon	Bull. Nat. Hist. Mus. London, Bot.	30(1): 23	2000						Ecuador;Colombia;Peru.;	tax. nov.	0968-0446	\N	133692	\N	2279621	\N	\N	\N	\N
1021044-1	1.4	Urticaceae		N	Pilea		N	corona		spec.	A.K.Monro		A.K.Monro	Pilea corona	Bull. Nat. Hist. Mus. London, Bot.	31(1): 5	2001						Panama.	tax. nov.	0968-0446	\N	\N	\N	\N	\N	\N	\N	\N
1021045-1	1.4	Urticaceae		N	Pilea		N	digitata		spec.	A.K.Monro		A.K.Monro	Pilea digitata	Bull. Nat. Hist. Mus. London, Bot.	31(1): 7	2001						Panama.	tax. nov.	0968-0446	\N	\N	\N	\N	\N	\N	\N	\N
1045602-2	1.3	Gentianaceae		N	Gentianella		N	silenoides	inaequicalyx	var.	(Gilg) T.N.Ho	(Gilg)	T.N.Ho	Gentianella silenoides var. inaequicalyx	Bull. Nat. Hist. Mus. London, Bot.	23: 64	1993					Gentianaceae Gentiana inaequicalyx Gilg		unknown	0968-0446	\N	\N	\N	\N	\N	\N	\N	\N
1072682-2	1.4	Gentianaceae		N	Gentianella		N	peruviana	boliviana	var.	(Pax) T.N.Ho	(Pax)	T.N.Ho	Gentianella peruviana var. boliviana	Bull. Nat. Hist. Mus. London, Bot.	23: 64	1993					Gentianaceae Gentiana boliviana Pax		unknown	0968-0446	\N	\N	\N	\N	\N	\N	\N	\N
1153552-2	1.4	Clusiaceae		N	Hypericum		N	ascyron	pyramidatum	subsp.	(Aiton) N.Robson	(Aiton)	N.Robson	Hypericum ascyron subsp. pyramidatum	Bull. Nat. Hist. Mus. London, Bot.	31(2): 58	2001 [29 Nov 2001]		[Gandhi 25 Jan 2002]			Clusiaceae Hypericum pyramidatum Aiton		unknown	0968-0446	\N	\N	\N	\N	\N	\N	\N	\N
1176580-2	1.4.2.1	Gentianaceae		N	Gentianella		N	achalensis		spec.	(Gilg) T.N.Ho & S.W.Liu	(Gilg)	T.N.Ho & S.W.Liu	Gentianella achalensis	Bull. Nat. Hist. Mus. London, Bot.	23(2): 61	1993		[Gandhi 24 Jan 2002]			Gentianaceae Gentiana achalensis Gilg		unknown	0968-0446	\N	\N	\N	\N	\N	\N	\N	\N
17567360-1	1.5	Woodsiaceae		N	Diplazium		N	filamentosum		spec.	(Roxb.) Cronk	(Roxb.)	Cronk	Diplazium filamentosum	Bull. Nat. Hist. Mus. London, Bot.	25(1): 98	1995			Roxb.				unknown	0968-0446	\N	\N	\N	\N	\N	\N	\N	\N
20002237-1	1.2	Clusiaceae		N	Lianthus		N			gen.	N.Robson		N.Robson	Lianthus	Bull. Nat. Hist. Mus. London, Bot.	31(2): 38	2001							tax. nov.	0968-0446	\N	\N	\N	\N	\N	\N	\N	\N
20002238-1	1.2	Clusiaceae		N	Lianthus		N	ellipticifolius		spec.	(H.L.Li) N.Robson	(H.L.Li)	N.Robson	Lianthus ellipticifolius	Bull. Nat. Hist. Mus. London, Bot.	31(2): 38	2001			Clusiaceae Hypericum ellipticifolium H.L.Li				comb. nov.	0968-0446	\N	\N	\N	\N	\N	\N	\N	\N
20002239-1	1.1.2.1.1.1	Clusiaceae		N	Hypericum	senanensia	N			ser.	N.Robson		N.Robson	Hypericum ser. Senanensia	Bull. Nat. Hist. Mus. London, Bot.	31(2): 43	2001							tax. nov.	0968-0446	\N	\N	\N	\N	\N	\N	\N	\N
20002240-1	1.1.2.1.1.1	Clusiaceae		N	Hypericum	erecta	N			subsect.	N.Robson		N.Robson	Hypericum subsect. Erecta	Bull. Nat. Hist. Mus. London, Bot.	31(2): 43	2001							tax. nov.	0968-0446	\N	\N	\N	\N	\N	\N	\N	\N
20002241-1	1.1.2.1.1.1	Clusiaceae		N	Hypericum	graveolentia	N			sect.	N.Robson		N.Robson	Hypericum sect. Graveolentia	Bull. Nat. Hist. Mus. London, Bot.	31(2): 43	2001							tax. nov.	0968-0446	\N	\N	\N	\N	\N	\N	\N	\N
20002242-1	1.1.2.1.1.1	Clusiaceae		N	Hypericum	sampsonia	N			sect.	N.Robson		N.Robson	Hypericum sect. Sampsonia	Bull. Nat. Hist. Mus. London, Bot.	31(2): 43	2001							tax. nov.	0968-0446	\N	\N	\N	\N	\N	\N	\N	\N
20002243-1	1.1.2.1.1.1	Clusiaceae		N	Hypericum	elodeoida	N			sect.	N.Robson		N.Robson	Hypericum sect. Elodeoida	Bull. Nat. Hist. Mus. London, Bot.	31(2): 43	2001							tax. nov.	0968-0446	\N	\N	\N	\N	\N	\N	\N	\N
20002244-1	1.1.2.1.1.1	Clusiaceae		N	Hypericum	monanthema	N			sect.	N.Robson		N.Robson	Hypericum sect. Monanthema	Bull. Nat. Hist. Mus. London, Bot.	31(2): 43	2001							tax. nov.	0968-0446	\N	\N	\N	\N	\N	\N	\N	\N
20002284-1	1.1.2.1.1.1	Clusiaceae		N	Hypericum		N	ascyron	gebleri	subsp.	(Ledeb.) N.Robson	(Ledeb.)	N.Robson	Hypericum ascyron subsp. gebleri	Bull. Nat. Hist. Mus. London, Bot.	31(2): 57	2001			Clusiaceae Hypericum gebleri Ledeb.				comb. nov.	0968-0446	\N	\N	\N	\N	\N	\N	\N	\N
20002294-1	1.1.2.1.1.1	Clusiaceae		N	Hypericum		N	ascyron	pyramidatum	subsp.	(Dryand.) N.Robson	(Dryand.)	N.Robson	Hypericum ascyron subsp. pyramidatum	Bull. Nat. Hist. Mus. London, Bot.	31(2): 58	2001			Clusiaceae Hypericum pyramidatum Dryand.				comb. nov.	0968-0446	\N	\N	\N	\N	\N	\N	\N	\N
20002295-1	1.1.2.1.1.1	Clusiaceae		N	Hypericum		N	kingdonii		spec.	N.Robson		N.Robson	Hypericum kingdonii	Bull. Nat. Hist. Mus. London, Bot.	31(2): 74	2001				Clusiaceae Hypericum wightianum Wall. subsp. axillare N.Robson			nom. nov.	0968-0446	\N	\N	\N	\N	\N	\N	\N	\N
20002296-1	1.3	Clusiaceae		N	Hypericum		N	monanthemum	filicaule	subsp.	(Dyer) N.Robson	(Dyer)	N.Robson	Hypericum monanthemum subsp. filicaule	Bull. Nat. Hist. Mus. London, Bot.	31(2): 78	2001			Clusiaceae Ascyrum filicaule Dyer				comb. nov.	0968-0446	\N	\N	\N	\N	\N	\N	\N	\N
20002297-1	1.1.2.1.1.1	Clusiaceae		N	Hypericum		N	subcordatum		spec.	(R.Keller) N.Robson	(R.Keller)	N.Robson	Hypericum subcordatum	Bull. Nat. Hist. Mus. London, Bot.	31(2): 78	2001			Clusiaceae Hypericum thomsonii R.Keller var. subcordatum R.Keller				comb. nov.	0968-0446	\N	\N	\N	\N	\N	\N	\N	\N
20002298-1	1.1.2.1.1.1	Clusiaceae		N	Hypericum		N	daliense		spec.	N.Robson		N.Robson	Hypericum daliense	Bull. Nat. Hist. Mus. London, Bot.	31(2): 83	2001						China South-Central (Yunnan)	tax. nov.	0968-0446	\N	\N	\N	\N	\N	\N	\N	\N
20006488-1	1.2	Ranunculaceae		N	Ranunculus		N	cytheraeus		spec.	(Halácsy) Baldini	(Halácsy)	Baldini	Ranunculus cytheraeus	Bull. Nat. Hist. Mus. London, Bot.	32(1): 10	2002			Ranunculaceae Ranunculus bullatus L. var. cytheraeus Halácsy				comb. nov.	0968-0446	10.1017/S0968044602000026	\N	133690	2287956	\N	\N	\N	\N
20009278-1	1.5	Clusiaceae		N	Hypericum		N	perforatum	songaricum	subsp.	(Ledeb. ex Rchb.) N.Robson	(Ledeb. ex Rchb.)	N.Robson	Hypericum perforatum subsp. songaricum	Bull. Nat. Hist. Mus. London, Bot.	32(2): 95 (2002)	2002			Clusiaceae Hypericum songaricum Ledeb. ex Rchb.				comb. nov.	0968-0446	10.1017/S096804460200004X	\N	133691	2277160	\N	\N	\N	\N
20009279-1	1.4	Clusiaceae		N	Hypericum		N	perforatum	chinense	subsp.	N.Robson		N.Robson	Hypericum perforatum subsp. chinense	Bull. Nat. Hist. Mus. London, Bot.	32(2): 101 (2002)	2002						China South-Central (Sichuan);China South-Central (Guizhou);China South-Central (Hubei);China South-Central (Yunnan);China North-Central (Gansu);China North-Central (Hebei);China North-Central (Shaanxi);China North-Central (Shanxi);China North-Central (Sh	tax. nov.	0968-0446	10.1017/S096804460200004X	\N	133691	2277154	\N	\N	\N	\N
20009281-1	1.1.2.1.1.2	Clusiaceae		N	Hypericum		Y	desetangsii	balcanicum	nothosubsp.	N.Robson		N.Robson	Hypericum desetangsii nothosubsp. balcanicum	Bull. Nat. Hist. Mus. London, Bot.	32(2): 107 (2002)	2002						Greece;Bulgaria;Yugoslavia (Serbia);	tax. nov.	0968-0446	10.1017/S096804460200004X	\N	133691	2277148	\N	\N	\N	\N
20009283-1	1.3	Clusiaceae		N	Hypericum		Y	laschii	froelichii	nothof.	N.Robson		N.Robson	Hypericum × laschii nothof. froelichii	Bull. Nat. Hist. Mus. London, Bot.	32(2): 76 (2002)	2002	without latin descr.					Austria	tax. nov.	0968-0446	10.1017/S096804460200004X	\N	133691	2277179	\N	\N	\N	\N
320112-2	1.3	Olacaceae		N	Heisteria		N	povedae		spec.	Q.Jiménez & S.Knapp		Q.Jiménez & S.Knapp	Heisteria povedae	Bull. Nat. Hist. Mus. London, Bot.	30(1): 1 (-5; figs. 1-2)	2000 [29 Jun 2000]		[Gandhi 27 Jul 2000]				"Estación Cacao, Parque Nacional Guanacaste, 1100 m, 10°55'32""N, 85°28'2""W, Guanacaste (Costa Rica, Central America, Southern America)"	tax. nov.	0968-0446	\N	133689	\N	2279646	\N	\N	\N	\N
320119-2	1.2	Urticaceae		N	Pilea		N	conjugalis		spec.	A.K.Monro		A.K.Monro	Pilea conjugalis	Bull. Nat. Hist. Mus. London, Bot.	30(1): 7 (-9; fig. 1)	2000 [29 Jun 2000]		[Gandhi 28 Jul 2000]				Humid forest between Alto de las Palmas and top of Cerro de la Horqueta, 2100-2268 m, Chiriqui (Panama, Central America, Southern America)	tax. nov.	0968-0446	\N	\N	\N	\N	\N	\N	\N	\N
320120-2	1.2	Urticaceae		N	Pilea		N	adamsiana		spec.	A.K.Monro		A.K.Monro	Pilea adamsiana	Bull. Nat. Hist. Mus. London, Bot.	30(1): 9 (fig. 2A-C)	2000 [29 Jun 2000]		[Gandhi 28 Jul 2000]				Mountains west of Alto de Piedras Junior High School north of Santa Fe, Cerro Arizona (highest peak visible west of school), 1000-1450 m, Veraguas (Panama, Central America, Southern America)	tax. nov.	0968-0446	\N	\N	\N	\N	\N	\N	\N	\N
320121-2	1.2	Urticaceae		N	Pilea		N	trichomanophylla		spec.	A.K.Monro		A.K.Monro	Pilea trichomanophylla	Bull. Nat. Hist. Mus. London, Bot.	30(1): 9 (-11; fig. 2D-F)	2000 [29 Jun 2000]		[Gandhi 28 Jul 2000]				La Fortuna area, Gualaca to Chiriquí Grande, along oil pipeline road the continental divide W of road, 1300 m, 8°45'N, 82°17'W, Bocas del Toro (Panama, Central America, Southern America)	tax. nov.	0968-0446	\N	\N	\N	\N	\N	\N	\N	\N
320122-2	1.2.2.2.1.2	Solanaceae		N	Solanum		N	dimorphandrum		spec.	S.Knapp		S.Knapp	Solanum dimorphandrum	Bull. Nat. Hist. Mus. London, Bot.	30(1): 21 (-23; figs. 7-8)	2000 [29 Jun 2000]		[Gandhi 28 Jul 2000]				"Sierra Nevada de Santa Marta, Valparaiso, ""4500 ft"", Magdalena (Colombia, Western South America, Southern America)"	tax. nov.	0968-0446	\N	133692	\N	2279623	\N	\N	\N	\N
320123-2	1.2.2.2.1.2	Solanaceae		N	Solanum		N	monarchostemon		spec.	S.Knapp		S.Knapp	Solanum monarchostemon	Bull. Nat. Hist. Mus. London, Bot.	30(1): 23 (-25; figs. 8-9)	2000 [29 Jun 2000]		[Gandhi 28 Jul 2000]				Puyo, Communidad Santa Cecilia, Villano, 380 m, 1°30'S, 77°27'W, Pastaza (Ecuador, Western South America, Southern America)	tax. nov.	0968-0446	\N	133692	\N	2279621	\N	\N	\N	\N
321313-2	1.2	Urticaceae		N	Pilea		N	corona		spec.	A.K.Monro		A.K.Monro	Pilea corona	Bull. Nat. Hist. Mus. London, Bot.	31(1): 5 (-7; fig. 1A-C)	2001 [28 Jun 2001]		[Gandhi 26 Jun 2001]				3 mi from Escuela de Agricultura Alto Piedra on road to Río Calovébra, along stream, 2400 ft, Veraguas (Panama, Central America, Southern America)	tax. nov.	0968-0446	\N	\N	\N	\N	\N	\N	\N	\N
321314-2	1.2	Urticaceae		N	Pilea		N	digitata		spec.	A.K.Monro		A.K.Monro	Pilea digitata	Bull. Nat. Hist. Mus. London, Bot.	31(1): 7 (fig. 1D-F)	2001 [28 Jun 2001]		[Gandhi 27 Jun 2001]				Trail west from Fortuna Dam Camp to La Fortuna, 8°43'N 82°14'W, 1300 m, Chiriqui (Panama, Central America, Southern America)	tax. nov.	0968-0446	\N	\N	\N	\N	\N	\N	\N	\N
77083733-1	1.2	Asteraceae	chrysantheminae	N			N			subtrib.	K.Bremer & Humphries		K.Bremer & Humphries	subtrib. Chrysantheminae	Bull. Nat. Hist. Mus. London, Bot.	23(2): 134	1993	nom. illeg. later homonym    non						tax. nov.	0968-0446	\N	\N	\N	\N	\N	\N	\N	\N
972444-1	1.4	Piperaceae		N	Piper		N	thomasii		spec.	Tebbs		Tebbs	Piper thomasii	Bull. Nat. Hist. Mus. London, Bot.	23(1): 15	1993						Panama.	tax. nov.	0968-0446	\N	133688	\N	2239145	\N	\N	\N	\N
972445-1	1.4	Piperaceae		N	Piper		N	malpasoense		spec.	Tebbs		Tebbs	Piper malpasoense	Bull. Nat. Hist. Mus. London, Bot.	23(1): 17, as 'malpasoensis'	1993						Mexico Southeast (Chiapas;Tabasco).;	tax. nov.	0968-0446	\N	133688	\N	2239143	\N	\N	\N	\N
974905-1	1.3	Gentianaceae		N	Gentiana		N	leucantha		spec.	Harry Sm.		Harry Sm.	Gentiana leucantha	Bull. Nat. Hist. Mus. London, Bot.	23(2): 55	1993						Xizang;Bhutan.;	tax. nov.	0968-0446	\N	\N	\N	\N	\N	\N	\N	\N
974906-1	1.4	Gentianaceae		N	Gentiana		N	chateri		spec.	T.N.Ho		T.N.Ho	Gentiana chateri	Bull. Nat. Hist. Mus. London, Bot.	23(2): 55	1993						Nepal.	tax. nov.	0968-0446	\N	\N	\N	\N	\N	\N	\N	\N
974907-1	1.3	Gentianaceae		N	Gentiana		N	hicksii		spec.	Harry Sm.		Harry Sm.	Gentiana hicksii	Bull. Nat. Hist. Mus. London, Bot.	23(2): 56	1993						Bhutan.	tax. nov.	0968-0446	\N	\N	\N	\N	\N	\N	\N	\N
974908-1	1.4	Gentianaceae		N	Gentiana		N	masonii		spec.	T.N.Ho		T.N.Ho	Gentiana masonii	Bull. Nat. Hist. Mus. London, Bot.	23(2): 56	1993						Burma.	tax. nov.	0968-0446	\N	\N	\N	\N	\N	\N	\N	\N
974909-1	1.5	Gentianaceae		N	Gentiana		N	zekuensis		spec.	T.N.Ho & S.W.Liu		T.N.Ho & S.W.Liu	Gentiana zekuensis	Bull. Nat. Hist. Mus. London, Bot.	23(2): 56	1993						Qinghai.	tax. nov.	0968-0446	\N	\N	\N	\N	\N	\N	\N	\N
974910-1	1.4	Gentianaceae		N	Gentiana		N	laxiflora		spec.	T.N.Ho		T.N.Ho	Gentiana laxiflora	Bull. Nat. Hist. Mus. London, Bot.	23(2): 56	1993						Xizang.	tax. nov.	0968-0446	\N	\N	\N	\N	\N	\N	\N	\N
974911-1	1.1.2.1.1.2	Gentianaceae		N	Gentiana		N	himalayaensis		spec.	T.N.Ho		T.N.Ho	Gentiana himalayaensis	Bull. Nat. Hist. Mus. London, Bot.	23(2): 57, nom. nov.	1993				Gentianaceae Gentiana nubigena Edgew. var. parviflora			nom. nov.	0968-0446	\N	\N	\N	\N	\N	\N	\N	\N
974912-1	1.5	Gentianaceae		N	Gentiana		N	depressa	stenophylla	var.	T.N.Ho		T.N.Ho	Gentiana depressa var. stenophylla	Bull. Nat. Hist. Mus. London, Bot.	23(2): 57	1993						Nepal.	tax. nov.	0968-0446	\N	\N	\N	\N	\N	\N	\N	\N
974913-1	1.4	Gentianaceae		N	Gentiana		N	alata		spec.	T.N.Ho		T.N.Ho	Gentiana alata	Bull. Nat. Hist. Mus. London, Bot.	23(2): 57, nom. nov.	1993				Gentianaceae Gentiana kusnezowii Franch.			nom. nov.	0968-0446	\N	\N	\N	\N	\N	\N	\N	\N
974914-1	1.3	Gentianaceae		N	Gentiana		N	bryophylla		spec.	Harry Sm.		Harry Sm.	Gentiana bryophylla	Bull. Nat. Hist. Mus. London, Bot.	23(2): 57	1993						Burma.	tax. nov.	0968-0446	\N	\N	\N	\N	\N	\N	\N	\N
974915-1	1.1.2.1.1.3	Gentianaceae		N	Gentiana		N	micans	latifolia	var.	T.N.Ho		T.N.Ho	Gentiana micans var. latifolia	Bull. Nat. Hist. Mus. London, Bot.	23(2): 58	1993						Bhutan.	tax. nov.	0968-0446	\N	\N	\N	\N	\N	\N	\N	\N
974916-1	1.3	Gentianaceae		N	Gentiana		N	glabriuscula		spec.	Harry Sm. ex T.N.Ho		Harry Sm. ex T.N.Ho	Gentiana glabriuscula	Bull. Nat. Hist. Mus. London, Bot.	23(2): 58	1993						Bhutan;Sikkim;Xizang.;	tax. nov.	0968-0446	\N	\N	\N	\N	\N	\N	\N	\N
974917-1	1.3	Gentianaceae		N	Gentiana		N	taiwanica		spec.	T.N.Ho		T.N.Ho	Gentiana taiwanica	Bull. Nat. Hist. Mus. London, Bot.	23(2): 59, nom. nov.	1993				Gentianaceae Gentiana scabrida Hayata var. angusta			nom. nov.	0968-0446	\N	\N	\N	\N	\N	\N	\N	\N
974918-1	1.4	Gentianaceae		N	Gentiana		N	winchuanensis		spec.	T.N.Ho		T.N.Ho	Gentiana winchuanensis	Bull. Nat. Hist. Mus. London, Bot.	23(2): 59	1993						China South-central (Sichuan).	tax. nov.	0968-0446	\N	\N	\N	\N	\N	\N	\N	\N
974919-1	1.4	Gentianaceae		N	Gentiana		N	shaanxiensis		spec.	T.N.Ho		T.N.Ho	Gentiana shaanxiensis	Bull. Nat. Hist. Mus. London, Bot.	23(2): 59	1993						China North-central (Shaanxi).	tax. nov.	0968-0446	\N	\N	\N	\N	\N	\N	\N	\N
974920-1	1.4	Gentianaceae		N	Gentiana		N	subuliformis		spec.	S.W.Liu		S.W.Liu	Gentiana subuliformis	Bull. Nat. Hist. Mus. London, Bot.	23(2): 59	1993						Xizang.	tax. nov.	0968-0446	\N	\N	\N	\N	\N	\N	\N	\N
974921-1	1.5	Gentianaceae		N	Gentianella		N	achalensis		spec.	(Gilg) T.N.Ho & S.W.Liu	(Gilg)	T.N.Ho & S.W.Liu	Gentianella achalensis	Bull. Nat. Hist. Mus. London, Bot.	23(2): 61	1993			Gentianaceae Gentiana achalensis Hieron.				comb. nov.	0968-0446	\N	\N	\N	\N	\N	\N	\N	\N
974922-1	1.5	Gentianaceae		N	Gentianella		N	albidocaerulea		spec.	(Gilg) T.N.Ho & S.W.Liu	(Gilg)	T.N.Ho & S.W.Liu	Gentianella albidocaerulea	Bull. Nat. Hist. Mus. London, Bot.	23(2): 61	1993			Gentianaceae Gentiana albidocaerulea				comb. nov.	0968-0446	\N	\N	\N	\N	\N	\N	\N	\N
974923-1	1.5	Gentianaceae		N	Gentianella		N	andreae-mathewsii		spec.	(Briq.) T.N.Ho & S.W.Liu	(Briq.)	T.N.Ho & S.W.Liu	Gentianella andreae-mathewsii	Bull. Nat. Hist. Mus. London, Bot.	23(2): 61	1993 [25 Nov 1993]			Gentianaceae Gentiana andreae-mathewsii Briq.				comb. nov.	0968-0446	\N	\N	\N	\N	\N	\N	\N	\N
974924-1	1.6	Gentianaceae		N	Gentianella		N	antarctica		spec.	(Kirk) T.N.Ho & S.W.Liu	(Kirk)	T.N.Ho & S.W.Liu	Gentianella antarctica	Bull. Nat. Hist. Mus. London, Bot.	23(2): 61	1993			Gentianaceae Gentiana antarctica Kirk				comb. nov.	0968-0446	\N	\N	\N	\N	\N	\N	\N	\N
974925-1	1.6	Gentianaceae		N	Gentianella		N	antipoda		spec.	(Kirk) T.N.Ho & S.W.Liu	(Kirk)	T.N.Ho & S.W.Liu	Gentianella antipoda	Bull. Nat. Hist. Mus. London, Bot.	23(2): 61	1993			Gentianaceae Gentiana antipoda Kirk				comb. nov.	0968-0446	\N	\N	\N	\N	\N	\N	\N	\N
974926-1	1.1.2.1.1.3	Gentianaceae		N	Gentianella		N	armerioides		spec.	(Griseb.) T.N.Ho & S.W.Liu	(Griseb.)	T.N.Ho & S.W.Liu	Gentianella armerioides	Bull. Nat. Hist. Mus. London, Bot.	23(2): 61	1993 [25 Nov 1993]			Gentianaceae Gentiana armerioides Griseb.				comb. nov.	0968-0446	\N	\N	\N	\N	\N	\N	\N	\N
974927-1	1.4	Gentianaceae		N	Gentianella		N	astonii		spec.	(Petrie) T.N.Ho & S.W.Liu	(Petrie)	T.N.Ho & S.W.Liu	Gentianella astonii	Bull. Nat. Hist. Mus. London, Bot.	23(2): 61	1993			Gentianaceae Gentiana astonii				comb. nov.	0968-0446	\N	\N	\N	\N	\N	\N	\N	\N
974928-1	1.6	Gentianaceae		N	Gentianella		N	atroviolacea		spec.	(Gilg) Fabris ex T.N.Ho & S.W.Liu	(Gilg)	Fabris ex T.N.Ho & S.W.Liu	Gentianella atroviolacea	Bull. Nat. Hist. Mus. London, Bot.	23(2): 61	1993			Gentianaceae Gentiana atroviolacea Gilg				comb. nov.	0968-0446	\N	\N	\N	\N	\N	\N	\N	\N
974929-1	1.6	Gentianaceae		N	Gentianella		N	bangii		spec.	(Gilg) Fabris ex T.N.Ho & S.W.Liu	(Gilg)	Fabris ex T.N.Ho & S.W.Liu	Gentianella bangii	Bull. Nat. Hist. Mus. London, Bot.	23(2): 61	1993			Gentianaceae Gentiana bangii Gilg				comb. nov.	0968-0446	\N	\N	\N	\N	\N	\N	\N	\N
974930-1	1.5	Gentianaceae		N	Gentianella		N	bellatula		spec.	(Gilg) T.N.Ho & S.W.Liu	(Gilg)	T.N.Ho & S.W.Liu	Gentianella bellatula	Bull. Nat. Hist. Mus. London, Bot.	23(2): 61	1993			Gentianaceae Gentiana bellatula Gilg				comb. nov.	0968-0446	\N	\N	\N	\N	\N	\N	\N	\N
974931-1	1.8	Gentianaceae		N	Gentianella		N	bellidifolia	divisa	var.	(Kirk) T.N.Ho & S.W.Liu	(Kirk)	T.N.Ho & S.W.Liu	Gentianella bellidifolia var. divisa	Bull. Nat. Hist. Mus. London, Bot.	23(2): 61	1993			Gentianaceae Gentiana bellidifolia Hook.f. var. divisa Kirk				comb. nov.	0968-0446	\N	\N	\N	\N	\N	\N	\N	\N
974932-1	1.5	Gentianaceae		N	Gentianella		N	bockii		spec.	(Gilg) T.N.Ho & S.W.Liu	(Gilg)	T.N.Ho & S.W.Liu	Gentianella bockii	Bull. Nat. Hist. Mus. London, Bot.	23(2): 61	1993			Gentianaceae Gentiana bockii Gilg				comb. nov.	0968-0446	\N	\N	\N	\N	\N	\N	\N	\N
974933-1	1.6	Gentianaceae		N	Gentianella		N	bridgesii		spec.	(Gilg) Fabris ex T.N.Ho & S.W.Liu	(Gilg)	Fabris ex T.N.Ho & S.W.Liu	Gentianella bridgesii	Bull. Nat. Hist. Mus. London, Bot.	23(2): 61	1993			Gentianaceae Gentiana bridgesii Gilg				comb. nov.	0968-0446	\N	\N	\N	\N	\N	\N	\N	\N
974934-1	1.5	Gentianaceae		N	Gentianella		N	briquetiana		spec.	(Gilg) T.N.Ho & S.W.Liu	(Gilg)	T.N.Ho & S.W.Liu	Gentianella briquetiana	Bull. Nat. Hist. Mus. London, Bot.	23(2): 61	1993			Gentianaceae Gentiana briquetiana Gilg				comb. nov.	0968-0446	\N	\N	\N	\N	\N	\N	\N	\N
974935-1	1.1.2.1.1.3	Gentianaceae		N	Gentianella		N	bromifolia		spec.	(Griseb.) T.N.Ho & S.W.Liu	(Griseb.)	T.N.Ho & S.W.Liu	Gentianella bromifolia	Bull. Nat. Hist. Mus. London, Bot.	23(2): 61	1993			Gentianaceae Gentiana bromifolia Griseb.				comb. nov.	0968-0446	\N	\N	\N	\N	\N	\N	\N	\N
974936-1	1.5	Gentianaceae		N	Gentianella		N	brunneotincta		spec.	(Gilg) T.N.Ho & S.W.Liu	(Gilg)	T.N.Ho & S.W.Liu	Gentianella brunneotincta	Bull. Nat. Hist. Mus. London, Bot.	23(2): 61, as 'brunneo-tincta'	1993 [25 Nov 1993]			Gentianaceae Gentiana brunneotincta				comb. nov.	0968-0446	\N	\N	\N	\N	\N	\N	\N	\N
974937-1	1.5	Gentianaceae		N	Gentianella		N	buchtienii		spec.	(Gilg) T.N.Ho & S.W.Liu	(Gilg)	T.N.Ho & S.W.Liu	Gentianella buchtienii	Bull. Nat. Hist. Mus. London, Bot.	23(2): 62	1993			Gentianaceae Gentiana buchtienii Gilg				comb. nov.	0968-0446	\N	\N	\N	\N	\N	\N	\N	\N
974938-1	1.5	Gentianaceae		N	Gentianella		N	calcarea		spec.	(Gilg) T.N.Ho & S.W.Liu	(Gilg)	T.N.Ho & S.W.Liu	Gentianella calcarea	Bull. Nat. Hist. Mus. London, Bot.	23(2): 62	1993 [25 Nov 1993]			Gentianaceae Gentiana calcarea Gilg				comb. nov.	0968-0446	\N	\N	\N	\N	\N	\N	\N	\N
974939-1	1.5	Gentianaceae		N	Gentianella		N	centamalensis		spec.	(Gilg) T.N.Ho & S.W.Liu	(Gilg)	T.N.Ho & S.W.Liu	Gentianella centamalensis	Bull. Nat. Hist. Mus. London, Bot.	23(2): 62	1993 [25 Nov 1993]			Gentianaceae Gentiana centamalensis Gilg				comb. nov.	0968-0446	\N	\N	\N	\N	\N	\N	\N	\N
974940-1	1.5	Gentianaceae		N	Gentianella		N	cerina		spec.	(Hook.f.) T.N.Ho & S.W.Liu	(Hook.f.)	T.N.Ho & S.W.Liu	Gentianella cerina	Bull. Nat. Hist. Mus. London, Bot.	23(2): 62	1993			Gentianaceae Gentiana cerina Hook.f.				comb. nov.	0968-0446	\N	\N	\N	\N	\N	\N	\N	\N
974941-1	1.5	Gentianaceae		N	Gentianella		N	chathamica		spec.	(Cheeseman) T.N.Ho & S.W.Liu	(Cheeseman)	T.N.Ho & S.W.Liu	Gentianella chathamica	Bull. Nat. Hist. Mus. London, Bot.	23(2): 62	1993			Gentianaceae Gentiana chathamica Cheeseman				comb. nov.	0968-0446	\N	\N	\N	\N	\N	\N	\N	\N
974942-1	1.5	Gentianaceae		N	Gentianella		N	chrysantha		spec.	(Gilg) T.N.Ho & S.W.Liu	(Gilg)	T.N.Ho & S.W.Liu	Gentianella chrysantha	Bull. Nat. Hist. Mus. London, Bot.	23(2): 62	1993			Gentianaceae Gentiana chrysantha Gilg				comb. nov.	0968-0446	\N	\N	\N	\N	\N	\N	\N	\N
974943-1	1.5	Gentianaceae		N	Gentianella		N	chrysosphaera		spec.	(Gilg) T.N.Ho & S.W.Liu	(Gilg)	T.N.Ho & S.W.Liu	Gentianella chrysosphaera	Bull. Nat. Hist. Mus. London, Bot.	23(2): 62	1993 [25 Nov 1993]			Gentianaceae Gentiana chrysosphaera Gilg				comb. nov.	0968-0446	\N	\N	\N	\N	\N	\N	\N	\N
974944-1	1.5	Gentianaceae		N	Gentianella		N	chrysotaenia		spec.	(Gilg) T.N.Ho & S.W.Liu	(Gilg)	T.N.Ho & S.W.Liu	Gentianella chrysotaenia	Bull. Nat. Hist. Mus. London, Bot.	23(2): 62	1993 [25 Nov 1993]			Gentianaceae Gentiana chrysotaenia Gilg				comb. nov.	0968-0446	\N	\N	\N	\N	\N	\N	\N	\N
974945-1	1.5	Gentianaceae		N	Gentianella		N	claytonioides		spec.	(Gilg) T.N.Ho & S.W.Liu	(Gilg)	T.N.Ho & S.W.Liu	Gentianella claytonioides	Bull. Nat. Hist. Mus. London, Bot.	23(2): 62	1993			Gentianaceae Gentiana claytonioides Gilg				comb. nov.	0968-0446	\N	\N	\N	\N	\N	\N	\N	\N
974946-1	1.4	Gentianaceae		N	Gentianella		N	coccinea		spec.	(G.Don) T.N.Ho & S.W.Liu	(G.Don)	T.N.Ho & S.W.Liu	Gentianella coccinea	Bull. Nat. Hist. Mus. London, Bot.	23(2): 62	1993 [25 Nov 1993]			Gentianaceae Gentiana coccinea Ruiz & Pav. ex G.Don				comb. nov.	0968-0446	\N	\N	\N	\N	\N	\N	\N	\N
974947-1	1.5	Gentianaceae		N	Gentianella		N	concinna		spec.	(Hook.f.) T.N.Ho & S.W.Liu	(Hook.f.)	T.N.Ho & S.W.Liu	Gentianella concinna	Bull. Nat. Hist. Mus. London, Bot.	23(2): 62	1993			Gentianaceae Gentiana concinna Hook.f.				comb. nov.	0968-0446	\N	\N	\N	\N	\N	\N	\N	\N
974948-1	1.5	Gentianaceae		N	Gentianella		N	coquimbensis		spec.	(Briq.) T.N.Ho & S.W.Liu	(Briq.)	T.N.Ho & S.W.Liu	Gentianella coquimbensis	Bull. Nat. Hist. Mus. London, Bot.	23(2): 62, isonym	1993			Gentianaceae Gentiana coquimbensis Briq.				comb. nov.	0968-0446	\N	\N	\N	\N	\N	\N	\N	\N
974949-1	1.5	Gentianaceae		N	Gentianella		N	corallina		spec.	(Gilg) T.N.Ho & S.W.Liu	(Gilg)	T.N.Ho & S.W.Liu	Gentianella corallina	Bull. Nat. Hist. Mus. London, Bot.	23(2): 62	1993 [25 Nov 1993]			Gentianaceae Gentiana corallina Gilg				comb. nov.	0968-0446	\N	\N	\N	\N	\N	\N	\N	\N
974950-1	1.1.2.1.1.3	Gentianaceae		N	Gentianella		N	crassiuscula		spec.	T.N.Ho & S.W.Liu		T.N.Ho & S.W.Liu	Gentianella crassiuscula	Bull. Nat. Hist. Mus. London, Bot.	23(2): 62, nom. nov.	1993 [25 Nov 1993]				Gentianaceae Gentiana crassicaulis Gilg			nom. nov.	0968-0446	\N	\N	\N	\N	\N	\N	\N	\N
974951-1	1.5	Gentianaceae		N	Gentianella		N	crassulifolia	hypericoides	var.	(Gilg) T.N.Ho	(Gilg)	T.N.Ho	Gentianella crassulifolia var. hypericoides	Bull. Nat. Hist. Mus. London, Bot.	23(2): 62	1993			Gentianaceae Gentiana hypericoides Gilg				comb. nov.	0968-0446	\N	\N	\N	\N	\N	\N	\N	\N
974952-1	1.5	Gentianaceae		N	Gentianella		N	crossolaema		spec.	(Wedd.) T.N.Ho & S.W.Liu	(Wedd.)	T.N.Ho & S.W.Liu	Gentianella crossolaema	Bull. Nat. Hist. Mus. London, Bot.	23(2): 62	1993 [25 Nov 1993]			Gentianaceae Gentiana crossolaema Wedd.				comb. nov.	0968-0446	\N	\N	\N	\N	\N	\N	\N	\N
974953-1	1.1.2.1.1.3	Gentianaceae		N	Gentianella		N	cupiformis		spec.	T.N.Ho & S.W.Liu		T.N.Ho & S.W.Liu	Gentianella cupiformis	Bull. Nat. Hist. Mus. London, Bot.	23(2): 62, nom. nov.	1993				Gentianaceae Gentiana campanuloides Gilg			nom. nov.	0968-0446	\N	\N	\N	\N	\N	\N	\N	\N
974954-1	1.5	Gentianaceae		N	Gentianella		N	dasythamna		spec.	(Gilg) T.N.Ho & S.W.Liu	(Gilg)	T.N.Ho & S.W.Liu	Gentianella dasythamna	Bull. Nat. Hist. Mus. London, Bot.	23(2): 62	1993			Gentianaceae Gentiana dasythamna Gilg				comb. nov.	0968-0446	\N	\N	\N	\N	\N	\N	\N	\N
974955-1	1.1.2.1.1.3	Gentianaceae		N	Gentianella		N	dissitifolia		spec.	(Griseb.) T.N.Ho & S.W.Liu	(Griseb.)	T.N.Ho & S.W.Liu	Gentianella dissitifolia	Bull. Nat. Hist. Mus. London, Bot.	23(2): 62	1993 [25 Nov 1993]			Gentianaceae Gentiana dissitifolia Griseb.				comb. nov.	0968-0446	\N	\N	\N	\N	\N	\N	\N	\N
974956-1	1.5	Gentianaceae		N	Gentianella		N	dombeyana		spec.	(Wedd.) T.N.Ho & S.W.Liu	(Wedd.)	T.N.Ho & S.W.Liu	Gentianella dombeyana	Bull. Nat. Hist. Mus. London, Bot.	23(2): 62	1993 [25 Nov 1993]			Gentianaceae Gentiana dombeyana Wedd.				comb. nov.	0968-0446	\N	\N	\N	\N	\N	\N	\N	\N
974957-1	1.5	Gentianaceae		N	Gentianella		N	ericothamna		spec.	(Gilg) T.N.Ho & S.W.Liu	(Gilg)	T.N.Ho & S.W.Liu	Gentianella ericothamna	Bull. Nat. Hist. Mus. London, Bot.	23(2): 62	1993 [25 Nov 1993]			Gentianaceae Gentiana ericothamna Gilg				comb. nov.	0968-0446	\N	\N	\N	\N	\N	\N	\N	\N
974958-1	1.6	Gentianaceae		N	Gentianella		N	eurysepala		spec.	(Gilg) Fabris ex T.N.Ho & S.W.Liu	(Gilg)	Fabris ex T.N.Ho & S.W.Liu	Gentianella eurysepala	Bull. Nat. Hist. Mus. London, Bot.	23(2): 62	1993 [25 Nov 1993]			Gentianaceae Gentiana eurysepala Gilg				comb. nov.	0968-0446	\N	\N	\N	\N	\N	\N	\N	\N
974959-1	1.5	Gentianaceae		N	Gentianella		N	filipes		spec.	(Cheeseman) T.N.Ho & S.W.Liu	(Cheeseman)	T.N.Ho & S.W.Liu	Gentianella filipes	Bull. Nat. Hist. Mus. London, Bot.	23(2): 62	1993			Gentianaceae Gentiana filipes Cheeseman				comb. nov.	0968-0446	\N	\N	\N	\N	\N	\N	\N	\N
974960-1	1.6	Gentianaceae		N	Gentianella		N	fruticulosa		spec.	(Dombey ex Wedd.) T.N.Ho & S.W.Liu	(Dombey ex Wedd.)	T.N.Ho & S.W.Liu	Gentianella fruticulosa	Bull. Nat. Hist. Mus. London, Bot.	23(2): 62	1993 [25 Nov 1993]			Gentianaceae Gentiana fruticulosa Dombey ex Wedd.				comb. nov.	0968-0446	\N	\N	\N	\N	\N	\N	\N	\N
974961-1	1.4	Gentianaceae		N	Gentianella		N	gibbsii		spec.	(Petrie) T.N.Ho & S.W.Liu	(Petrie)	T.N.Ho & S.W.Liu	Gentianella gibbsii	Bull. Nat. Hist. Mus. London, Bot.	23(2): 62	1993			Gentianaceae Gentiana gibbsii Petrie				comb. nov.	0968-0446	\N	\N	\N	\N	\N	\N	\N	\N
974962-1	1.5	Gentianaceae		N	Gentianella		N	gracilifolia		spec.	(Cheeseman) T.N.Ho & S.W.Liu	(Cheeseman)	T.N.Ho & S.W.Liu	Gentianella gracilifolia	Bull. Nat. Hist. Mus. London, Bot.	23(2): 62	1993			Gentianaceae Gentiana gracilifolia Cheeseman				comb. nov.	0968-0446	\N	\N	\N	\N	\N	\N	\N	\N
974969-1	1.5	Gentianaceae		N	Gentianella		N	graebneriana		spec.	(Gilg) T.N.Ho & S.W.Liu	(Gilg)	T.N.Ho & S.W.Liu	Gentianella graebneriana	Bull. Nat. Hist. Mus. London, Bot.	23(2): 63	1993			Gentianaceae Gentiana graebneriana Gilg				comb. nov.	0968-0446	\N	\N	\N	\N	\N	\N	\N	\N
974970-1	1.4	Gentianaceae		N	Gentianella		N	grisebachii		spec.	(Hook.f.) T.N.Ho	(Hook.f.)	T.N.Ho	Gentianella grisebachii	Bull. Nat. Hist. Mus. London, Bot.	23(2): 63	1993			Gentianaceae Gentiana grisebachii Hook.f.				comb. nov.	0968-0446	\N	\N	\N	\N	\N	\N	\N	\N
974971-1	1.5	Gentianaceae		N	Gentianella		N	ignea		spec.	(Gilg) T.N.Ho & S.W.Liu	(Gilg)	T.N.Ho & S.W.Liu	Gentianella ignea	Bull. Nat. Hist. Mus. London, Bot.	23(2): 63	1993			Gentianaceae Gentiana ignea Gilg				comb. nov.	0968-0446	\N	\N	\N	\N	\N	\N	\N	\N
974972-1	1.6	Gentianaceae		N	Gentianella		N	krauseana		spec.	(Gilg) Fabris ex T.N.Ho & S.W.Liu	(Gilg)	Fabris ex T.N.Ho & S.W.Liu	Gentianella krauseana	Bull. Nat. Hist. Mus. London, Bot.	23(2): 63	1993			Gentianaceae Gentiana krauseana Gilg				comb. nov.	0968-0446	\N	\N	\N	\N	\N	\N	\N	\N
974973-1	1.5	Gentianaceae		N	Gentianella		N	kuntzei		spec.	(Gilg) T.N.Ho & S.W.Liu	(Gilg)	T.N.Ho & S.W.Liu	Gentianella kuntzei	Bull. Nat. Hist. Mus. London, Bot.	23(2): 63	1993			Gentianaceae Gentiana kuntzei Gilg				comb. nov.	0968-0446	\N	\N	\N	\N	\N	\N	\N	\N
974974-1	1.5	Gentianaceae		N	Gentianella		N	kusnezowii		spec.	(Gilg) T.N.Ho & S.W.Liu	(Gilg)	T.N.Ho & S.W.Liu	Gentianella kusnezowii	Bull. Nat. Hist. Mus. London, Bot.	23(2): 63	1993			Gentianaceae Gentiana kusnezowii Franch.				comb. nov.	0968-0446	\N	\N	\N	\N	\N	\N	\N	\N
974975-1	1.5	Gentianaceae		N	Gentianella		N	larecajensis		spec.	(Gilg) T.N.Ho & S.W.Liu	(Gilg)	T.N.Ho & S.W.Liu	Gentianella larecajensis	Bull. Nat. Hist. Mus. London, Bot.	23(2): 63	1993			Gentianaceae Gentiana larecajensis Gilg				comb. nov.	0968-0446	\N	\N	\N	\N	\N	\N	\N	\N
974976-1	1.5	Gentianaceae		N	Gentianella		N	lilacina		spec.	(Gilg) T.N.Ho & S.W.Liu	(Gilg)	T.N.Ho & S.W.Liu	Gentianella lilacina	Bull. Nat. Hist. Mus. London, Bot.	23(2): 63	1993 [25 Nov 1993]			Gentianaceae Gentiana lilacina Gilg				comb. nov.	0968-0446	\N	\N	\N	\N	\N	\N	\N	\N
974977-1	1.5	Gentianaceae		N	Gentianella		N	lilacinoflavescens		spec.	(Gilg) T.N.Ho & S.W.Liu	(Gilg)	T.N.Ho & S.W.Liu	Gentianella lilacinoflavescens	Bull. Nat. Hist. Mus. London, Bot.	23(2): 63, as 'lilacino-flavescens'	1993			Gentianaceae Gentiana lilacinoflavescens				comb. nov.	0968-0446	\N	\N	\N	\N	\N	\N	\N	\N
974978-1	1.6	Gentianaceae		N	Gentianella		N	lineata		spec.	(Kirk) T.N.Ho & S.W.Liu	(Kirk)	T.N.Ho & S.W.Liu	Gentianella lineata	Bull. Nat. Hist. Mus. London, Bot.	23(2): 63	1993			Gentianaceae Gentiana lineata Kirk				comb. nov.	0968-0446	\N	\N	\N	\N	\N	\N	\N	\N
974979-1	1.5	Gentianaceae		N	Gentianella		N	liniflora		spec.	(Kunth) T.N.Ho & S.W.Liu	(Kunth)	T.N.Ho & S.W.Liu	Gentianella liniflora	Bull. Nat. Hist. Mus. London, Bot.	23(2): 63	1993 [25 Nov 1993]			Gentianaceae Gentiana liniflora Kunth				comb. nov.	0968-0446	\N	\N	\N	\N	\N	\N	\N	\N
974980-1	1.5	Gentianaceae		N	Gentianella		N	lithophila		spec.	(Gilg) T.N.Ho & S.W.Liu	(Gilg)	T.N.Ho & S.W.Liu	Gentianella lithophila	Bull. Nat. Hist. Mus. London, Bot.	23(2): 63	1993			Gentianaceae Gentiana lithophila Gilg				comb. nov.	0968-0446	\N	\N	\N	\N	\N	\N	\N	\N
974981-1	1.5	Gentianaceae		N	Gentianella		N	lobbii		spec.	(Gilg) T.N.Ho & S.W.Liu	(Gilg)	T.N.Ho & S.W.Liu	Gentianella lobbii	Bull. Nat. Hist. Mus. London, Bot.	23(2): 63	1993			Gentianaceae Gentiana lobbii Gilg				comb. nov.	0968-0446	\N	\N	\N	\N	\N	\N	\N	\N
974982-1	1.6	Gentianaceae		N	Gentianella		N	luridoviolacea		spec.	(Gilg) Fabris ex T.N.Ho & S.W.Liu	(Gilg)	Fabris ex T.N.Ho & S.W.Liu	Gentianella luridoviolacea	Bull. Nat. Hist. Mus. London, Bot.	23(2): 63, as 'lurido-violacea'	1993 [25 Nov 1993]			Gentianaceae Gentiana luridoviolacea				comb. nov.	0968-0446	\N	\N	\N	\N	\N	\N	\N	\N
974983-1	1.5	Gentianaceae		N	Gentianella		N	lythroides		spec.	(Gilg) T.N.Ho & S.W.Liu	(Gilg)	T.N.Ho & S.W.Liu	Gentianella lythroides	Bull. Nat. Hist. Mus. London, Bot.	23(2): 63	1993			Gentianaceae Gentiana lythroides Gilg				comb. nov.	0968-0446	\N	\N	\N	\N	\N	\N	\N	\N
974984-1	1.6	Gentianaceae		N	Gentianella		N	macrorrhiza		spec.	(Gilg) Fabris ex T.N.Ho & S.W.Liu	(Gilg)	Fabris ex T.N.Ho & S.W.Liu	Gentianella macrorrhiza	Bull. Nat. Hist. Mus. London, Bot.	23(2): 63, as 'macrorriza'	1993			Gentianaceae Gentiana macrorrhiza Gilg				comb. nov.	0968-0446	\N	\N	\N	\N	\N	\N	\N	\N
974985-1	1.4	Gentianaceae		N	Gentianella		N	matthewsii		spec.	(Petrie) T.N.Ho & S.W.Liu	(Petrie)	T.N.Ho & S.W.Liu	Gentianella matthewsii	Bull. Nat. Hist. Mus. London, Bot.	23(2): 63, as 'mathewsii'	1993			Gentianaceae Gentiana matthewsii Petrie				comb. nov.	0968-0446	\N	\N	\N	\N	\N	\N	\N	\N
974986-1	1.5	Gentianaceae		N	Gentianella		N	mesembrianthemoides		spec.	(Gilg) T.N.Ho & S.W.Liu	(Gilg)	T.N.Ho & S.W.Liu	Gentianella mesembrianthemoides	Bull. Nat. Hist. Mus. London, Bot.	23(2): 63	1993			Gentianaceae Gentiana mesembrianthemoides Gilg				comb. nov.	0968-0446	\N	\N	\N	\N	\N	\N	\N	\N
974987-1	1.5	Gentianaceae		N	Gentianella		N	muscoides		spec.	(Gilg) T.N.Ho & S.W.Liu	(Gilg)	T.N.Ho & S.W.Liu	Gentianella muscoides	Bull. Nat. Hist. Mus. London, Bot.	23(2): 63	1993 [25 Nov 1993]			Gentianaceae Gentiana muscoides Gilg				comb. nov.	0968-0446	\N	\N	\N	\N	\N	\N	\N	\N
974988-1	1.5	Gentianaceae		N	Gentianella		N	narcissoides		spec.	(Gilg) T.N.Ho & S.W.Liu	(Gilg)	T.N.Ho & S.W.Liu	Gentianella narcissoides	Bull. Nat. Hist. Mus. London, Bot.	23(2): 63	1993			Gentianaceae Gentiana narcissoides Gilg				comb. nov.	0968-0446	\N	\N	\N	\N	\N	\N	\N	\N
974989-1	1.1.1.3	Gentianaceae		N	Gentianella		N	neomandonii		spec.	(R.C.Foster) T.N.Ho & S.W.Liu	(R.C.Foster)	T.N.Ho & S.W.Liu	Gentianella neomandonii	Bull. Nat. Hist. Mus. London, Bot.	23(2): 63	1993			Gentianaceae Gentiana neomandonii R.C.Foster				comb. nov.	0968-0446	\N	\N	\N	\N	\N	\N	\N	\N
974990-1	1.5	Gentianaceae		N	Gentianella		N	odontosepala		spec.	(Gilg) T.N.Ho & S.W.Liu	(Gilg)	T.N.Ho & S.W.Liu	Gentianella odontosepala	Bull. Nat. Hist. Mus. London, Bot.	23(2): 63	1993			Gentianaceae Gentiana odontosepala Gilg				comb. nov.	0968-0446	\N	\N	\N	\N	\N	\N	\N	\N
974991-1	1.5	Gentianaceae		N	Gentianella		N	oreosilene		spec.	(Gilg) T.N.Ho & S.W.Liu	(Gilg)	T.N.Ho & S.W.Liu	Gentianella oreosilene	Bull. Nat. Hist. Mus. London, Bot.	23(2): 63, as 'oreosilena'	1993 [25 Nov 1993]			Gentianaceae Gentiana oreosilene Gilg				comb. nov.	0968-0446	\N	\N	\N	\N	\N	\N	\N	\N
974992-1	1.5	Gentianaceae		N	Gentianella		N	orobanchoides		spec.	(Gilg) T.N.Ho & S.W.Liu	(Gilg)	T.N.Ho & S.W.Liu	Gentianella orobanchoides	Bull. Nat. Hist. Mus. London, Bot.	23(2): 63	1993			Gentianaceae Gentiana orobanchoides Gilg				comb. nov.	0968-0446	\N	\N	\N	\N	\N	\N	\N	\N
974993-1	1.5	Gentianaceae		N	Gentianella		N	pachystemon		spec.	(Gilg) T.N.Ho & S.W.Liu	(Gilg)	T.N.Ho & S.W.Liu	Gentianella pachystemon	Bull. Nat. Hist. Mus. London, Bot.	23(2): 63	1993			Gentianaceae Gentiana pachystemon Gilg				comb. nov.	0968-0446	\N	\N	\N	\N	\N	\N	\N	\N
974994-1	1.5	Gentianaceae		N	Gentianella		N	palcana		spec.	(Gilg) T.N.Ho & S.W.Liu	(Gilg)	T.N.Ho & S.W.Liu	Gentianella palcana	Bull. Nat. Hist. Mus. London, Bot.	23(2): 63	1993			Gentianaceae Gentiana palcana Gilg				comb. nov.	0968-0446	\N	\N	\N	\N	\N	\N	\N	\N
974995-1	1.5	Gentianaceae		N	Gentianella		N	pallidolilacina		spec.	(Gilg) T.N.Ho & S.W.Liu	(Gilg)	T.N.Ho & S.W.Liu	Gentianella pallidolilacina	Bull. Nat. Hist. Mus. London, Bot.	23(2): 63, as 'pallido-lilacina'	1993			Gentianaceae Gentiana pallidolilacina				comb. nov.	0968-0446	\N	\N	\N	\N	\N	\N	\N	\N
974996-1	1.1.2.1.1.2	Gentianaceae		N	Gentianella		N	parviflora		spec.	(Griseb.) T.N.Ho	(Griseb.)	T.N.Ho	Gentianella parviflora	Bull. Nat. Hist. Mus. London, Bot.	23(2): 63	1993			Gentianaceae Gentiana coerulescens Gill. ex Griseb. var. parviflora				comb. nov.	0968-0446	\N	\N	\N	\N	\N	\N	\N	\N
975022-1	1.1.2.1.1.4	Gentianaceae		N	Gentianella		N	peruviana	boliviana	var.	(Pax) T.N.Ho	(Pax)	T.N.Ho	Gentianella peruviana var. boliviana	Bull. Nat. Hist. Mus. London, Bot.	23(2): 64	1993			Gentianaceae Gentiana boliviana Pax				comb. nov.	0968-0446	\N	\N	\N	\N	\N	\N	\N	\N
975023-1	1.5	Gentianaceae		N	Gentianella		N	petrophila		spec.	(Gilg) T.N.Ho & S.W.Liu	(Gilg)	T.N.Ho & S.W.Liu	Gentianella petrophila	Bull. Nat. Hist. Mus. London, Bot.	23(2): 64	1993 [25 Nov 1993]			Gentianaceae Gentiana petrophila Gilg				comb. nov.	0968-0446	\N	\N	\N	\N	\N	\N	\N	\N
975024-1	1.5	Gentianaceae		N	Gentianella		N	pilgeriana		spec.	(Gilg) T.N.Ho & S.W.Liu	(Gilg)	T.N.Ho & S.W.Liu	Gentianella pilgeriana	Bull. Nat. Hist. Mus. London, Bot.	23(2): 64	1993			Gentianaceae Gentiana pilgeriana Gilg				comb. nov.	0968-0446	\N	\N	\N	\N	\N	\N	\N	\N
975025-1	1.5	Gentianaceae		N	Gentianella		N	poculifera		spec.	(Gilg) T.N.Ho & S.W.Liu	(Gilg)	T.N.Ho & S.W.Liu	Gentianella poculifera	Bull. Nat. Hist. Mus. London, Bot.	23(2): 64	1993 [25 Nov 1993]			Gentianaceae Gentiana poculifera Gilg				comb. nov.	0968-0446	\N	\N	\N	\N	\N	\N	\N	\N
975026-1	1.6	Gentianaceae		N	Gentianella		N	porphyrantha		spec.	(Gilg) Fabris ex T.N.Ho & S.W.Liu	(Gilg)	Fabris ex T.N.Ho & S.W.Liu	Gentianella porphyrantha	Bull. Nat. Hist. Mus. London, Bot.	23(2): 64	1993 [25 Nov 1993]			Gentianaceae Gentiana porphyrantha Gilg				comb. nov.	0968-0446	\N	\N	\N	\N	\N	\N	\N	\N
975027-1	1.5	Gentianaceae		N	Gentianella		N	potamophila		spec.	(Gilg) Fabris ex T.N.Ho	(Gilg)	Fabris ex T.N.Ho	Gentianella potamophila	Bull. Nat. Hist. Mus. London, Bot.	23(2): 64	1993 [25 Nov 1993]			Gentianaceae Gentiana potamophila Gilg				comb. nov.	0968-0446	\N	\N	\N	\N	\N	\N	\N	\N
975028-1	1.5	Gentianaceae		N	Gentianella		N	primuloides		spec.	(Gilg) T.N.Ho & S.W.Liu	(Gilg)	T.N.Ho & S.W.Liu	Gentianella primuloides	Bull. Nat. Hist. Mus. London, Bot.	23(2): 64	1993 [25 Nov 1993]			Gentianaceae Gentiana primuloides Gilg				comb. nov.	0968-0446	\N	\N	\N	\N	\N	\N	\N	\N
975029-1	1.5	Gentianaceae		N	Gentianella		N	pseudolycopodium		spec.	(Gilg) T.N.Ho & S.W.Liu	(Gilg)	T.N.Ho & S.W.Liu	Gentianella pseudolycopodium	Bull. Nat. Hist. Mus. London, Bot.	23(2): 64	1993 [25 Nov 1993]			Gentianaceae Gentiana pseudolycopodium Gilg				comb. nov.	0968-0446	\N	\N	\N	\N	\N	\N	\N	\N
975030-1	1.1.2.1.1.3	Gentianaceae		N	Gentianella		N	pulla		spec.	(Griseb.) T.N.Ho & S.W.Liu	(Griseb.)	T.N.Ho & S.W.Liu	Gentianella pulla	Bull. Nat. Hist. Mus. London, Bot.	23(2): 64	1993			Gentianaceae Gentiana pulla Franch.				comb. nov.	0968-0446	\N	\N	\N	\N	\N	\N	\N	\N
975031-1	1.5	Gentianaceae		N	Gentianella		N	raimondiana		spec.	(Wedd.) T.N.Ho & S.W.Liu	(Wedd.)	T.N.Ho & S.W.Liu	Gentianella raimondiana	Bull. Nat. Hist. Mus. London, Bot.	23(2): 64	1993 [25 Nov 1993]			Gentianaceae Gentiana raimondiana Wedd.				comb. nov.	0968-0446	\N	\N	\N	\N	\N	\N	\N	\N
975032-1	1.5	Gentianaceae		N	Gentianella		N	roseolilacina		spec.	(Gilg) T.N.Ho & S.W.Liu	(Gilg)	T.N.Ho & S.W.Liu	Gentianella roseolilacina	Bull. Nat. Hist. Mus. London, Bot.	23(2): 64, as 'roseo-lilacina'	1993 [25 Nov 1993]			Gentianaceae Gentiana roseolilacina				comb. nov.	0968-0446	\N	\N	\N	\N	\N	\N	\N	\N
975033-1	1.1.1.4	Gentianaceae		N	Gentianella		N	sancti-mathaeii		spec.	(R.C.Foster) T.N.Ho & S.W.Liu	(R.C.Foster)	T.N.Ho & S.W.Liu	Gentianella sancti-mathaeii	Bull. Nat. Hist. Mus. London, Bot.	23(2): 64	1993			Gentianaceae Gentiana sancti-mathacii				comb. nov.	0968-0446	\N	\N	\N	\N	\N	\N	\N	\N
975034-1	1.5	Gentianaceae		N	Gentianella		N	sandiensis		spec.	(Gilg) T.N.Ho & S.W.Liu	(Gilg)	T.N.Ho & S.W.Liu	Gentianella sandiensis	Bull. Nat. Hist. Mus. London, Bot.	23(2): 64	1993 [25 Nov 1993]			Gentianaceae Gentiana sandiensis Gilg				comb. nov.	0968-0446	\N	\N	\N	\N	\N	\N	\N	\N
975035-1	1.1.2.1.1.3	Gentianaceae		N	Gentianella		N	saxicola		spec.	(Griseb.) T.N.Ho & S.W.Liu	(Griseb.)	T.N.Ho & S.W.Liu	Gentianella saxicola	Bull. Nat. Hist. Mus. London, Bot.	23(2): 64	1993 [25 Nov 1993]			Gentianaceae Gentiana saxicola English				comb. nov.	0968-0446	\N	\N	\N	\N	\N	\N	\N	\N
975036-1	1.5	Gentianaceae		N	Gentianella		N	scarlatiflora		spec.	(Gilg) T.N.Ho & S.W.Liu	(Gilg)	T.N.Ho & S.W.Liu	Gentianella scarlatiflora	Bull. Nat. Hist. Mus. London, Bot.	23(2): 64	1993 [25 Nov 1993]			Gentianaceae Gentiana scarlatiflora Gilg				comb. nov.	0968-0446	\N	\N	\N	\N	\N	\N	\N	\N
975037-1	1.5	Gentianaceae		N	Gentianella		N	scarlatina		spec.	(Gilg) T.N.Ho & S.W.Liu	(Gilg)	T.N.Ho & S.W.Liu	Gentianella scarlatina	Bull. Nat. Hist. Mus. London, Bot.	23(2): 64	1993 [25 Nov 1993]			Gentianaceae Gentiana scarlatina Gilg				comb. nov.	0968-0446	\N	\N	\N	\N	\N	\N	\N	\N
975038-1	1.5	Gentianaceae		N	Gentianella		N	scarlatinostriata		spec.	(Gilg) T.N.Ho & S.W.Liu	(Gilg)	T.N.Ho & S.W.Liu	Gentianella scarlatinostriata	Bull. Nat. Hist. Mus. London, Bot.	23(2): 64, as 'scarlatino-striata'	1993 [25 Nov 1993]			Gentianaceae Gentiana scarlatinostriata Gilg				comb. nov.	0968-0446	\N	\N	\N	\N	\N	\N	\N	\N
975039-1	1.2	Gentianaceae		N	Gentianella		N	scopulorum		spec.	(Wedd.) Fabris ex T.N.Ho & S.W.Liu	(Wedd.)	Fabris ex T.N.Ho & S.W.Liu	Gentianella scopulorum	Bull. Nat. Hist. Mus. London, Bot.	23(2): 64	1993			Gentianaceae Gentiana scopulorum Wedd.				comb. nov.	0968-0446	\N	\N	\N	\N	\N	\N	\N	\N
975040-1	1.5	Gentianaceae		N	Gentianella		N	silenoides	striaticalyx	var.	(Gilg) T.N.Ho	(Gilg)	T.N.Ho	Gentianella silenoides var. striaticalyx	Bull. Nat. Hist. Mus. London, Bot.	23(2): 64	1993			Gentianaceae Gentiana striaticalyx Gilg				comb. nov.	0968-0446	\N	\N	\N	\N	\N	\N	\N	\N
975041-1	1.5	Gentianaceae		N	Gentianella		N	silenoides	inaequicalyx	var.	(Gilg) T.N.Ho	(Gilg)	T.N.Ho	Gentianella silenoides var. inaequicalyx	Bull. Nat. Hist. Mus. London, Bot.	23(2): 64	1993			Gentianaceae Gentiana inaequicalyx Gilg				comb. nov.	0968-0446	\N	\N	\N	\N	\N	\N	\N	\N
975042-1	1.5	Gentianaceae		N	Gentianella		N	serotina		spec.	(Cockayne) T.N.Ho & S.W.Liu	(Cockayne)	T.N.Ho & S.W.Liu	Gentianella serotina	Bull. Nat. Hist. Mus. London, Bot.	23(2): 64	1993			Gentianaceae Gentiana serotina Cockayne				comb. nov.	0968-0446	\N	\N	\N	\N	\N	\N	\N	\N
975043-1	1.5	Gentianaceae		N	Gentianella		N	setipes		spec.	(Gilg) T.N.Ho & S.W.Liu	(Gilg)	T.N.Ho & S.W.Liu	Gentianella setipes	Bull. Nat. Hist. Mus. London, Bot.	23(2): 64	1993 [25 Nov 1993]			Gentianaceae Gentiana setipes Gilg				comb. nov.	0968-0446	\N	\N	\N	\N	\N	\N	\N	\N
975044-1	1.5	Gentianaceae		N	Gentianella		N	soratensis		spec.	(Gilg) T.N.Ho & S.W.Liu	(Gilg)	T.N.Ho & S.W.Liu	Gentianella soratensis	Bull. Nat. Hist. Mus. London, Bot.	23(2): 65	1993			Gentianaceae Gentiana soratensis Gilg				comb. nov.	0968-0446	\N	\N	\N	\N	\N	\N	\N	\N
975045-1	1.5	Gentianaceae		N	Gentianella		N	speciosissima		spec.	(Gilg) T.N.Ho & S.W.Liu	(Gilg)	T.N.Ho & S.W.Liu	Gentianella speciosissima	Bull. Nat. Hist. Mus. London, Bot.	23(2): 65	1993 [25 Nov 1993]			Gentianaceae Gentiana speciosissima Gilg				comb. nov.	0968-0446	\N	\N	\N	\N	\N	\N	\N	\N
975046-1	1.4	Gentianaceae		N	Gentianella		N	spedenii		spec.	(Petrie) T.N.Ho & S.W.Liu	(Petrie)	T.N.Ho & S.W.Liu	Gentianella spedenii	Bull. Nat. Hist. Mus. London, Bot.	23(2): 65	1993			Gentianaceae Gentiana spedenii				comb. nov.	0968-0446	\N	\N	\N	\N	\N	\N	\N	\N
975047-1	1.6	Gentianaceae		N	Gentianella		N	spenceri		spec.	(Kirk) T.N.Ho & S.W.Liu	(Kirk)	T.N.Ho & S.W.Liu	Gentianella spenceri	Bull. Nat. Hist. Mus. London, Bot.	23(2): 65	1993			Gentianaceae Gentiana spenceri Kirk				comb. nov.	0968-0446	\N	\N	\N	\N	\N	\N	\N	\N
975048-1	1.5	Gentianaceae		N	Gentianella		N	stellarioides	androtricha	var.	(Gilg) T.N.Ho	(Gilg)	T.N.Ho	Gentianella stellarioides var. androtricha	Bull. Nat. Hist. Mus. London, Bot.	23(2): 65	1993			Gentianaceae Gentiana androtricha Gilg				comb. nov.	0968-0446	\N	\N	\N	\N	\N	\N	\N	\N
975049-1	1.5	Gentianaceae		N	Gentianella		N	stenosepala		spec.	(Gilg) T.N.Ho & S.W.Liu	(Gilg)	T.N.Ho & S.W.Liu	Gentianella stenosepala	Bull. Nat. Hist. Mus. London, Bot.	23(2): 65	1993			Gentianaceae Gentiana stenosepala Gilg				comb. nov.	0968-0446	\N	\N	\N	\N	\N	\N	\N	\N
975050-1	1.5	Gentianaceae		N	Gentianella		N	stricticaulis		spec.	(Gilg) T.N.Ho & S.W.Liu	(Gilg)	T.N.Ho & S.W.Liu	Gentianella stricticaulis	Bull. Nat. Hist. Mus. London, Bot.	23(2): 65	1993			Gentianaceae Gentiana stricticaulis Gilg				comb. nov.	0968-0446	\N	\N	\N	\N	\N	\N	\N	\N
975051-1	1.5	Gentianaceae		N	Gentianella		N	stuebelii		spec.	(Gilg) T.N.Ho & S.W.Liu	(Gilg)	T.N.Ho & S.W.Liu	Gentianella stuebelii	Bull. Nat. Hist. Mus. London, Bot.	23(2): 65	1993			Gentianaceae Gentiana stuebelii Gilg				comb. nov.	0968-0446	\N	\N	\N	\N	\N	\N	\N	\N
975052-1	1.5	Gentianaceae		N	Gentianella		N	tarapacana		spec.	(Gilg) T.N.Ho & S.W.Liu	(Gilg)	T.N.Ho & S.W.Liu	Gentianella tarapacana	Bull. Nat. Hist. Mus. London, Bot.	23(2): 65	1993			Gentianaceae Gentiana tarapacana Gilg				comb. nov.	0968-0446	\N	\N	\N	\N	\N	\N	\N	\N
975053-1	1.4	Gentianaceae		N	Gentianella		N	tenuifolia		spec.	(Petrie) T.N.Ho & S.W.Liu	(Petrie)	T.N.Ho & S.W.Liu	Gentianella tenuifolia	Bull. Nat. Hist. Mus. London, Bot.	23(2): 65	1993			Gentianaceae Gentiana tenuifolia (Raf.) Fernald				comb. nov.	0968-0446	\N	\N	\N	\N	\N	\N	\N	\N
975054-1	1.4	Gentianaceae		N	Gentianella		N	tereticaulis		spec.	(Petrie) T.N.Ho & S.W.Liu	(Petrie)	T.N.Ho & S.W.Liu	Gentianella tereticaulis	Bull. Nat. Hist. Mus. London, Bot.	23(2): 65	1993			Gentianaceae Gentiana tereticaulis Petrie				comb. nov.	0968-0446	\N	\N	\N	\N	\N	\N	\N	\N
975055-1	1.5	Gentianaceae		N	Gentianella		N	thiosphaera	macroclada	var.	(Gilg) T.N.Ho	(Gilg)	T.N.Ho	Gentianella thiosphaera var. macroclada	Bull. Nat. Hist. Mus. London, Bot.	23(2): 65	1993			Gentianaceae Gentiana macroclada Gilg				comb. nov.	0968-0446	\N	\N	\N	\N	\N	\N	\N	\N
975056-1	1.5	Gentianaceae		N	Gentianella		N	townsonii		spec.	(Cheeseman) T.N.Ho & S.W.Liu	(Cheeseman)	T.N.Ho & S.W.Liu	Gentianella townsonii	Bull. Nat. Hist. Mus. London, Bot.	23(2): 65	1993			Gentianaceae Gentiana townsonii				comb. nov.	0968-0446	\N	\N	\N	\N	\N	\N	\N	\N
975057-1	1.6	Gentianaceae		N	Gentianella		N	tristicha		spec.	(Gilg) Fabris ex T.N.Ho & S.W.Liu	(Gilg)	Fabris ex T.N.Ho & S.W.Liu	Gentianella tristicha	Bull. Nat. Hist. Mus. London, Bot.	23(2): 65	1993 [25 Nov 1993]			Gentianaceae Gentiana tristicha Gilg				comb. nov.	0968-0446	\N	\N	\N	\N	\N	\N	\N	\N
975058-1	1.5	Gentianaceae		N	Gentianella		N	vernicosa		spec.	(Cheeseman) T.N.Ho & S.W.Liu	(Cheeseman)	T.N.Ho & S.W.Liu	Gentianella vernicosa	Bull. Nat. Hist. Mus. London, Bot.	23(2): 65	1993			Gentianaceae Gentiana vernicosa Cheeseman				comb. nov.	0968-0446	\N	\N	\N	\N	\N	\N	\N	\N
975059-1	1.1.2.2.1.3	Clusiaceae		N	Hypericum		N	nitidum	cubense	subsp.	(Turcz.) N.Robson	(Turcz.)	N.Robson	Hypericum nitidum subsp. cubense	Bull. Nat. Hist. Mus. London, Bot.	23(2): 67	1993			Clusiaceae Hypericum cubense				comb. nov.	0968-0446	\N	\N	\N	\N	\N	\N	\N	\N
975060-1	1.1.2.2.1.3	Clusiaceae		N	Hypericum		N	nitidum	exile	subsp.	(W.P.Adams) N.Robson	(W.P.Adams)	N.Robson	Hypericum nitidum subsp. exile	Bull. Nat. Hist. Mus. London, Bot.	23(2): 67	1993			Clusiaceae Hypericum exile W.P.Adams				comb. nov.	0968-0446	\N	\N	\N	\N	\N	\N	\N	\N
975061-1	1.1.2.1.2.1.1.4	Clusiaceae		N	Hypericum		N	hypericoides	prostratum	subsp.	N.Robson		N.Robson	Hypericum hypericoides subsp. prostratum	Bull. Nat. Hist. Mus. London, Bot.	23(2): 68	1993						Dominican Republic.	tax. nov.	0968-0446	\N	\N	\N	\N	\N	\N	\N	\N
975062-1	1.1.2.2.1.2	Clusiaceae		N	Hypericum		N	fieriense		spec.	N.Robson		N.Robson	Hypericum fieriense	Bull. Nat. Hist. Mus. London, Bot.	23(2): 68	1993						Socotra.	tax. nov.	0968-0446	\N	\N	\N	\N	\N	\N	\N	\N
975063-1	1.1.2.1.1.3	Clusiaceae		N	Hypericum		N	aegypticum	maroccanum	subsp.	(Pau) N.Robson	(Pau)	N.Robson	Hypericum aegypticum subsp. maroccanum	Bull. Nat. Hist. Mus. London, Bot.	23(2): 68	1993			Clusiaceae Hypericum aegypticum  var. maroccanum				comb. nov.	0968-0446	\N	\N	\N	\N	\N	\N	\N	\N
975064-1	1.1.2.1.1.3	Clusiaceae		N	Hypericum		N	aegypticum	webbii	subsp.	(Spach) N.Robson	(Spach)	N.Robson	Hypericum aegypticum subsp. webbii	Bull. Nat. Hist. Mus. London, Bot.	23(2): 68	1993			Clusiaceae Triadenia webbii				comb. nov.	0968-0446	\N	\N	\N	\N	\N	\N	\N	\N
975065-1	1.1.2.2.1.1	Clusiaceae		N	Hypericum	aethiopica	N			subsect.	N.Robson		N.Robson	Hypericum subsect. Aethiopica	Bull. Nat. Hist. Mus. London, Bot.	23(2): 69	1993							tax. nov.	0968-0446	\N	\N	\N	\N	\N	\N	\N	\N
975066-1	1.1.2.2.1.1	Clusiaceae		N	Hypericum	pubescentes	N			subsect.	N.Robson		N.Robson	Hypericum subsect. Pubescentes	Bull. Nat. Hist. Mus. London, Bot.	23(2): 69	1993							tax. nov.	0968-0446	\N	\N	\N	\N	\N	\N	\N	\N
975067-1	1.1.2.2.1.1	Clusiaceae		N	Hypericum	caprifolia	N			subsect.	N.Robson		N.Robson	Hypericum subsect. Caprifolia	Bull. Nat. Hist. Mus. London, Bot.	23(2): 69	1993							tax. nov.	0968-0446	\N	\N	\N	\N	\N	\N	\N	\N
975068-1	1.1.2.2.1.1	Clusiaceae		N	Hypericum	adenosepalum	N			subsect.	N.Robson		N.Robson	Hypericum subsect. Adenosepalum	Bull. Nat. Hist. Mus. London, Bot.	23(2): 69	1993							tax. nov.	0968-0446	\N	\N	\N	\N	\N	\N	\N	\N
975069-1	1.1.2.2.1.2	Clusiaceae		N	Hypericum		N	collenetteae		spec.	N.Robson		N.Robson	Hypericum collenetteae	Bull. Nat. Hist. Mus. London, Bot.	23(2): 69, as 'collenettiae'	1993						Saudi Arabia.	tax. nov.	0968-0446	\N	\N	\N	\N	\N	\N	\N	\N
975070-1	1.1.2.2.1.5	Clusiaceae		N	Hypericum		N	annulatum	intermedium	subsp.	(Steud. ex A.Rich.) N.Robson	(Steud. ex A.Rich.)	N.Robson	Hypericum annulatum subsp. intermedium	Bull. Nat. Hist. Mus. London, Bot.	23(2): 69	1993			Clusiaceae Hypericum intermedium				comb. nov.	0968-0446	\N	\N	\N	\N	\N	\N	\N	\N
975071-1	1.1.2.2.1.3	Clusiaceae		N	Hypericum		N	annulatum	afromontanum	subsp.	(Bullock) N.Robson	(Bullock)	N.Robson	Hypericum annulatum subsp. afromontanum	Bull. Nat. Hist. Mus. London, Bot.	23(2): 69	1993			Clusiaceae Hypericum afromontanum Bullock				comb. nov.	0968-0446	\N	\N	\N	\N	\N	\N	\N	\N
975072-1	1.4	Asteraceae	ursiniinae	N			N			subtrib.	K.Bremer & Humphries		K.Bremer & Humphries	subtrib. Ursiniinae	Bull. Nat. Hist. Mus. London, Bot.	23(2): 91	1993							tax. nov.	0968-0446	\N	\N	\N	\N	\N	\N	\N	\N
975073-1	1.4	Asteraceae		N	Ursinia		N	brachyloba		spec.	(Kunze) K.Bremer & Humphries	(Kunze)	K.Bremer & Humphries	Ursinia brachyloba	Bull. Nat. Hist. Mus. London, Bot.	23(2): 93, isonym	1993			Asteraceae Sphenogyne brachyloba Kunze				comb. nov.	0968-0446	\N	\N	\N	\N	\N	\N	\N	\N
975074-1	1.4	Asteraceae	cancriniinae	N			N			subtrib.	K.Bremer & Humphries		K.Bremer & Humphries	subtrib. Cancriniinae	Bull. Nat. Hist. Mus. London, Bot.	23(2): 96	1993							tax. nov.	0968-0446	\N	\N	\N	\N	\N	\N	\N	\N
975075-1	1.5	Asteraceae		N	Richteria		N	djilgense		spec.	(Franch.) K.Bremer & Humphries	(Franch.)	K.Bremer & Humphries	Richteria djilgense	Bull. Nat. Hist. Mus. London, Bot.	23(2): 98	1993			Asteraceae Chrysanthemum djilgense Franch.				comb. nov.	0968-0446	\N	\N	\N	\N	\N	\N	\N	\N
975076-1	1.5	Asteraceae		N	Allardia		N	lasiocarpa		spec.	(G.X.Fu) K.Bremer & Humphries	(G.X.Fu)	K.Bremer & Humphries	Allardia lasiocarpa	Bull. Nat. Hist. Mus. London, Bot.	23(2): 98	1993			Asteraceae Waldheimia lasiocarpa G.X.Fu				comb. nov.	0968-0446	\N	\N	\N	\N	\N	\N	\N	\N
975077-1	1.7	Asteraceae		N	Allardia		N	transalaica		spec.	(Tzvelev) K.Bremer & Humphries	(Tzvelev)	K.Bremer & Humphries	Allardia transalaica	Bull. Nat. Hist. Mus. London, Bot.	23(2): 98	1993			Asteraceae Waldheimia transalaica Tzvelev				comb. nov.	0968-0446	\N	\N	\N	\N	\N	\N	\N	\N
975078-1	1.4	Asteraceae	tanacetinae	N			N			subtrib.	K.Bremer & Humphries		K.Bremer & Humphries	subtrib. Tanacetinae	Bull. Nat. Hist. Mus. London, Bot.	23(2): 99, nom. provis.	1993							tax. nov.	0968-0446	\N	\N	\N	\N	\N	\N	\N	\N
975079-1	1.6	Asteraceae		N	Tanacetum		N	abrotanoides		spec.	K.Bremer & Humphries		K.Bremer & Humphries	Tanacetum abrotanoides	Bull. Nat. Hist. Mus. London, Bot.	23(2): 101, nom. nov.	1993				Asteraceae Pyrethrum abrotanifolium Bunge ex Ledeb.			nom. nov.	0968-0446	\N	\N	\N	\N	\N	\N	\N	\N
975080-1	1.3.2.1.1.1	Asteraceae		N	Tanacetum		N	arctodzhungaricum		spec.	(Golosk.) K.Bremer & Humphries	(Golosk.)	K.Bremer & Humphries	Tanacetum arctodzhungaricum	Bull. Nat. Hist. Mus. London, Bot.	23(2): 101	1993			Asteraceae Pyrethrum arctodzhungaricum Golosk.				comb. nov.	0968-0446	\N	\N	\N	\N	\N	\N	\N	\N
975081-1	1.5	Asteraceae		N	Tanacetum		N	aromaticum		spec.	(Tzvelev) K.Bremer & Humphries	(Tzvelev)	K.Bremer & Humphries	Tanacetum aromaticum	Bull. Nat. Hist. Mus. London, Bot.	23(2): 101	1993			Asteraceae Pyrethrum aromaticum Tzvelev				comb. nov.	0968-0446	\N	\N	\N	\N	\N	\N	\N	\N
975082-1	1.8	Asteraceae		N	Tanacetum		N	changaicum		spec.	(Krasch. ex Grubov) K.Bremer & Humphries	(Krasch. ex Grubov)	K.Bremer & Humphries	Tanacetum changaicum	Bull. Nat. Hist. Mus. London, Bot.	23(2): 102	1993			Asteraceae Pyrethrum changaicum Krasch. ex Grubov				comb. nov.	0968-0446	\N	\N	\N	\N	\N	\N	\N	\N
975083-1	1.5	Asteraceae		N	Tanacetum		N	chitralense		spec.	(Podlech) K.Bremer & Humphries	(Podlech)	K.Bremer & Humphries	Tanacetum chitralense	Bull. Nat. Hist. Mus. London, Bot.	23(2): 102	1993			Asteraceae Spathipappus chitralensis Podlech				comb. nov.	0968-0446	\N	\N	\N	\N	\N	\N	\N	\N
975084-1	1.5	Asteraceae		N	Tanacetum		N	corymbiforme		spec.	(Tzvelev) K.Bremer & Humphries	(Tzvelev)	K.Bremer & Humphries	Tanacetum corymbiforme	Bull. Nat. Hist. Mus. London, Bot.	23(2): 102	1993			Asteraceae Pyrethrum corymbiforme Tzvelev				comb. nov.	0968-0446	\N	\N	\N	\N	\N	\N	\N	\N
975085-1	1.5	Asteraceae		N	Tanacetum		N	daghestanicum		spec.	(Boiss.) K.Bremer & Humphries	(Boiss.)	K.Bremer & Humphries	Tanacetum daghestanicum	Bull. Nat. Hist. Mus. London, Bot.	23(2): 102, nom. inval. (Art. 34.3 ICBN, 1988), see Tripleurospermum daghestanicum (Boiss.) Bremer & Humphries	1993			Asteraceae Chamaemelum daghestanicum Boiss.				comb. nov.	0968-0446	\N	\N	\N	\N	\N	\N	\N	\N
975086-1	1.5	Asteraceae		N	Tanacetum		N	demetrii		spec.	(Manden.) K.Bremer & Humphries	(Manden.)	K.Bremer & Humphries	Tanacetum demetrii	Bull. Nat. Hist. Mus. London, Bot.	23(2): 102	1993			Asteraceae Pyrethrum demetrii Manden.				comb. nov.	0968-0446	\N	\N	\N	\N	\N	\N	\N	\N
975087-1	1.5	Asteraceae		N	Tanacetum		N	dolomiticum		spec.	(Galushko) K.Bremer & Humphries	(Galushko)	K.Bremer & Humphries	Tanacetum dolomiticum	Bull. Nat. Hist. Mus. London, Bot.	23(2): 102	1993			Asteraceae Pyrethrum dolomiticum Galushko				comb. nov.	0968-0446	\N	\N	\N	\N	\N	\N	\N	\N
975088-1	1.5	Asteraceae		N	Tanacetum		N	galushkoi		spec.	(Prima) K.Bremer & Humphries	(Prima)	K.Bremer & Humphries	Tanacetum galushkoi	Bull. Nat. Hist. Mus. London, Bot.	23(2): 102	1993			Asteraceae Pyrethrum galushkoi Prima				comb. nov.	0968-0446	\N	\N	\N	\N	\N	\N	\N	\N
975089-1	1.6	Asteraceae		N	Tanacetum		N	glanduliferum		spec.	(Sommier & Levier) K.Bremer & Humphries	(Sommier & Levier)	K.Bremer & Humphries	Tanacetum glanduliferum	Bull. Nat. Hist. Mus. London, Bot.	23(2): 102	1993			Asteraceae Pyrethrum glanduliferum Sommier & Levier				comb. nov.	0968-0446	\N	\N	\N	\N	\N	\N	\N	\N
975090-1	1.6	Asteraceae		N	Tanacetum		N	hissaricum		spec.	(Krasch.) K.Bremer & Humphries	(Krasch.)	K.Bremer & Humphries	Tanacetum hissaricum	Bull. Nat. Hist. Mus. London, Bot.	23(2): 102	1993			Asteraceae Pyrethrum hissaricum Krasch.				comb. nov.	0968-0446	\N	\N	\N	\N	\N	\N	\N	\N
975091-1	1.5	Asteraceae		N	Tanacetum		N	karelinianum		spec.	K.Bremer & Humphries		K.Bremer & Humphries	Tanacetum karelinianum	Bull. Nat. Hist. Mus. London, Bot.	23(2): 102, nom. nov.	1993				Asteraceae Pyrethrum karelinii			nom. nov.	0968-0446	\N	\N	\N	\N	\N	\N	\N	\N
975092-1	1.5	Asteraceae		N	Tanacetum		N	kaschgarianum		spec.	K.Bremer & Humphries		K.Bremer & Humphries	Tanacetum kaschgarianum	Bull. Nat. Hist. Mus. London, Bot.	23(2): 102, nom. nov.	1993				Asteraceae Pyrethrum kaschgaricum			nom. nov.	0968-0446	\N	\N	\N	\N	\N	\N	\N	\N
975093-1	1.5	Asteraceae		N	Tanacetum		N	krylovianum		spec.	(Krasch.) K.Bremer & Humphries	(Krasch.)	K.Bremer & Humphries	Tanacetum krylovianum	Bull. Nat. Hist. Mus. London, Bot.	23(2): 102	1993			Asteraceae Pyrethrum krylovianum Krasch.				comb. nov.	0968-0446	\N	\N	\N	\N	\N	\N	\N	\N
975094-1	1.5	Asteraceae		N	Tanacetum		N	marionii		spec.	(Albov) K.Bremer & Humphries	(Albov)	K.Bremer & Humphries	Tanacetum marionii	Bull. Nat. Hist. Mus. London, Bot.	23(2): 102	1993			Asteraceae Pyrethrum marionii				comb. nov.	0968-0446	\N	\N	\N	\N	\N	\N	\N	\N
975095-1	1.5	Asteraceae		N	Tanacetum		N	ordubadense		spec.	(Manden.) K.Bremer & Humphries	(Manden.)	K.Bremer & Humphries	Tanacetum ordubadense	Bull. Nat. Hist. Mus. London, Bot.	23(2): 103	1993			Asteraceae Pyrethrum ordubadense Manden.				comb. nov.	0968-0446	\N	\N	\N	\N	\N	\N	\N	\N
975096-1	1.5	Asteraceae		N	Tanacetum		N	petrareum		spec.	(C.Shih) K.Bremer & Humphries	(C.Shih)	K.Bremer & Humphries	Tanacetum petrareum	Bull. Nat. Hist. Mus. London, Bot.	23(2): 103	1993			Asteraceae Pyrethrum petrareum C.Shih				comb. nov.	0968-0446	\N	\N	\N	\N	\N	\N	\N	\N
975097-1	1.5	Asteraceae		N	Tanacetum		N	peucedanifolium		spec.	(Sosn.) K.Bremer & Humphries	(Sosn.)	K.Bremer & Humphries	Tanacetum peucedanifolium	Bull. Nat. Hist. Mus. London, Bot.	23(2): 103	1993			Asteraceae Pyrethrum parthenifolium Willd. var. peucedanifolium				comb. nov.	0968-0446	\N	\N	\N	\N	\N	\N	\N	\N
975098-1	1.5	Asteraceae		N	Tanacetum		N	podlechii		spec.	K.Bremer & Humphries		K.Bremer & Humphries	Tanacetum podlechii	Bull. Nat. Hist. Mus. London, Bot.	23(2): 103, nom. nov.	1993				Asteraceae Pyrethrum komarovii			nom. nov.	0968-0446	\N	\N	\N	\N	\N	\N	\N	\N
975099-1	1.2.1.4	Asteraceae		N	Tanacetum		N	porphyrostephanum		spec.	(Rech.f.) K.Bremer & Humphries	(Rech.f.)	K.Bremer & Humphries	Tanacetum porphyrostephanum	Bull. Nat. Hist. Mus. London, Bot.	23(2): 103	1993			Asteraceae Chrysanthemum porphyrostephanum Rech.f.				comb. nov.	0968-0446	\N	\N	\N	\N	\N	\N	\N	\N
975100-1	1.3.2.1.1.1	Asteraceae		N	Tanacetum		N	richterioides		spec.	(C.Winkl.) K.Bremer & Humphries	(C.Winkl.)	K.Bremer & Humphries	Tanacetum richterioides	Bull. Nat. Hist. Mus. London, Bot.	23(2): 103	1993			Asteraceae Chrysanthemum richterioides C.Winkl.				comb. nov.	0968-0446	\N	\N	\N	\N	\N	\N	\N	\N
975101-1	1.7	Asteraceae		N	Tanacetum		N	sevanense		spec.	(Sosn. ex Grossh.) K.Bremer & Humphries	(Sosn. ex Grossh.)	K.Bremer & Humphries	Tanacetum sevanense	Bull. Nat. Hist. Mus. London, Bot.	23(2): 103	1993			Asteraceae Pyrethrum sevanense Sosn. ex Grossh.				comb. nov.	0968-0446	\N	\N	\N	\N	\N	\N	\N	\N
975102-1	1.6	Asteraceae		N	Tanacetum		N	sinaicum		spec.	(Fresen.) Delile ex K.Bremer & Humphries	(Fresen.)	Delile ex K.Bremer & Humphries	Tanacetum sinaicum	Bull. Nat. Hist. Mus. London, Bot.	23(2): 103	1993			Asteraceae Santolina sinaica Fresen.				comb. nov.	0968-0446	\N	\N	\N	\N	\N	\N	\N	\N
975103-1	1.5	Asteraceae		N	Tanacetum		N	songaricum		spec.	(Tzvelev) K.Bremer & Humphries	(Tzvelev)	K.Bremer & Humphries	Tanacetum songaricum	Bull. Nat. Hist. Mus. London, Bot.	23(2): 103	1993			Asteraceae Pyrethrum songaricum Tzvelev				comb. nov.	0968-0446	\N	\N	\N	\N	\N	\N	\N	\N
975104-1	1.6	Asteraceae		N	Tanacetum		N	tatsienense		spec.	(Bureau & Franch.) K.Bremer & Humphries	(Bureau & Franch.)	K.Bremer & Humphries	Tanacetum tatsienense	Bull. Nat. Hist. Mus. London, Bot.	23(2): 103	1993			Asteraceae Chrysanthemum tatsienense Bureau & Franch.				comb. nov.	0968-0446	\N	\N	\N	\N	\N	\N	\N	\N
975105-1	1.5	Asteraceae		N	Tanacetopsis		N	afghanica		spec.	(Gilli) K.Bremer & Humphries	(Gilli)	K.Bremer & Humphries	Tanacetopsis afghanica	Bull. Nat. Hist. Mus. London, Bot.	23(2): 104	1993			Asteraceae Chrysanthemum afghanicum Gilli				comb. nov.	0968-0446	\N	\N	\N	\N	\N	\N	\N	\N
975106-1	1.5	Asteraceae		N	Tanacetopsis		N	doabensis		spec.	(Podlech) K.Bremer & Humphries	(Podlech)	K.Bremer & Humphries	Tanacetopsis doabensis	Bull. Nat. Hist. Mus. London, Bot.	23(2): 104, isonym	1993			Asteraceae Tanacetum doabense Podlech				comb. nov.	0968-0446	\N	\N	\N	\N	\N	\N	\N	\N
975107-1	1.5	Asteraceae		N	Tanacetopsis		N	freitagii		spec.	(Podlech) K.Bremer & Humphries	(Podlech)	K.Bremer & Humphries	Tanacetopsis freitagii	Bull. Nat. Hist. Mus. London, Bot.	23(2): 104, isonym	1993			Asteraceae Tanacetum freitagii Podlech				comb. nov.	0968-0446	\N	\N	\N	\N	\N	\N	\N	\N
975108-1	1.5	Asteraceae		N	Tanacetopsis		N	hedgei		spec.	(Podlech) K.Bremer & Humphries	(Podlech)	K.Bremer & Humphries	Tanacetopsis hedgei	Bull. Nat. Hist. Mus. London, Bot.	23(2): 104, isonym	1993			Asteraceae Tanacetum hedgei Podlech				comb. nov.	0968-0446	\N	\N	\N	\N	\N	\N	\N	\N
975109-1	1.5	Asteraceae		N	Xylanthemum		N	gilletii		spec.	(Podlech) K.Bremer & Humphries	(Podlech)	K.Bremer & Humphries	Xylanthemum gilletii	Bull. Nat. Hist. Mus. London, Bot.	23(2): 105	1993			Asteraceae Tanacetum gilletii				comb. nov.	0968-0446	\N	\N	\N	\N	\N	\N	\N	\N
975110-1	1.5	Asteraceae		N	Xylanthemum		N	lingulatum		spec.	(Boiss.) K.Bremer & Humphries	(Boiss.)	K.Bremer & Humphries	Xylanthemum lingulatum	Bull. Nat. Hist. Mus. London, Bot.	23(2): 105	1993			Asteraceae Pyrethrum lingulatum Boiss.				comb. nov.	0968-0446	\N	\N	\N	\N	\N	\N	\N	\N
975111-1	1.6	Asteraceae		N	Xylanthemum		N	macropodum		spec.	(Hemsl. & Lace) K.Bremer & Humphries	(Hemsl. & Lace)	K.Bremer & Humphries	Xylanthemum macropodum	Bull. Nat. Hist. Mus. London, Bot.	23(2): 105	1993			Asteraceae Tanacetum macropodum Hemsl. & Lace				comb. nov.	0968-0446	\N	\N	\N	\N	\N	\N	\N	\N
975112-1	1.5	Asteraceae		N	Xylanthemum		N	paghmanense		spec.	(Podlech) K.Bremer & Humphries	(Podlech)	K.Bremer & Humphries	Xylanthemum paghmanense	Bull. Nat. Hist. Mus. London, Bot.	23(2): 105	1993			Asteraceae Tanacetum paghmanense Podlech				comb. nov.	0968-0446	\N	\N	\N	\N	\N	\N	\N	\N
975113-1	1.2.1.4	Asteraceae		N	Hippolytia		N	crassicollum		spec.	(Rech.f.) K.Bremer & Humphries	(Rech.f.)	K.Bremer & Humphries	Hippolytia crassicollum	Bull. Nat. Hist. Mus. London, Bot.	23(2): 106	1993			Asteraceae Chrysanthemum crassicollum Rech.f.				comb. nov.	0968-0446	\N	\N	\N	\N	\N	\N	\N	\N
975114-1	1.5	Asteraceae		N	Hippolytia		N	dolichophylla		spec.	(Kitam.) K.Bremer & Humphries	(Kitam.)	K.Bremer & Humphries	Hippolytia dolichophylla	Bull. Nat. Hist. Mus. London, Bot.	23(2): 106	1993			Asteraceae Chrysanthemum dolichophyllum Kitam.				comb. nov.	0968-0446	\N	\N	\N	\N	\N	\N	\N	\N
975115-1	1.4	Asteraceae	gonosperminae	N			N			subtrib.	K.Bremer & Humphries		K.Bremer & Humphries	subtrib. Gonosperminae	Bull. Nat. Hist. Mus. London, Bot.	23(2): 106	1993							tax. nov.	0968-0446	\N	\N	\N	\N	\N	\N	\N	\N
975116-1	1.4	Asteraceae	handeliinae	N			N			subtrib.	K.Bremer & Humphries		K.Bremer & Humphries	subtrib. Handeliinae	Bull. Nat. Hist. Mus. London, Bot.	23(2): 108	1993							tax. nov.	0968-0446	\N	\N	\N	\N	\N	\N	\N	\N
975117-1	1.5.2.1	Asteraceae		N	Dendranthema		N	chalchingolica		spec.	(Grubov) K.Bremer & Humphries	(Grubov)	K.Bremer & Humphries	Dendranthema chalchingolica	Bull. Nat. Hist. Mus. London, Bot.	23(2): 114	1993			Asteraceae Chrysanthemum chalchingolicum Grubov				comb. nov.	0968-0446	\N	\N	\N	\N	\N	\N	\N	\N
975118-1	1.5.2.1	Asteraceae		N	Dendranthema		N	cuneifolia		spec.	(Kitam.) K.Bremer & Humphries	(Kitam.)	K.Bremer & Humphries	Dendranthema cuneifolia	Bull. Nat. Hist. Mus. London, Bot.	23(2): 114	1993			Asteraceae Chrysanthemum cuneifolium Kitam.				comb. nov.	0968-0446	\N	\N	\N	\N	\N	\N	\N	\N
975119-1	1.3.2.1.1.1	Asteraceae		N	Ajania		N	pacifica		spec.	(Nakai) K.Bremer & Humphries	(Nakai)	K.Bremer & Humphries	Ajania pacifica	Bull. Nat. Hist. Mus. London, Bot.	23(2): 115	1993			Asteraceae Chrysanthemum pacificum Nakai				comb. nov.	0968-0446	\N	\N	\N	\N	\N	\N	\N	\N
975120-1	1.5	Asteraceae		N	Ajania		N	shiwogiku		spec.	(Kitam.) K.Bremer & Humphries	(Kitam.)	K.Bremer & Humphries	Ajania shiwogiku	Bull. Nat. Hist. Mus. London, Bot.	23(2): 115	1993			Asteraceae Chrysanthemum shiwogiku Kitam.				comb. nov.	0968-0446	\N	\N	\N	\N	\N	\N	\N	\N
975121-1	1.6	Asteraceae		N	Seriphidium		N	argilosum		spec.	(Beetle) K.Bremer & Humphries	(Beetle)	K.Bremer & Humphries	Seriphidium argilosum	Bull. Nat. Hist. Mus. London, Bot.	23(2): 118	1993			Asteraceae Artemisia argilosa Beetle				comb. nov.	0968-0446	\N	\N	\N	\N	\N	\N	\N	\N
975122-1	1.2.1.5	Asteraceae		N	Seriphidium		N	bicolor		spec.	(Rech.f. & Wagenitz) K.Bremer & Humphries	(Rech.f. & Wagenitz)	K.Bremer & Humphries	Seriphidium bicolor	Bull. Nat. Hist. Mus. London, Bot.	23(2): 118	1993			Asteraceae Artemisia bicolor Rech.f. & Wagenitz				comb. nov.	0968-0446	\N	\N	\N	\N	\N	\N	\N	\N
975123-1	1.5	Asteraceae		N	Seriphidium		N	bigelowii		spec.	(A.Gray) K.Bremer & Humphries	(A.Gray)	K.Bremer & Humphries	Seriphidium bigelowii	Bull. Nat. Hist. Mus. London, Bot.	23(2): 118	1993			Asteraceae Artemisia bigelowii				comb. nov.	0968-0446	\N	\N	\N	\N	\N	\N	\N	\N
975124-1	1.5	Asteraceae		N	Seriphidium		N	chitralense		spec.	(Podlech) K.Bremer & Humphries	(Podlech)	K.Bremer & Humphries	Seriphidium chitralense	Bull. Nat. Hist. Mus. London, Bot.	23(2): 118, isonym	1993			Asteraceae Artemisia chitralensis Podlech				comb. nov.	0968-0446	\N	\N	\N	\N	\N	\N	\N	\N
975125-1	1.4	Asteraceae		N	Seriphidium		N	cretaceum		spec.	(Fiori) K.Bremer & Humphries	(Fiori)	K.Bremer & Humphries	Seriphidium cretaceum	Bull. Nat. Hist. Mus. London, Bot.	23(2): 118	1993			Asteraceae Artemisia caerulescens L. var. cretacea				comb. nov.	0968-0446	\N	\N	\N	\N	\N	\N	\N	\N
975126-1	1.5	Asteraceae		N	Seriphidium		N	freitagii		spec.	(Podlech) K.Bremer & Humphries	(Podlech)	K.Bremer & Humphries	Seriphidium freitagii	Bull. Nat. Hist. Mus. London, Bot.	23(2): 118, isonym	1993			Asteraceae Artemisia freitagii Podlech				comb. nov.	0968-0446	\N	\N	\N	\N	\N	\N	\N	\N
975127-1	1.5	Asteraceae		N	Seriphidium		N	ghazniense		spec.	(Podlech) K.Bremer & Humphries	(Podlech)	K.Bremer & Humphries	Seriphidium ghazniense	Bull. Nat. Hist. Mus. London, Bot.	23(2): 118, isonym	1993			Asteraceae Artemisia ghazniensis Podlech				comb. nov.	0968-0446	\N	\N	\N	\N	\N	\N	\N	\N
975128-1	1.5	Asteraceae		N	Seriphidium		N	ghoratense		spec.	(Podlech) K.Bremer & Humphries	(Podlech)	K.Bremer & Humphries	Seriphidium ghoratense	Bull. Nat. Hist. Mus. London, Bot.	23(2): 118, isonym	1993			Asteraceae Artemisia ghoratensis Podlech				comb. nov.	0968-0446	\N	\N	\N	\N	\N	\N	\N	\N
975129-1	1.5	Asteraceae		N	Seriphidium		N	kandaharense		spec.	(Podlech) K.Bremer & Humphries	(Podlech)	K.Bremer & Humphries	Seriphidium kandaharense	Bull. Nat. Hist. Mus. London, Bot.	23(2): 119, isonym	1993			Asteraceae Artemisia kandaharensis Podlech				comb. nov.	0968-0446	\N	\N	\N	\N	\N	\N	\N	\N
975130-1	1.5	Asteraceae		N	Seriphidium		N	kasakorum		spec.	(Krasch.) K.Bremer & Humphries	(Krasch.)	K.Bremer & Humphries	Seriphidium kasakorum	Bull. Nat. Hist. Mus. London, Bot.	23(2): 119	1993			Asteraceae Artemisia maritima L. subsp. kasakorum				comb. nov.	0968-0446	\N	\N	\N	\N	\N	\N	\N	\N
975131-1	1.5	Asteraceae		N	Seriphidium		N	kermanense		spec.	(Podlech) K.Bremer & Humphries	(Podlech)	K.Bremer & Humphries	Seriphidium kermanense	Bull. Nat. Hist. Mus. London, Bot.	23(2): 119, isonym	1993			Asteraceae Artemisia kermanensis Podlech				comb. nov.	0968-0446	\N	\N	\N	\N	\N	\N	\N	\N
975132-1	1.5	Asteraceae		N	Seriphidium		N	khorassanicum		spec.	(Podlech) K.Bremer & Humphries	(Podlech)	K.Bremer & Humphries	Seriphidium khorassanicum	Bull. Nat. Hist. Mus. London, Bot.	23(2): 119, isonym	1993			Asteraceae Artemisia khorassanica Podlech				comb. nov.	0968-0446	\N	\N	\N	\N	\N	\N	\N	\N
975133-1	1.5	Asteraceae		N	Seriphidium		N	longilobum		spec.	(Osterh.) K.Bremer & Humphries	(Osterh.)	K.Bremer & Humphries	Seriphidium longilobum	Bull. Nat. Hist. Mus. London, Bot.	23(2): 119	1993			Asteraceae Artemisia spiciformis Osterh. var. longiloba				comb. nov.	0968-0446	\N	\N	\N	\N	\N	\N	\N	\N
975134-1	1.5	Asteraceae		N	Seriphidium		N	mendozanum		spec.	(DC.) K.Bremer & Humphries	(DC.)	K.Bremer & Humphries	Seriphidium mendozanum	Bull. Nat. Hist. Mus. London, Bot.	23(2): 119	1993			Asteraceae Artemisia mendozana DC.				comb. nov.	0968-0446	\N	\N	\N	\N	\N	\N	\N	\N
975135-1	1.5	Asteraceae		N	Seriphidium		N	palmeri		spec.	(A.Gray) K.Bremer & Humphries	(A.Gray)	K.Bremer & Humphries	Seriphidium palmeri	Bull. Nat. Hist. Mus. London, Bot.	23(2): 119	1993			Asteraceae Artemisia palmeri A.Gray				comb. nov.	0968-0446	\N	\N	\N	\N	\N	\N	\N	\N
975136-1	1.5	Asteraceae		N	Seriphidium		N	quettense		spec.	(Podlech) K.Bremer & Humphries	(Podlech)	K.Bremer & Humphries	Seriphidium quettense	Bull. Nat. Hist. Mus. London, Bot.	23(2): 119, isonym	1993			Asteraceae Artemisia quettensis Podlech				comb. nov.	0968-0446	\N	\N	\N	\N	\N	\N	\N	\N
975137-1	1.6	Asteraceae		N	Seriphidium		N	subchrysolepis		spec.	(Filatova) K.Bremer & Humphries	(Filatova)	K.Bremer & Humphries	Seriphidium subchrysolepis	Bull. Nat. Hist. Mus. London, Bot.	23(2): 119, isonym	1993			Asteraceae Artemisia subchrysolepis Filatova				comb. nov.	0968-0446	\N	\N	\N	\N	\N	\N	\N	\N
975138-1	1.5	Asteraceae		N	Seriphidium		N	tecti-mundi		spec.	(Podlech) K.Bremer & Humphries	(Podlech)	K.Bremer & Humphries	Seriphidium tecti-mundi	Bull. Nat. Hist. Mus. London, Bot.	23(2): 119, isonym	1993			Asteraceae Artemisia tecti-mundi Podlech				comb. nov.	0968-0446	\N	\N	\N	\N	\N	\N	\N	\N
975139-1	1.4	Asteraceae	achilleinae	N			N			subtrib.	K.Bremer & Humphries		K.Bremer & Humphries	subtrib. Achilleinae	Bull. Nat. Hist. Mus. London, Bot.	23(2): 126	1993							tax. nov.	0968-0446	\N	\N	\N	\N	\N	\N	\N	\N
975140-1	1.4	Asteraceae	leucantheminae	N			N			subtrib.	K.Bremer & Humphries		K.Bremer & Humphries	subtrib. Leucantheminae	Bull. Nat. Hist. Mus. London, Bot.	23(2): 136	1993							tax. nov.	0968-0446	\N	\N	\N	\N	\N	\N	\N	\N
975141-1	1.5	Asteraceae		N	Nivellea		N			gen.	B.H.Wilcox, K.Bremer & Humphries		B.H.Wilcox, K.Bremer & Humphries	Nivellea	Bull. Nat. Hist. Mus. London, Bot.	23(2): 140	1993							tax. nov.	0968-0446	\N	\N	\N	\N	\N	\N	\N	\N
975142-1	1.7	Asteraceae		N	Nivellea		N	nivellei		spec.	(Braun-Blanq. & Maire) B.H.Wilcox, K.Bremer & Humphries	(Braun-Blanq. & Maire)	B.H.Wilcox, K.Bremer & Humphries	Nivellea nivellei	Bull. Nat. Hist. Mus. London, Bot.	23(2): 140	1993			Asteraceae Chrysanthemum nivellei Braun-Blanq. & Maire				comb. nov.	0968-0446	\N	\N	\N	\N	\N	\N	\N	\N
975143-1	1.3.2.2	Asteraceae		N	Rhodanthemum		N			gen.	B.H.Wilcox, K.Bremer & Humphries		B.H.Wilcox, K.Bremer & Humphries	Rhodanthemum	Bull. Nat. Hist. Mus. London, Bot.	23(2): 141	1993 [25 Nov 1993]		"Wilcox et al. published Rhodanthemum as a ""comb. et stat. nov."" based on ""Leucanthemum sect. Rhodanthemum Vogt""; basionym reference incomplete; the authors provided a description in Latin."					tax. nov.	0968-0446	\N	\N	\N	\N	\N	\N	\N	\N
975144-1	1.7	Asteraceae		N	Rhodanthemum		N	arundanum		spec.	(Boiss.) B.H.Wilcox, K.Bremer & Humphries	(Boiss.)	B.H.Wilcox, K.Bremer & Humphries	Rhodanthemum arundanum	Bull. Nat. Hist. Mus. London, Bot.	23(2): 142	1993			Asteraceae Pyrethrum arundanum Boiss.				comb. nov.	0968-0446	\N	\N	\N	\N	\N	\N	\N	\N
975145-1	1.7	Asteraceae		N	Rhodanthemum		N	atlanticum		spec.	(Ball) B.H.Wilcox, K.Bremer & Humphries	(Ball)	B.H.Wilcox, K.Bremer & Humphries	Rhodanthemum atlanticum	Bull. Nat. Hist. Mus. London, Bot.	23(2): 142	1993			Asteraceae Chrysanthemum atlanticum Ball				comb. nov.	0968-0446	\N	\N	\N	\N	\N	\N	\N	\N
975146-1	1.7	Asteraceae		N	Rhodanthemum		N	briquetii		spec.	(Maire) B.H.Wilcox, K.Bremer & Humphries	(Maire)	B.H.Wilcox, K.Bremer & Humphries	Rhodanthemum briquetii	Bull. Nat. Hist. Mus. London, Bot.	23(2): 142	1993			Asteraceae Leucanthemum briquetii Maire				comb. nov.	0968-0446	\N	\N	\N	\N	\N	\N	\N	\N
975147-1	1.7	Asteraceae		N	Rhodanthemum		N	catananche		spec.	(Ball) B.H.Wilcox, K.Bremer & Humphries	(Ball)	B.H.Wilcox, K.Bremer & Humphries	Rhodanthemum catananche	Bull. Nat. Hist. Mus. London, Bot.	23(2): 142	1993			Asteraceae Chrysanthemum catananche Ball				comb. nov.	0968-0446	\N	\N	\N	\N	\N	\N	\N	\N
975148-1	1.7	Asteraceae		N	Rhodanthemum		N	depressum		spec.	(Ball) B.H.Wilcox, K.Bremer & Humphries	(Ball)	B.H.Wilcox, K.Bremer & Humphries	Rhodanthemum depressum	Bull. Nat. Hist. Mus. London, Bot.	23(2): 142	1993			Asteraceae Chrysanthemum gayanum Batt. var. depressum				comb. nov.	0968-0446	\N	\N	\N	\N	\N	\N	\N	\N
975149-1	1.8	Asteraceae		N	Rhodanthemum		N	gayanum		spec.	(Coss. & Durieu) B.H.Wilcox, K.Bremer & Humphries	(Coss. & Durieu)	B.H.Wilcox, K.Bremer & Humphries	Rhodanthemum gayanum	Bull. Nat. Hist. Mus. London, Bot.	23(2): 142	1993			Asteraceae Pyrethrum gayanum Coss. & Durieu				comb. nov.	0968-0446	\N	\N	\N	\N	\N	\N	\N	\N
975150-1	1.7	Asteraceae		N	Rhodanthemum		N	hosmariense		spec.	(Ball) B.H.Wilcox, K.Bremer & Humphries	(Ball)	B.H.Wilcox, K.Bremer & Humphries	Rhodanthemum hosmariense	Bull. Nat. Hist. Mus. London, Bot.	23(2): 142	1993			Asteraceae Chrysanthemum maresii Ball var. hosmariense				comb. nov.	0968-0446	\N	\N	\N	\N	\N	\N	\N	\N
975151-1	1.7	Asteraceae		N	Rhodanthemum		N	maresii		spec.	(Coss.) B.H.Wilcox, K.Bremer & Humphries	(Coss.)	B.H.Wilcox, K.Bremer & Humphries	Rhodanthemum maresii	Bull. Nat. Hist. Mus. London, Bot.	23(2): 142	1993			Asteraceae Pyrethrum maresii Coss.				comb. nov.	0968-0446	\N	\N	\N	\N	\N	\N	\N	\N
975152-1	1.8	Asteraceae		N	Rhodanthemum		N	maroccanum		spec.	(Batt.) B.H.Wilcox, K.Bremer & Humphries	(Batt.)	B.H.Wilcox, K.Bremer & Humphries	Rhodanthemum maroccanum	Bull. Nat. Hist. Mus. London, Bot.	23(2): 142	1993			Asteraceae Chrysanthemum maroccanum Batt.				comb. nov.	0968-0446	\N	\N	\N	\N	\N	\N	\N	\N
975153-1	1.8	Asteraceae		N	Rhodanthemum		N	mesatlanticum		spec.	(Emb. & Maire) B.H.Wilcox, K.Bremer & Humphries	(Emb. & Maire)	B.H.Wilcox, K.Bremer & Humphries	Rhodanthemum mesatlanticum	Bull. Nat. Hist. Mus. London, Bot.	23(2): 142	1993			Asteraceae Leucanthemum mesatlanticum Emb. & Maire				comb. nov.	0968-0446	\N	\N	\N	\N	\N	\N	\N	\N
975154-1	1.7	Asteraceae		N	Rhodanthemum		N	pseudocatananche		spec.	(Maire) B.H.Wilcox, K.Bremer & Humphries	(Maire)	B.H.Wilcox, K.Bremer & Humphries	Rhodanthemum pseudocatananche	Bull. Nat. Hist. Mus. London, Bot.	23(2): 142, as 'pseudo-catananche'	1993			Asteraceae Leucanthemum pseudocatananche				comb. nov.	0968-0446	\N	\N	\N	\N	\N	\N	\N	\N
975155-1	1.7	Asteraceae		N	Rhodanthemum		N	redieri		spec.	(Maire) B.H.Wilcox, K.Bremer & Humphries	(Maire)	B.H.Wilcox, K.Bremer & Humphries	Rhodanthemum redieri	Bull. Nat. Hist. Mus. London, Bot.	23(2): 142	1993			Asteraceae Leucanthemum redieri Maire				comb. nov.	0968-0446	\N	\N	\N	\N	\N	\N	\N	\N
975156-1	1.5	Asteraceae		N	Leucoglossum		N			gen.	B.H.Wilcox, K.Bremer & Humphries		B.H.Wilcox, K.Bremer & Humphries	Leucoglossum	Bull. Nat. Hist. Mus. London, Bot.	23(2): 142, homonym	1993							tax. nov.	0968-0446	\N	\N	\N	\N	\N	\N	\N	\N
975157-1	1.6	Asteraceae		N	Leucoglossum		N	decipiens		spec.	(Pomel) B.H.Wilcox, K.Bremer & Humphries	(Pomel)	B.H.Wilcox, K.Bremer & Humphries	Leucoglossum decipiens	Bull. Nat. Hist. Mus. London, Bot.	23(2): 142	1993			Asteraceae Leucanthemum decipiens Pomel				comb. nov.	0968-0446	\N	\N	\N	\N	\N	\N	\N	\N
975158-1	1.7	Asteraceae		N	Leucoglossum		N	paludosum		spec.	(Poir.) B.H.Wilcox, K.Bremer & Humphries	(Poir.)	B.H.Wilcox, K.Bremer & Humphries	Leucoglossum paludosum	Bull. Nat. Hist. Mus. London, Bot.	23(2): 142	1993			Asteraceae Chrysanthemum paludosum Poir.				comb. nov.	0968-0446	\N	\N	\N	\N	\N	\N	\N	\N
975159-1	1.6	Asteraceae		N	Leucoglossum		N	reboudianum		spec.	(Pomel) B.H.Wilcox, K.Bremer & Humphries	(Pomel)	B.H.Wilcox, K.Bremer & Humphries	Leucoglossum reboudianum	Bull. Nat. Hist. Mus. London, Bot.	23(2): 142	1993			Asteraceae Leucanthemum reboudianum Pomel				comb. nov.	0968-0446	\N	\N	\N	\N	\N	\N	\N	\N
975160-1	1.5	Asteraceae		N	Chrysanthoglossum		N			gen.	B.H.Wilcox, K.Bremer & Humphries		B.H.Wilcox, K.Bremer & Humphries	Chrysanthoglossum	Bull. Nat. Hist. Mus. London, Bot.	23(2): 143	1993							tax. nov.	0968-0446	\N	\N	\N	\N	\N	\N	\N	\N
975161-1	1.6	Asteraceae		N	Chrysanthoglossum		N	deserticola		spec.	(Murb.) B.H.Wilcox, K.Bremer & Humphries	(Murb.)	B.H.Wilcox, K.Bremer & Humphries	Chrysanthoglossum deserticola	Bull. Nat. Hist. Mus. London, Bot.	23(2): 143	1993			Asteraceae Pyrethrum deserticola Murb.				comb. nov.	0968-0446	\N	\N	\N	\N	\N	\N	\N	\N
975162-1	1.6	Asteraceae		N	Chrysanthoglossum		N	trifurcatum		spec.	(Desf.) B.H.Wilcox, K.Bremer & Humphries	(Desf.)	B.H.Wilcox, K.Bremer & Humphries	Chrysanthoglossum trifurcatum	Bull. Nat. Hist. Mus. London, Bot.	23(2): 143	1993			Asteraceae Chrysanthemum trifurcatum Desf.				comb. nov.	0968-0446	\N	\N	\N	\N	\N	\N	\N	\N
975163-1	1.4	Asteraceae	thaminophyllinae	N			N			subtrib.	K.Bremer & Humphries		K.Bremer & Humphries	subtrib. Thaminophyllinae	Bull. Nat. Hist. Mus. London, Bot.	23(2): 144	1993							tax. nov.	0968-0446	\N	\N	\N	\N	\N	\N	\N	\N
975164-1	1.4	Asteraceae	matricariinae	N			N			subtrib.	K.Bremer & Humphries		K.Bremer & Humphries	subtrib. Matricariinae	Bull. Nat. Hist. Mus. London, Bot.	23(2): 146	1993							tax. nov.	0968-0446	\N	\N	\N	\N	\N	\N	\N	\N
975165-1	1.5	Asteraceae		N	Tripleurospermum		N	daghestanicum		spec.	(Boiss.) K.Bremer & Humphries	(Boiss.)	K.Bremer & Humphries	Tripleurospermum daghestanicum	Bull. Nat. Hist. Mus. London, Bot.	23(2): 156, nom. inval. (Art. 34.3 ICBN, 1988), see Tanacetum daghestanicum (Boiss.) Bremer & Humphries	1993			Asteraceae Chamaemelum daghestanicum Boiss.				comb. nov.	0968-0446	\N	\N	\N	\N	\N	\N	\N	\N
975166-1	1.6	Asteraceae		N	Aaronsohnia		N	pubescens		spec.	(Desf.) K.Bremer & Humphries	(Desf.)	K.Bremer & Humphries	Aaronsohnia pubescens	Bull. Nat. Hist. Mus. London, Bot.	23(2): 157	1993			Asteraceae Cotula pubescens Desf.				comb. nov.	0968-0446	\N	\N	\N	\N	\N	\N	\N	\N
975167-1	1.6	Asteraceae		N	Cotula		N	andreae		spec.	(E.Phillips) K.Bremer & Humphries	(E.Phillips)	K.Bremer & Humphries	Cotula andreae	Bull. Nat. Hist. Mus. London, Bot.	23(2): 158	1993			Asteraceae Matricaria andreae E.Phillips				comb. nov.	0968-0446	\N	\N	\N	\N	\N	\N	\N	\N
975168-1	1.6	Asteraceae		N	Cotula		N	duckittiae		spec.	(L.Bolus) K.Bremer & Humphries	(L.Bolus)	K.Bremer & Humphries	Cotula duckittiae	Bull. Nat. Hist. Mus. London, Bot.	23(2): 158	1993			Asteraceae Cenia duckittiae L.Bolus				comb. nov.	0968-0446	\N	\N	\N	\N	\N	\N	\N	\N
975169-1	1.6	Asteraceae		N	Cotula		N	mariae		spec.	K.Bremer & Humphries		K.Bremer & Humphries	Cotula mariae	Bull. Nat. Hist. Mus. London, Bot.	23(2): 158, nom. nov.	1993				Asteraceae Cenia pectinata DC.			nom. nov.	0968-0446	\N	\N	\N	\N	\N	\N	\N	\N
975170-1	1.6	Asteraceae		N	Cotula		N	nigellifolia		spec.	(DC.) K.Bremer & Humphries	(DC.)	K.Bremer & Humphries	Cotula nigellifolia	Bull. Nat. Hist. Mus. London, Bot.	23(2): 158	1993			Asteraceae Matricaria nigellifolia				comb. nov.	0968-0446	\N	\N	\N	\N	\N	\N	\N	\N
975171-1	1.5	Asteraceae		N	Schistostephium		N	umbellatum		spec.	(L.f.) K.Bremer & Humphries	(L.f.)	K.Bremer & Humphries	Schistostephium umbellatum	Bull. Nat. Hist. Mus. London, Bot.	23(2): 160	1993			Asteraceae Cotula umbellata L.f.				comb. nov.	0968-0446	\N	\N	\N	\N	\N	\N	\N	\N
975172-1	1.7	Asteraceae		N	Tanacetum		N	trichophyllum		spec.	K.Bremer & Humphries		K.Bremer & Humphries	Tanacetum trichophyllum	Bull. Nat. Hist. Mus. London, Bot.	23(2): 103	1993	nom. illeg. later homonym    and	as comb. nov. based on nom. illeg.		Asteraceae Pyrethrum trichophyllum Sosn.			nom. nov.	0968-0446	\N	\N	\N	\N	\N	\N	\N	\N
985947-1	1.4	Orchidaceae		N	Odontorrhynchus		N	monstrosus		spec.	Szlach.		Szlach.	Odontorrhynchus monstrosus	Bull. Nat. Hist. Mus. London, Bot.	25(2): 123, as 'Odontorrhynchos monstrosis'	1995						Bolivia.	tax. nov.	0968-0446	\N	\N	\N	\N	\N	\N	\N	\N
992182-1	1.1.2.2.1.2	Clusiaceae		N	Hypericum	ascyrum	N			subsect.	(L.) N.Robson	(L.)	N.Robson	Hypericum subsect. Ascyrum	Bull. Nat. Hist. Mus. London, Bot.	26(2): 124	1996			Clusiaceae Ascyrum Mill.				comb. nov.	0968-0446	\N	\N	\N	\N	\N	\N	\N	\N
992183-1	1.1.2.2.1.2	Clusiaceae		N	Hypericum		N	silenoides	minus	subsp.	N.Robson		N.Robson	Hypericum silenoides subsp. minus	Bull. Nat. Hist. Mus. London, Bot.	26(2): 76	1996						Galápagos.	tax. nov.	0968-0446	\N	\N	\N	\N	\N	\N	\N	\N
993375-1	1.4	Apiaceae		N	Sium		N	bracteatum		spec.	(Roxb.) Cronk	(Roxb.)	Cronk	Sium bracteatum	Bull. Nat. Hist. Mus. London, Bot.	25(1): 98	1995			Apiaceae Angelica bracteata Roxb.				comb. nov.	0968-0446	\N	\N	\N	\N	\N	\N	\N	\N
993376-1	1.1.2.1.1.4	Euphorbiaceae		N	Acalypha		N	rubrinervis		spec.	Cronk		Cronk	Acalypha rubrinervis	Bull. Nat. Hist. Mus. London, Bot.	25(1): 98, nom. nov.	1995				Euphorbiaceae Acalypha rubra Nor.			nom. nov.	0968-0446	\N	\N	\N	\N	\N	\N	\N	\N
993377-1	1.1.2.1.1.3	Asteraceae		N	Commidendrum		N	robustum	gummiferum	subsp.	(Roxb.) Cronk	(Roxb.)	Cronk	Commidendrum robustum subsp. gummiferum	Bull. Nat. Hist. Mus. London, Bot.	25(1): 98	1995			Asteraceae Conyza gummifera Roxb.				comb. nov.	0968-0446	\N	\N	\N	\N	\N	\N	\N	\N
998411-1	1.4	Lamiaceae		N	Pogostemon	allopogostemon	N			subgen.	Bhatti & Ingr.		Bhatti & Ingr.	Pogostemon subgen. Allopogostemon	Bull. Nat. Hist. Mus. London, Bot.	27(2): 97, without type	1997							tax. nov.	0968-0446	\N	\N	\N	\N	\N	\N	\N	\N
998412-1	1.5	Lamiaceae		N	Pogostemon	racemosi	N			sect.	(Benth.) Bhatti & Ingr.	(Benth.)	Bhatti & Ingr.	Pogostemon sect. Racemosi	Bull. Nat. Hist. Mus. London, Bot.	27(2): 97, as 'Racemosus', without basionym ref., same name as basionym	1997			Lamiaceae Pogostemon sect. Racemosae				comb. nov.	0968-0446	\N	\N	\N	\N	\N	\N	\N	\N
998413-1	1.5	Lamiaceae		N	Pogostemon	racemosi	N			subsect.	(Benth.) Bhatti & Ingr.	(Benth.)	Bhatti & Ingr.	Pogostemon subsect. Racemosi	Bull. Nat. Hist. Mus. London, Bot.	27(2): 97, as 'Racemosus', without basionym ref.	1997			Lamiaceae Pogostemon sect. Racemosae				comb. nov.	0968-0446	\N	\N	\N	\N	\N	\N	\N	\N
998414-1	1.5	Lamiaceae		N	Pogostemon		N	elatispicatus		spec.	Bhatti & Ingr.		Bhatti & Ingr.	Pogostemon elatispicatus	Bull. Nat. Hist. Mus. London, Bot.	27(2): 102	1997						Philippines.	tax. nov.	0968-0446	\N	\N	\N	\N	\N	\N	\N	\N
998415-1	1.5	Lamiaceae		N	Pogostemon	glabriusculi	N			subsect.	(Briq.) Bhatti & Ingr.	(Briq.)	Bhatti & Ingr.	Pogostemon subsect. Glabriusculi	Bull. Nat. Hist. Mus. London, Bot.	27(2): 102, as 'Glabriusculus', without basionym ref., name same as basionym	1997			Lamiaceae Pogostemon subsect. Glabriusculae				comb. nov.	0968-0446	\N	\N	\N	\N	\N	\N	\N	\N
998416-1	1.4	Lamiaceae		N	Pogostemon	zygocalyx	N			sect.	Bhatti & Ingr.		Bhatti & Ingr.	Pogostemon sect. Zygocalyx	Bull. Nat. Hist. Mus. London, Bot.	27(2): 104, without type.	1997							tax. nov.	0968-0446	\N	\N	\N	\N	\N	\N	\N	\N
998417-1	1.1.2.1.1.3	Lamiaceae		N	Pogostemon	dysophylla	N			subgen.	(Blume) Bhatti & Ingr.	(Blume)	Bhatti & Ingr.	Pogostemon subgen. Dysophylla	Bull. Nat. Hist. Mus. London, Bot.	27(2): 107, as 'Dysophyllus', without basionym ref.	1997			Lamiaceae Dysophylla El Gazzar & L.Watson ex Airy Shaw				comb. nov.	0968-0446	\N	\N	\N	\N	\N	\N	\N	\N
998418-1	1.5	Lamiaceae		N	Pogostemon		N	barbatus		spec.	Bhatti & Ingr.		Bhatti & Ingr.	Pogostemon barbatus	Bull. Nat. Hist. Mus. London, Bot.	27(2): 109	1997						China Southeast (Hong Kong).	tax. nov.	0968-0446	\N	\N	\N	\N	\N	\N	\N	\N
998419-1	1.5	Lamiaceae		N	Pogostemon		N	tisserantii		spec.	(Pellegr.) Bhatti & Ingr.	(Pellegr.)	Bhatti & Ingr.	Pogostemon tisserantii	Bull. Nat. Hist. Mus. London, Bot.	27(2): 111, isonym	1997 [Nov 1997]			Lamiaceae Dysophylla tisserantii Pellegr.				comb. nov.	0968-0446	\N	\N	\N	\N	\N	\N	\N	\N
998420-1	1.5	Lamiaceae		N	Pogostemon	verticillati	N			sect.	(Benth.) Bhatti & Ingr.	(Benth.)	Bhatti & Ingr.	Pogostemon sect. Verticillati	Bull. Nat. Hist. Mus. London, Bot.	27(2): 111, as 'Verticillatus', without basionym ref.	1997			Lamiaceae Dysophylla sect. Verticillatae				comb. nov.	0968-0446	\N	\N	\N	\N	\N	\N	\N	\N
998421-1	1.5	Lamiaceae		N	Pogostemon		N	ciliatus		spec.	Bhatti & Ingr.		Bhatti & Ingr.	Pogostemon ciliatus	Bull. Nat. Hist. Mus. London, Bot.	27(2): 111	1997						New Guinea (Irian Jaya).	tax. nov.	0968-0446	\N	\N	\N	\N	\N	\N	\N	\N
998422-1	1.1.2.1.1.3	Lamiaceae		N	Pogostemon		N	verticillatus		spec.	(Roxb.) Bhatti & Ingr.	(Roxb.)	Bhatti & Ingr.	Pogostemon verticillatus	Bull. Nat. Hist. Mus. London, Bot.	27(2): 115, isonym	1997			Lamiaceae Mentha verticillata G.Gaertn., B.Mey. & Scherb.				comb. nov.	0968-0446	\N	\N	\N	\N	\N	\N	\N	\N
998423-1	1.7	Lamiaceae		N	Pogostemon		N	erectus	diplolobatus	var.	Bhatti & Ingr.		Bhatti & Ingr.	Pogostemon erectus var. diplolobatus	Bull. Nat. Hist. Mus. London, Bot.	27(2): 117	1997						India (Kerala).	tax. nov.	0968-0446	\N	\N	\N	\N	\N	\N	\N	\N
