1000139-2	1.3	Poaceae		N	Jarava		N	brevipes		spec.	(É.Desv.) Peñail.	(É.Desv.)	Peñail.	Jarava brevipes	Gayana, Bot.	59(1): 30	2002					Poaceae Stipa brevipes É.Desv.		unknown	0016-5301	\N	\N	\N	\N	\N	\N	\N	\N
1002141-2	1.3	Violaceae		N	Viola		N	toroensis		spec.	Martic.		Martic.	Viola toroensis	Gayana, Bot.	57(2): 192	2000 [30 Apr 2001]		[Gandhi 31 Aug 2001] nom. superfl. for V. philippiana Greene 1889			Violaceae Viola chrysantha Phil.		unknown	0016-5301	\N	\N	\N	\N	\N	\N	\N	\N
1002208-2	1.3	Poaceae		N	Jarava		N	ibarii		spec.	(Phil.) Peñail.	(Phil.)	Peñail.	Jarava ibarii	Gayana, Bot.	59(1): 31	2002		"as ""J. ibari"""			Poaceae Stipa ibarii Phil.		unknown	0016-5301	\N	\N	\N	\N	\N	\N	\N	\N
1008131-2	1.3	Poaceae		N	Jarava		N	semperiana		spec.	(F.A.Roig) Peñail.	(F.A.Roig)	Peñail.	Jarava semperiana	Gayana, Bot.	59(1): 32	2002					Poaceae Stipa semperiana F.A.Roig		unknown	0016-5301	\N	\N	\N	\N	\N	\N	\N	\N
1009089-1	1.5	Poaceae		N	Nassella		N	argentinensis		spec.	(Speg.) Peñail.	(Speg.)	Peñail.	Nassella argentinensis	Gayana, Bot.	55(2): 86	1999 [1998 publ. 1999]			Poaceae Stipa argentinensis Speg.				comb. nov.	0016-5301	\N	\N	\N	\N	\N	\N	\N	\N
1009090-1	1.6	Poaceae		N	Nassella		N	brasiliensis		spec.	(A.Zanin & Longhi-Wagner) Peñail.	(A.Zanin & Longhi-Wagner)	Peñail.	Nassella brasiliensis	Gayana, Bot.	55(2): 86	1999 [1998 publ. 1999]			Poaceae Stipa brasiliensis A.Zanin & Longhi-Wagner				comb. nov.	0016-5301	\N	\N	\N	\N	\N	\N	\N	\N
1009091-1	1.4	Poaceae		N	Nassella		N	coquimbensis		spec.	(Matthei) Peñail.	(Matthei)	Peñail.	Nassella coquimbensis	Gayana, Bot.	55(2): 86	1999 [1998 publ. 1999]			Poaceae Stipa coquimbensis O.R.Matthei				comb. nov.	0016-5301	\N	\N	\N	\N	\N	\N	\N	\N
1009092-1	1.5	Poaceae		N	Nassella		N	entrerriensis		spec.	(Burkart) Peñail.	(Burkart)	Peñail.	Nassella entrerriensis	Gayana, Bot.	55(2): 86	1999 [1998 publ. 1999]			Poaceae Stipa entrerriensis Burkart				comb. nov.	0016-5301	\N	\N	\N	\N	\N	\N	\N	\N
1009093-1	1.5	Poaceae		N	Nassella		N	ibarrensis		spec.	(Kunth) Peñail.	(Kunth)	Peñail.	Nassella ibarrensis	Gayana, Bot.	55(2): 86, isonym	1999 [1998 publ. 1999]			Poaceae Stipa ibarrensis Kunth				comb. nov.	0016-5301	\N	\N	\N	\N	\N	\N	\N	\N
1009094-1	1.4	Poaceae		N	Nassella		N	karstenii		spec.	(Hitchc.) Peñail.	(Hitchc.)	Peñail.	Nassella karstenii	Gayana, Bot.	55(2): 86	1999 [1998 publ. 1999]			Poaceae Stipa karstenii				comb. nov.	0016-5301	\N	\N	\N	\N	\N	\N	\N	\N
1009095-1	1.5	Poaceae		N	Nassella		N	pittieri		spec.	(Hitchc.) Peñail.	(Hitchc.)	Peñail.	Nassella pittieri	Gayana, Bot.	55(2): 86	1999 [1998 publ. 1999]			Poaceae Stipa pittieri Hitchc.				comb. nov.	0016-5301	\N	\N	\N	\N	\N	\N	\N	\N
1009096-1	1.5	Poaceae		N	Nassella		N	psittacorum		spec.	(Speg.) Peñail.	(Speg.)	Peñail.	Nassella psittacorum	Gayana, Bot.	55(2): 86	1999 [1998 publ. 1999]			Poaceae Stipa psittacorum Speg.				comb. nov.	0016-5301	\N	\N	\N	\N	\N	\N	\N	\N
1009097-1	1.6	Poaceae		N	Nassella		N	planaltina		spec.	(A.Zanin & Longhi-Wagner) Peñail.	(A.Zanin & Longhi-Wagner)	Peñail.	Nassella planaltina	Gayana, Bot.	55(2): 87	1999 [1998 publ. 1999]			Poaceae Stipa planaltina A.Zanin & Longhi-Wagner				comb. nov.	0016-5301	\N	\N	\N	\N	\N	\N	\N	\N
1009098-1	1.6	Poaceae		N	Nassella		N	rhizomata		spec.	(A.Zanin & Longhi-Wagner) Peñail.	(A.Zanin & Longhi-Wagner)	Peñail.	Nassella rhizomata	Gayana, Bot.	55(2): 87	1999 [1998 publ. 1999]			Poaceae Stipa rhizomata A.Zanin & Longhi-Wagner				comb. nov.	0016-5301	\N	\N	\N	\N	\N	\N	\N	\N
1009099-1	1.7	Poaceae		N	Nassella		N	sellowiana		spec.	(Nees ex Trin. & Rupr.) Peñail.	(Nees ex Trin. & Rupr.)	Peñail.	Nassella sellowiana	Gayana, Bot.	55(2): 87	1999 [1998 publ. 1999]			Poaceae Stipa sellowiana Nees ex Trin. & Rupr.				comb. nov.	0016-5301	\N	\N	\N	\N	\N	\N	\N	\N
1009100-1	1.5	Poaceae		N	Nassella		N	tenuiculmis		spec.	(Hack.) Peñail.	(Hack.)	Peñail.	Nassella tenuiculmis	Gayana, Bot.	55(2): 87	1999 [1998 publ. 1999]			Poaceae Stipa tenuiculmis Hack.				comb. nov.	0016-5301	\N	\N	\N	\N	\N	\N	\N	\N
1009101-1	1.6	Poaceae		N	Nassella		N	vallsii		spec.	(A.Zanin & Longhi-Wagner) Peñail.	(A.Zanin & Longhi-Wagner)	Peñail.	Nassella vallsii	Gayana, Bot.	55(2): 87	1999 [1998 publ. 1999]			Poaceae Stipa vallsii A.Zanin & Longhi-Wagner				comb. nov.	0016-5301	\N	\N	\N	\N	\N	\N	\N	\N
1009102-1	1.1.2.1.1.3	Poaceae		N	Nassella		N	vargasii		spec.	(Tovar) Peñail.	(Tovar)	Peñail.	Nassella vargasii	Gayana, Bot.	55(2): 87	1999 [1998 publ. 1999]			Poaceae Stipa vargasii Tovar				comb. nov.	0016-5301	\N	\N	\N	\N	\N	\N	\N	\N
1010534-2	1.6	Onagraceae		N	Clarkia		N	tenella	ambigua	subsp.	(Phil.) D.M.Moore & F.H.Lewis ex Martic.	(Phil.)	D.M.Moore & F.H.Lewis ex Martic.	Clarkia tenella subsp. ambigua	Gayana, Bot.	57(2): 192	2000 [30 Apr 2001]		[Gandhi 31 Aug 2001] D. M. Moore & F. H. Lewis [Bol. Soc. Argent. Bot. 10(4): 337. 1965] published this comb. nov. invalidly			Onagraceae Godetia ambigua Phil.		unknown	0016-5301	\N	\N	\N	\N	\N	\N	\N	\N
1010699-2	1.4	Poaceae		N	Nassella		N	planaltina		spec.	(A.Zanin & Longhi-Wagner) Peñail.	(A.Zanin & Longhi-Wagner)	Peñail.	Nassella planaltina	Gayana, Bot.	55(2): 87	1998 [7 May 1999]		[Gandhi 3 Jan 1999]			Poaceae Stipa planaltina A.Zanin & Longhi-Wagner		unknown	0016-5301	\N	\N	\N	\N	\N	\N	\N	\N
1010818-2	1.4	Malvaceae		N	Nototriche		N	stipularis		spec.	(Phil.) A.E.Martic.	(Phil.)	A.E.Martic.	Nototriche stipularis	Gayana, Bot.	54(2): 196	1997		[Gandhi 21 Jul 1999]			Malvaceae Malvastrum stipulare Phil.		unknown	0016-5301	\N	\N	\N	\N	\N	\N	\N	\N
1016373-2	1.1.2.1.1.1	Poaceae		N	Jarava		N	megapotamica		spec.	(Spreng.) Peñail.	(Spreng.)	Peñail.	Jarava megapotamica	Gayana, Bot.	59(1): 31	2002					Poaceae Aristida megapotamica Spreng.		unknown	0016-5301	\N	\N	\N	\N	\N	\N	\N	\N
1018031-1	1.1.2.2.1.3	Alstroemeriaceae		N	Alstroemeria		N	lutea		spec.	Muñoz-Schick		Muñoz-Schick	Alstroemeria lutea	Gayana, Bot.	57(1): 55 (2000)	2000						Chile North (Tarapacá).	tax. nov.	0016-5301	\N	\N	\N	\N	\N	\N	\N	\N
1018032-1	1.1.2.2.1.4	Alstroemeriaceae		N	Alstroemeria		N	achirae		spec.	Muñoz-Schick & Brinck		Muñoz-Schick & Brinck	Alstroemeria achirae	Gayana, Bot.	57(1): 56 (2000)	2000						Chile Central (Maule).	tax. nov.	0016-5301	\N	\N	\N	\N	\N	\N	\N	\N
1018033-1	1.1.2.2.1.3	Alstroemeriaceae		N	Alstroemeria		N	werdermannii	flavicans	var.	Muñoz-Schick		Muñoz-Schick	Alstroemeria werdermannii var. flavicans	Gayana, Bot.	57(1): 57 (2000)	2000						Chile North (Atacama).	tax. nov.	0016-5301	\N	\N	\N	\N	\N	\N	\N	\N
1018034-1	1.6	Tropaeolaceae		N	Tropaeolum		N	hookerianum	austropurpureum	subsp.	J.M.Watson & A.R.Flores		J.M.Watson & A.R.Flores	Tropaeolum hookerianum subsp. austropurpureum	Gayana, Bot.	57(1): 62 (2000)	2000						Chile Central (Coquimbo).	tax. nov.	0016-5301	\N	\N	\N	\N	\N	\N	\N	\N
1018035-1	1.6	Tropaeolaceae		N	Tropaeolum		N	hookerianum	pilosum	subsp.	J.M.Watson & A.R.Flores		J.M.Watson & A.R.Flores	Tropaeolum hookerianum subsp. pilosum	Gayana, Bot.	57(1): 63 (2000)	2000						Chile Central (Coquimbo).	tax. nov.	0016-5301	\N	\N	\N	\N	\N	\N	\N	\N
1018036-1	1.4	Alstroemeriaceae		N	Leontochir		N	ovallei	luteus	var.	Muñoz-Schick		Muñoz-Schick	Leontochir ovallei var. luteus	Gayana, Bot.	57(1): 58 (2000), without type	2000						Chile North (Atacama).	tax. nov.	0016-5301	\N	\N	\N	\N	\N	\N	\N	\N
1019479-2	1.3	Poaceae		N	Jarava		N	eriostachya		spec.	(Kunth) Peñail.	(Kunth)	Peñail.	Jarava eriostachya	Gayana, Bot.	59(1): 31	2002					Poaceae Stipa eriostachya Kunth		unknown	0016-5301	\N	\N	\N	\N	\N	\N	\N	\N
1022543-2	1.3.1.2	Asteraceae		N	Robinsonia		N	berteroi		spec.	(DC.) R.W.Sanders, Stuessy & Martic.	(DC.)	R.W.Sanders, Stuessy & Martic.	Robinsonia berteroi	Gayana, Bot.	47: 79	1991					Asteraceae Balbisia berteroi DC. in Guillem.		unknown	0016-5301	\N	\N	\N	\N	\N	\N	\N	\N
1024671-2	1.4	Iridaceae		N	Olsynium		N	scirpoideum	luridum	subsp.	(Ravenna) R.A.Rodr. & Martic.	(Ravenna)	R.A.Rodr. & Martic.	Olsynium scirpoideum subsp. luridum	Gayana, Bot.	57(2): 172	2000 [30 Apr 2001]		[Gandhi 31 Aug 2001]			Iridaceae Sisyrinchium luridum Ravenna		unknown	0016-5301	\N	133537	\N	\N	\N	\N	\N	\N
1025759-2	1.3	Poaceae		N	Anatherostipa		N	slatensis		spec.	(Kuntze) Peñail.	(Kuntze)	Peñail.	Anatherostipa slatensis	Gayana, Bot.	53(2): 279	1996		[Gandhi 22 Jul 1999]			Poaceae Stipa saltensis Kuntze		unknown	0016-5301	\N	\N	\N	\N	\N	\N	\N	\N
1028654-2	1.3	Poaceae		N	Jarava		N	chrysophylla	cordillearum	var.	(Parodi) Peñail.	(Parodi)	Peñail.	Jarava chrysophylla var. cordillearum	Gayana, Bot.	59(1): 31	2002					Poaceae Stipa chrysophylla É.Desv. in Gay var. cordillerarum Parodi		unknown	0016-5301	\N	\N	\N	\N	\N	\N	\N	\N
1031258-2	1.3	Poaceae		N	Jarava		N	parodiana		spec.	(F.A.Roig) Peñail.	(F.A.Roig)	Peñail.	Jarava parodiana	Gayana, Bot.	59(1): 32	2002					Poaceae Stipa parodiana F.A.Roig		unknown	0016-5301	\N	\N	\N	\N	\N	\N	\N	\N
1032355-2	1.3	Poaceae		N	Jarava		N	nicorae		spec.	(F.A.Roig) Peñail.	(F.A.Roig)	Peñail.	Jarava nicorae	Gayana, Bot.	59(1): 32	2002					Poaceae Stipa nicorae F.A.Roig		unknown	0016-5301	\N	\N	\N	\N	\N	\N	\N	\N
1033892-2	1.4	Poaceae		N	Jarava		N	plumosula		spec.	(Nees ex Steud.) F.Rojas	(Nees ex Steud.)	F.Rojas	Jarava plumosula	Gayana, Bot.	54(2): 173	1997		[Gandhi 21 Jul 1999]			Poaceae Stipa plumosula Nees ex Steud.		unknown	0016-5301	\N	133603	\N	\N	\N	\N	\N	\N
1037989-2	1.4	Orchidaceae		N	Gavilea		N	cardioglossa		spec.	(Reiche) Martic.	(Reiche)	Martic.	Gavilea cardioglossa	Gayana, Bot.	57(2): 192	2000 [30 Apr 2001]		[Gandhi 31 Aug 2001]			Orchidaceae Asarca cardioglossa Reiche		unknown	0016-5301	\N	\N	\N	\N	\N	\N	\N	\N
103924-2	1.2	Poaceae		N	Festuca		N	morenensis		spec.	Matthei		Matthei	Festuca morenensis	Gayana, Bot.	37: 54 (fig.)	1982						Chile	tax. nov.	0016-5301	\N	\N	\N	\N	\N	\N	\N	\N
1040579-2	1.1.2.2.1.3	Poaceae		N	Stipa		N	breviseta		spec.	(Hitchc.) Martic. & Quezada	(Hitchc.)	Martic. & Quezada	Stipa breviseta	Gayana, Bot.	42(1-2): 152	1985		later homonym (non Caro & E. A. Sanchez 1973)			Poaceae Ortachne breviseta Hitchc.		unknown	0016-5301	\N	\N	\N	\N	\N	\N	\N	\N
1042727-2	1.4	Fabaceae		N	Adesmia		N	colinensis		spec.	(Phil. ex Reiche) Martic.	(Phil. ex Reiche)	Martic.	Adesmia colinensis	Gayana, Bot.	57(2): 192	2000 [30 Apr 2001]		[Gandhi 31 Aug 2001]			Fabaceae Patagonium colinense Phil. ex Reiche		unknown	0016-5301	\N	\N	\N	\N	\N	\N	\N	\N
1044273-2	1.3	Poaceae		N	Jarava		N	ruiz-lealii		spec.	(F.A.Roig) Peñail.	(F.A.Roig)	Peñail.	Jarava ruiz-lealii	Gayana, Bot.	59(1): 32	2002					Poaceae Stipa ruiz-lealii F.A.Roig		unknown	0016-5301	\N	\N	\N	\N	\N	\N	\N	\N
1046077-2	1.4	Dryopteridaceae		N	Polystichum		N	subintegerrimum		spec.	(Hook. & Arn.) Rodriguez	(Hook. & Arn.)	Rodriguez	Polystichum subintegerrimum	Gayana, Bot.	44: 48	1987					Dryopteridaceae Aspidium subintegerrimum Hook. & Arn.		unknown	0016-5301	\N	\N	\N	\N	\N	\N	\N	\N
1046867-2	1.3	Poaceae		N	Jarava		N	pseudoichu		spec.	(Caro) F.Rojas	(Caro)	F.Rojas	Jarava pseudoichu	Gayana, Bot.	54(2): 173	1997		[Gandhi 21 Jul 1999]			Poaceae Stipa pseudoichu Caro		unknown	0016-5301	\N	133603	\N	\N	\N	\N	\N	\N
1047657-2	1.4	Fabaceae		N	Adesmia		N	resinosa		spec.	(Phil. ex Reiche) Martic.	(Phil. ex Reiche)	Martic.	Adesmia resinosa	Gayana, Bot.	57(2): 192	2000 [30 Apr 2001]		[Gandhi 31 Aug 2001]			Fabaceae Patagonium resinosum Phil. ex Reiche		unknown	0016-5301	\N	\N	\N	\N	\N	\N	\N	\N
1050911-2	1.3	Dryopteridaceae		N	Polystichum		N	multifidum	pearcei	var.	(Phil.) Rodriguez	(Phil.)	Rodriguez	Polystichum multifidum var. pearcei	Gayana, Bot.	44: 51	1987					Dryopteridaceae Polystichum pearcei Phil.		unknown	0016-5301	\N	\N	\N	\N	\N	\N	\N	\N
1052669-2	1.3	Poaceae		N	Chusquea		N	montana	nigricans	f.	(Phil.) Matthei	(Phil.)	Matthei	Chusquea montana f. nigricans	Gayana, Bot.	54(2): 204	1997		[Gandhi 21 Jul 1999]			Poaceae Chusquea nigricans Phil.		unknown	0016-5301	\N	\N	\N	\N	\N	\N	\N	\N
1057856-2	1.4	Poaceae		N	Jarava		N	pugionata		spec.	(Caro & E.A.Sánchez) Matthei	(Caro & E.A.Sánchez)	Matthei	Jarava pugionata	Gayana, Bot.	54(2): 191	1997		[Gandhi 21 Jul 1999]			Poaceae Stipa pugionata Caro & E.A.Sánchez		unknown	0016-5301	\N	\N	\N	\N	\N	\N	\N	\N
1060150-2	1.3	Poaceae		N	Nassella		N	entrerriensis		spec.	(Burkart) Peñail.	(Burkart)	Peñail.	Nassella entrerriensis	Gayana, Bot.	55(2): 86	1998 [7 May 1999]		[Gandhi 3 Jan 1999]			Poaceae Stipa entrerriensis Burkart		unknown	0016-5301	\N	\N	\N	\N	\N	\N	\N	\N
1063647-2	1.3	Poaceae		N	Jarava		N	patagonica		spec.	(Speg.) Peñail.	(Speg.)	Peñail.	Jarava patagonica	Gayana, Bot.	59(1): 32	2002					Poaceae Stipa patagonica Speg.		unknown	0016-5301	\N	\N	\N	\N	\N	\N	\N	\N
1065169-2	1.4	Poaceae		N	Eragrostis		N	pycnantha		spec.	(Phil.) Parodi	(Phil.)	Parodi	Eragrostis pycnantha	Gayana, Bot.	51: 4	1994					Poaceae Poa pycnantha Phil.		unknown	0016-5301	\N	\N	\N	\N	\N	\N	\N	\N
1076740-2	1.3	Poaceae		N	Jarava		N	annua		spec.	(Mez) Peñail.	(Mez)	Peñail.	Jarava annua	Gayana, Bot.	59(1): 30	2002					Poaceae Stipa annua Mez		unknown	0016-5301	\N	\N	\N	\N	\N	\N	\N	\N
1079324-2	1.2.1.2	Winteraceae		N	Drimys		N	andina		spec.	(Reiche) R.A.Rodr. & Quezada	(Reiche)	R.A.Rodr. & Quezada	Drimys andina	Gayana, Bot.	48: 112	1991					Winteraceae Drimys winteri  var. andina Reiche		unknown	0016-5301	\N	\N	\N	\N	\N	\N	\N	\N
1081704-2	1.3	Poaceae		N	Jarava		N	vaginata		spec.	(Phil.) F.Rojas	(Phil.)	F.Rojas	Jarava vaginata	Gayana, Bot.	54(2): 173	1997		[Gandhi 21 Jul 1999]			Poaceae Stipa vaginata Phil.		unknown	0016-5301	\N	133603	\N	\N	\N	\N	\N	\N
108334-1	1.4	Bignoniaceae		N	Argylia		N	farnesiana		spec.	Gleisner & Ricardi		Gleisner & Ricardi	Argylia farnesiana	Gayana, Bot.	No. 19, 44 (1969)								unknown	0016-5301	\N	133686	\N	\N	\N	\N	\N	\N
1083487-2	1.3	Poaceae		N	Jarava		N	hieronymusii		spec.	(Pilg.) Peñail.	(Pilg.)	Peñail.	Jarava hieronymusii	Gayana, Bot.	59(1): 31	2002					Poaceae Stipa hieronymusii Pilg.		unknown	0016-5301	\N	\N	\N	\N	\N	\N	\N	\N
1086386-2	1.1	Brassicaceae		N	Lepidium		N	barneoudianum		spec.	Sukory		Sukory	Lepidium barneoudianum	Gayana, Bot.	60(2): 135	2003 [Nov 2003]					Brassicaceae Lepidium brevicaule Barnéoud		unknown	0016-5301	\N	\N	\N	\N	\N	\N	\N	\N
1090548-2	1.4	Poaceae		N	Nassella		N	rhizomata		spec.	(A.Zanin & Longhi-Wagner) Peñail.	(A.Zanin & Longhi-Wagner)	Peñail.	Nassella rhizomata	Gayana, Bot.	55(2): 87	1998 [7 May 1999]		[Gandhi 3 Jan 1999]			Poaceae Stipa rhizomata A.Zanin & Longhi-Wagner		unknown	0016-5301	\N	\N	\N	\N	\N	\N	\N	\N
1090888-2	1.3	Poaceae		N	Jarava		N	hypsophila		spec.	(Speg.) Peñail.	(Speg.)	Peñail.	Jarava hypsophila	Gayana, Bot.	59(1): 31	2002					Poaceae Stipa hypsophila Speg.		unknown	0016-5301	\N	\N	\N	\N	\N	\N	\N	\N
1092316-2	1.3	Poaceae		N	Jarava		N	illimanica		spec.	(Hack.) F.Rojas	(Hack.)	F.Rojas	Jarava illimanica	Gayana, Bot.	54(2): 173	1997		[Gandhi 21 Jul 1999]			Poaceae Stipa illimanica Hack.		unknown	0016-5301	\N	133603	\N	\N	\N	\N	\N	\N
1093109-2	1.3	Poaceae		N	Jarava		N	juncoides		spec.	(Speg.) Peñail.	(Speg.)	Peñail.	Jarava juncoides	Gayana, Bot.	59(1): 31	2002					Poaceae Stipa juncoides Speg.		unknown	0016-5301	\N	\N	\N	\N	\N	\N	\N	\N
1094151-2	1.4	Poaceae		N	Nassella		N	vallsii		spec.	(A.Zanin & Longhi-Wagner) Peñail.	(A.Zanin & Longhi-Wagner)	Peñail.	Nassella vallsii	Gayana, Bot.	55(2): 87	1998 [7 May 1999]		[Gandhi 3 Jan 1999]			Poaceae Stipa vallsii A.Zanin & Longhi-Wagner		unknown	0016-5301	\N	\N	\N	\N	\N	\N	\N	\N
1095370-2	1.3	Poaceae		N	Nassella		N	gigantea		spec.	(Steud. ex Gayana) Muñoz-Schick	(Steud. ex Gayana)	Muñoz-Schick	Nassella gigantea	Gayana, Bot.	47: 23	1991					Poaceae Urachne gigantea Steud.		unknown	0016-5301	\N	\N	\N	\N	\N	\N	\N	\N
1097480-2	1.3	Poaceae		N	Jarava		N	bertrandii		spec.	(Phil.) Peñail.	(Phil.)	Peñail.	Jarava bertrandii	Gayana, Bot.	59(1): 30	2002					Poaceae Stipa bertrandii Phil.		unknown	0016-5301	\N	\N	\N	\N	\N	\N	\N	\N
1100302-2	1.2	Asteraceae		N	Conyza		N	hirtella		spec.	DC.		DC.	Conyza hirtella	Gayana, Bot.	47: 121	1991					Asteraceae Erigeron hirtellus DC.		unknown	0016-5301	\N	\N	\N	\N	\N	\N	\N	\N
1103197-2	1.3	Poaceae		N	Jarava		N	chrysophylla		spec.	(É.Desv.) Peñail.	(É.Desv.)	Peñail.	Jarava chrysophylla	Gayana, Bot.	59(1): 31	2002					Poaceae Stipa chrysophylla É.Desv. in Gay		unknown	0016-5301	\N	\N	\N	\N	\N	\N	\N	\N
1105562-2	1.3	Poaceae		N	Jarava		N	ameghinoi		spec.	(Speg.) Peñail.	(Speg.)	Peñail.	Jarava ameghinoi	Gayana, Bot.	59(1): 30	2002					Poaceae Stipa ameghinoi Speg.		unknown	0016-5301	\N	\N	\N	\N	\N	\N	\N	\N
1108071-2	1.4	Fabaceae		N	Adesmia		N	godoyae		spec.	(Phil. ex Reiche) Martic.	(Phil. ex Reiche)	Martic.	Adesmia godoyae	Gayana, Bot.	57(2): 192	2000 [30 Apr 2001]		[Gandhi 31 Aug 2001]			Fabaceae Patagonium godoyae Phil. ex Reiche		unknown	0016-5301	\N	\N	\N	\N	\N	\N	\N	\N
1116473-2	1.3	Poaceae		N	Jarava		N	atacamensis		spec.	(Parodi) Peñail.	(Parodi)	Peñail.	Jarava atacamensis	Gayana, Bot.	59(1): 30	2002					Poaceae Stipa atacamensis Parodi		unknown	0016-5301	\N	\N	\N	\N	\N	\N	\N	\N
1117357-2	1.3	Poaceae		N	Jarava		N	psylantha		spec.	(Speg.) Peñail.	(Speg.)	Peñail.	Jarava psylantha	Gayana, Bot.	59(1): 32	2002					Poaceae Stipa psylantha Speg.		unknown	0016-5301	\N	\N	\N	\N	\N	\N	\N	\N
1119825-2	1.3	Poaceae		N	Anatherostipa		N	bomanii		spec.	(Hauman) Peñail.	(Hauman)	Peñail.	Anatherostipa bomanii	Gayana, Bot.	53(2): 279	1996		[Gandhi 21 Jul 1999]			Poaceae Stipa bomanii Hauman		unknown	0016-5301	\N	\N	\N	\N	\N	\N	\N	\N
1123512-2	1.4	Poaceae		N	Jarava		N	subplumosa		spec.	(Hicken ex F.A.Roig) Peñail.	(Hicken ex F.A.Roig)	Peñail.	Jarava subplumosa	Gayana, Bot.	59(1): 33	2002					Poaceae Stipa subplumosa Hicken ex F.A.Roig		unknown	0016-5301	\N	\N	\N	\N	\N	\N	\N	\N
1123599-2	1.4	Iridaceae		N	Olsynium		N	scirpoideum	scirpeum	subsp.	(Phil.) R.A.Rodr. & Martic.	(Phil.)	R.A.Rodr. & Martic.	Olsynium scirpoideum subsp. scirpeum	Gayana, Bot.	57(2): 173	2000 [30 Apr 2001]		[Gandhi 31 Aug 2001]			Iridaceae Sisyrinchium scirpeum Phil.		unknown	0016-5301	\N	133537	\N	\N	\N	\N	\N	\N
1124144-2	1.4	Iridaceae		N	Olsynium		N	scirpoideum	leucanthum	subsp.	(Colla) R.A.Rodr. & Martic.	(Colla)	R.A.Rodr. & Martic.	Olsynium scirpoideum subsp. leucanthum	Gayana, Bot.	57(2): 172	2000 [30 Apr 2001]		[Gandhi 31 Aug 2001]			Iridaceae Sisyrinchium leucanthum Colla		unknown	0016-5301	\N	133537	\N	\N	\N	\N	\N	\N
1130964-2	1.3	Poaceae		N	Jarava		N	maeviae		spec.	(F.A.Roig) Peñail.	(F.A.Roig)	Peñail.	Jarava maeviae	Gayana, Bot.	59(1): 31	2002					Poaceae Stipa maeviae F.A.Roig		unknown	0016-5301	\N	\N	\N	\N	\N	\N	\N	\N
1132098-2	1.3	Poaceae		N	Jarava		N	barrancaensis		spec.	(F.A.Roig) Peñail.	(F.A.Roig)	Peñail.	Jarava barrancaensis	Gayana, Bot.	59(1): 30	2002					Poaceae Stipa barrancaensis F.A.Roig		unknown	0016-5301	\N	\N	\N	\N	\N	\N	\N	\N
1133151-2	1.3	Poaceae		N	Jarava		N	chubutensis		spec.	(É.Desv.) Peñail.	(É.Desv.)	Peñail.	Jarava chubutensis	Gayana, Bot.	59(1): 31	2002					Poaceae Stipa chubutensis Speg.		unknown	0016-5301	\N	\N	\N	\N	\N	\N	\N	\N
1136495-2	1.3	Poaceae		N	Nassella		N	pittieri		spec.	(Hitchc.) Peñail.	(Hitchc.)	Peñail.	Nassella pittieri	Gayana, Bot.	55(2): 86	1998 [7 May 1999]		[Gandhi 3 Jan 1999]			Poaceae Stipa pittieri Hitchc.		unknown	0016-5301	\N	\N	\N	\N	\N	\N	\N	\N
1136532-2	1.3	Poaceae		N	Jarava		N	ambigua		spec.	(Speg.) Peñail.	(Speg.)	Peñail.	Jarava ambigua	Gayana, Bot.	59(1): 30	2002					Poaceae Stipa ambigua Speg.		unknown	0016-5301	\N	\N	\N	\N	\N	\N	\N	\N
1138035-2	1.3	Poaceae		N	Jarava		N	brachychaeta		spec.	(Godr.) Peñail.	(Godr.)	Peñail.	Jarava brachychaeta	Gayana, Bot.	59(1): 30	2002					Poaceae Stipa brachychaeta Godr.		unknown	0016-5301	\N	\N	\N	\N	\N	\N	\N	\N
1138986-2	1.2	Brassicaceae		N	Sisymbrium		N	donnarosae		spec.	Martic.		Martic.	Sisymbrium donnarosae	Gayana, Bot.	57(2): 191	2000 [30 Apr 2001]		[Gandhi 31 Aug 2001]			Brassicaceae Sisymbrium foliosum Phil.		unknown	0016-5301	\N	\N	\N	\N	\N	\N	\N	\N
1141651-2	1.3	Poaceae		N	Nassella		N	psittacorum		spec.	(Speg.) Peñail.	(Speg.)	Peñail.	Nassella psittacorum	Gayana, Bot.	55(2): 86 (-87)	1998 [7 May 1999]		[Gandhi 3 Jan 1999]			Poaceae Stipa psittacorum Speg.		unknown	0016-5301	\N	\N	\N	\N	\N	\N	\N	\N
1143037-2	1.3	Poaceae		N	Jarava		N	leptostachya		spec.	(Griseb.) F.Rojas	(Griseb.)	F.Rojas	Jarava leptostachya	Gayana, Bot.	54(2): 173	1997		[Gandhi 21 Jul 1999]			Poaceae Stipa leptostachya Griseb.		unknown	0016-5301	\N	133603	\N	\N	\N	\N	\N	\N
1147574-2	1.3	Poaceae		N	Anatherostipa		N	henrardiana		spec.	(Parodi) Peñail.	(Parodi)	Peñail.	Anatherostipa henrardiana	Gayana, Bot.	53(2): 279	1996		[Gandhi 21 Jul 1999]			Poaceae Stipa henrardiana Parodi		unknown	0016-5301	\N	\N	\N	\N	\N	\N	\N	\N
1147684-2	1.4	Poaceae		N	Jarava		N	pungens		spec.	(Nees & Meyen) Matthei	(Nees & Meyen)	Matthei	Jarava pungens	Gayana, Bot.	54(2): 190	1997		[Gandhi 21 Jul 1999]			Poaceae Stipa pungens Nees & Meyen		unknown	0016-5301	\N	\N	\N	\N	\N	\N	\N	\N
1147685-2	1.3	Poaceae		N	Anatherostipa		N	hans-meyeri		spec.	(Pilg.) Peñail.	(Pilg.)	Peñail.	Anatherostipa hans-meyeri	Gayana, Bot.	53(2): 279	1996 [?May 1997]		[Gandhi 21 Jul 1999] F. Rojas (Gayana, Bot. 54(2): 170. 1997 (?1998) also made this comb. nov. (isonym)			Poaceae Stipa hansmeyeri Pilg.		unknown	0016-5301	\N	\N	\N	\N	\N	\N	\N	\N
1149614-2	1.4	Poaceae		N	Anatherostipa		N	obtusa		spec.	(Nees & Meyen) Peñail.	(Nees & Meyen)	Peñail.	Anatherostipa obtusa	Gayana, Bot.	53(2): 279	1996		[Gandhi 22 Jul 1999]			Poaceae Piptatherum obtusum Nees & Meyen		unknown	0016-5301	\N	\N	\N	\N	\N	\N	\N	\N
1150120-2	1.4	Poaceae		N	Jarava		N	neaei		spec.	(Nees ex Steud.) Peñail.	(Nees ex Steud.)	Peñail.	Jarava neaei	Gayana, Bot.	59(1): 32	2002					Poaceae Stipa neaei Nees ex Steud.		unknown	0016-5301	\N	\N	\N	\N	\N	\N	\N	\N
1150794-2	1.3	Poaceae		N	Jarava		N	caudata		spec.	(Trin.) Peñail.	(Trin.)	Peñail.	Jarava caudata	Gayana, Bot.	59(1): 30	2002					Poaceae Stipa caudata Trin.		unknown	0016-5301	\N	\N	\N	\N	\N	\N	\N	\N
1151118-2	1.4	Poaceae		N	Nassella		N	brasiliensis		spec.	(A.Zanin & Longhi-Wagner) Peñail.	(A.Zanin & Longhi-Wagner)	Peñail.	Nassella brasiliensis	Gayana, Bot.	55(2): 86	1998 [7 May 1999]		[Gandhi 3 Jan 1999]			Poaceae Stipa brasiliensis A.Zanin & Longhi-Wagner		unknown	0016-5301	\N	\N	\N	\N	\N	\N	\N	\N
1152795-2	1.3	Poaceae		N	Jarava		N	humilis		spec.	(Cav.) Peñail.	(Cav.)	Peñail.	Jarava humilis	Gayana, Bot.	59(1): 31	2002					Poaceae Stipa humilis Cav.		unknown	0016-5301	\N	\N	\N	\N	\N	\N	\N	\N
1152796-2	1.3	Poaceae		N	Jarava		N	malalhuensis		spec.	(F.A.Roig) Peñail.	(F.A.Roig)	Peñail.	Jarava malalhuensis	Gayana, Bot.	59(1): 31	2002					Poaceae Stipa malalhuensis F.A.Roig		unknown	0016-5301	\N	\N	\N	\N	\N	\N	\N	\N
1155494-2	1.3	Poaceae		N	Jarava		N	vatroensis		spec.	(F.A.Roig) Peñail.	(F.A.Roig)	Peñail.	Jarava vatroensis	Gayana, Bot.	59(1): 33	2002					Poaceae Stipa vatroensis F.A.Roig		unknown	0016-5301	\N	\N	\N	\N	\N	\N	\N	\N
1159332-2	1.5	Poaceae		N	Nassella		N	sellowiana		spec.	(Nees ex Trin. & Rupr.) Peñail.	(Nees ex Trin. & Rupr.)	Peñail.	Nassella sellowiana	Gayana, Bot.	55(2): 87	1998 [7 May 1999]		[Gandhi 3 Jan 1999]			Poaceae Stipa sellowiana Nees ex Trin. & Rupr.		unknown	0016-5301	\N	\N	\N	\N	\N	\N	\N	\N
1159932-2	1.3	Poaceae		N	Anatherostipa		N	venusta		spec.	(Phil.) Peñail.	(Phil.)	Peñail.	Anatherostipa venusta	Gayana, Bot.	53(2): 279	1996		[Gandhi 22 Jul 1999]			Poaceae Stipa venusta Phil.		unknown	0016-5301	\N	\N	\N	\N	\N	\N	\N	\N
1159963-2	1.3	Poaceae		N	Nassella		N	vargasii		spec.	(Tovar) Peñail.	(Tovar)	Peñail.	Nassella vargasii	Gayana, Bot.	55(2): 87	1998 [7 May 1999]		[Gandhi 3 Jan 1999]			Poaceae Stipa vargasii Tovar		unknown	0016-5301	\N	\N	\N	\N	\N	\N	\N	\N
1160613-2	1.4	Cucurbitaceae		N	Sicyos		N	baderoa	ambrosianus	var.	Martic. & Quezada		Martic. & Quezada	Sicyos baderoa var. ambrosianus	Gayana, Bot.	48: 123	1991					Cucurbitaceae Sicyos bryoniifolius Moris var. ambrosiana Skottsb.		unknown	0016-5301	\N	\N	\N	\N	\N	\N	\N	\N
1161314-2	1.3	Poaceae		N	Jarava		N	polyclada		spec.	(Hack.) Peñail.	(Hack.)	Peñail.	Jarava polyclada	Gayana, Bot.	59(1): 32	2002					Poaceae Stipa polyclada Hack.		unknown	0016-5301	\N	\N	\N	\N	\N	\N	\N	\N
1163943-2	1.3	Poaceae		N	Nassella		N	coquimbensis		spec.	(Matthei) Peñail.	(Matthei)	Peñail.	Nassella coquimbensis	Gayana, Bot.	55(2): 86	1998 [7 May 1999]		[Gandhi 3 Jan 1999]			Poaceae Stipa coquimbensis Matthei		unknown	0016-5301	\N	\N	\N	\N	\N	\N	\N	\N
1163946-2	1.3	Poaceae		N	Jarava		N	macbridei		spec.	(Hitchc.) Peñail.	(Hitchc.)	Peñail.	Jarava macbridei	Gayana, Bot.	59(1): 31	2002					Poaceae Stipa macbridei Hitchc.		unknown	0016-5301	\N	\N	\N	\N	\N	\N	\N	\N
1164356-2	1.4	Poaceae		N	Jarava		N	subnitida		spec.	(Roseng. & B.R.Arrill.) Peñail.	(Roseng. & B.R.Arrill.)	Peñail.	Jarava subnitida	Gayana, Bot.	59(1): 33	2002					Poaceae Stipa subnitida Roseng. & B.R.Arrill.		unknown	0016-5301	\N	\N	\N	\N	\N	\N	\N	\N
1168982-2	1.4	Fabaceae		N	Adesmia		N	darapskyana		spec.	(Phil. ex Reiche) Martic.	(Phil. ex Reiche)	Martic.	Adesmia darapskyana	Gayana, Bot.	57(2): 192	2000 [30 Apr 2001]		[Gandhi 31 Aug 2001]			Fabaceae Patagonium darapskyanum Phil. ex Reiche		unknown	0016-5301	\N	\N	\N	\N	\N	\N	\N	\N
1170596-2	1.3	Poaceae		N	Nassella		N	tenuiculmis		spec.	(Hack.) Peñail.	(Hack.)	Peñail.	Nassella tenuiculmis	Gayana, Bot.	55(2): 87	1998 [7 May 1999]		[Gandhi 3 Jan 1999]			Poaceae Stipa tenuiculmis Hack.		unknown	0016-5301	\N	\N	\N	\N	\N	\N	\N	\N
1171152-2	1.3	Poaceae		N	Jarava		N	sorianoi		spec.	(Parodi) Peñail.	(Parodi)	Peñail.	Jarava sorianoi	Gayana, Bot.	59(1): 33	2002					Poaceae Stipa sorianoi Parodi		unknown	0016-5301	\N	\N	\N	\N	\N	\N	\N	\N
1171471-2	1.1.2.1.1.1.2.1	Gentianaceae		N	Gentianella		N	coquimbensis		spec.	(Briq.) Martic.	(Briq.)	Martic.	Gentianella coquimbensis	Gayana, Bot.	48: 124	1992					Gentianaceae Gentiana coquimbensis Briq.		unknown	0016-5301	\N	\N	\N	\N	\N	\N	\N	\N
1176318-2	1.4	Iridaceae		N	Olsynium		N	junceum	depauperatum	subsp.	(Phil.) R.A.Rodr. & Martic.	(Phil.)	R.A.Rodr. & Martic.	Olsynium junceum subsp. depauperatum	Gayana, Bot.	57(2): 172	2000 [30 Apr 2001]		[Gandhi 31 Aug 2001]			Iridaceae Sisyrinchium depauperatum Phil.		unknown	0016-5301	\N	133537	\N	\N	\N	\N	\N	\N
1178395-2	1.4	Iridaceae		N	Olsynium		N	nigricans		spec.	(Phil.) R.A.Rodr. & Martic.	(Phil.)	R.A.Rodr. & Martic.	Olsynium nigricans	Gayana, Bot.	49: 44	1992					Iridaceae Susarium nigricans Phil.		unknown	0016-5301	\N	\N	\N	\N	\N	\N	\N	\N
1181824-2	1.4	Poaceae		N	Jarava		N	speciosa		spec.	(Trin. & Rupr.) Peñail.	(Trin. & Rupr.)	Peñail.	Jarava speciosa	Gayana, Bot.	59(1): 33	2002					Poaceae Stipa speciosa Trin. & Rupr.		unknown	0016-5301	\N	\N	\N	\N	\N	\N	\N	\N
1188784-2	1.4	Poaceae		N	Jarava		N	breviseta		spec.	(Caro & E.A.Sánchez) Peñail.	(Caro & E.A.Sánchez)	Peñail.	Jarava breviseta	Gayana, Bot.	59(1): 30	2002					Poaceae Stipa breviseta Caro & E.A.Sánchez		unknown	0016-5301	\N	\N	\N	\N	\N	\N	\N	\N
1198054-2	1.1.2.1	Scrophulariaceae		N	Mimulus		N	minimus		spec.	C.Bohlen		C.Bohlen	Mimulus minimus	Gayana, Bot.	52(1): 13	1995					Scrophulariaceae Mimulus nanus Phil.		tax. nov.	0016-5301	\N	\N	\N	\N	\N	\N	\N	\N
1200947-2	1.3	Poaceae		N	Jarava		N	tortuosa		spec.	(É.Desv.) Peñail.	(É.Desv.)	Peñail.	Jarava tortuosa	Gayana, Bot.	59(1): 33	2002					Poaceae Stipa tortuosa É.Desv.		unknown	0016-5301	\N	\N	\N	\N	\N	\N	\N	\N
1202655-2	1.3	Poaceae		N	Jarava		N	pogonathera		spec.	(É.Desv.) Peñail.	(É.Desv.)	Peñail.	Jarava pogonathera	Gayana, Bot.	59(1): 32	2002					Poaceae Stipa pogonathera É.Desv.		unknown	0016-5301	\N	\N	\N	\N	\N	\N	\N	\N
1203695-2	1.3	Poaceae		N	Anatherostipa		N	rigidiseta		spec.	(Pilg.) Peñail.	(Pilg.)	Peñail.	Anatherostipa rigidiseta	Gayana, Bot.	53(2): 279	1996		[Gandhi 22 Jul 1999]			Poaceae Oryzopsis rigidiseta Pilg.		unknown	0016-5301	\N	\N	\N	\N	\N	\N	\N	\N
1204058-2	1.3	Poaceae		N	Nassella		N	argentinensis		spec.	(Speg.) Peñail.	(Speg.)	Peñail.	Nassella argentinensis	Gayana, Bot.	55(2): 86	1998 [7 May 1999]		[Gandhi 3 Jan 2000]			Poaceae Stipa argentinensis Speg.		unknown	0016-5301	\N	\N	\N	\N	\N	\N	\N	\N
1205876-2	1.3	Poaceae		N	Jarava		N	scirpea		spec.	(Speg.) Peñail.	(Speg.)	Peñail.	Jarava scirpea	Gayana, Bot.	59(1): 32	2002					Poaceae Stipa scirpea Speg.		unknown	0016-5301	\N	\N	\N	\N	\N	\N	\N	\N
1207856-2	1.3	Poaceae		N	Jarava		N	pachypus		spec.	(Pilg.) Peñail.	(Pilg.)	Peñail.	Jarava pachypus	Gayana, Bot.	59(1): 32	2002					Poaceae Stipa pachypus Pilg.		unknown	0016-5301	\N	\N	\N	\N	\N	\N	\N	\N
1208318-2	1.2	Unknown		N	Rhytidosperma		N	paschalis		spec.	Pilg.		Pilg.	Rhytidosperma paschalis	Gayana, Bot.	47: 84	1991					Poaceae Danthonia paschalis Pilg.		unknown	0016-5301	\N	\N	\N	\N	\N	\N	\N	\N
1213705-2	1.3	Poaceae		N	Jarava		N	milleana		spec.	(Hitchc.) Peñail.	(Hitchc.)	Peñail.	Jarava milleana	Gayana, Bot.	59(1): 32	2002					Poaceae Stipa milleana Hitchc.		unknown	0016-5301	\N	\N	\N	\N	\N	\N	\N	\N
1216595-2	1.3	Poaceae		N	Jarava		N	nana		spec.	(Speg.) Peñail.	(Speg.)	Peñail.	Jarava nana	Gayana, Bot.	59(1): 32	2002					Poaceae Stipa nana Speg.		unknown	0016-5301	\N	\N	\N	\N	\N	\N	\N	\N
1216653-2	1.3	Poaceae		N	Nassella		N	karstenii		spec.	(Hitchc.) Peñail.	(Hitchc.)	Peñail.	Nassella karstenii	Gayana, Bot.	55(2): 86	1998 [7 May 1999]		[Gandhi 3 Jan 1999]			Poaceae Stipa karstenii Hitchc.		unknown	0016-5301	\N	\N	\N	\N	\N	\N	\N	\N
1219843-2	1.3	Poaceae		N	Jarava		N	frigida		spec.	(Phil.) F.Rojas	(Phil.)	F.Rojas	Jarava frigida	Gayana, Bot.	54(2): 173	1997		[Gandhi 21 Jul 1999]			Poaceae Stipa frigida Phil.		unknown	0016-5301	\N	133603	\N	\N	\N	\N	\N	\N
149875-2	1.2	Malesherbiaceae		N	Malesherbia		N	arequipensis		spec.	Ricardi		Ricardi	Malesherbia arequipensis	Gayana, Bot.	no. 3: 5, fig. 1-3	1961						Arequipa (Peru, Western South America, Southern America)	tax. nov.	0016-5301	\N	\N	\N	\N	\N	\N	\N	\N
149876-2	1.2	Malesherbiaceae		N	Malesherbia		N	auristipulata		spec.	Ricardi		Ricardi	Malesherbia auristipulata	Gayana, Bot.	no. 12: 3	1965						Tarapacá (Chile)	tax. nov.	0016-5301	\N	\N	\N	\N	\N	\N	\N	\N
149881-2	1.2	Malesherbiaceae		N	Malesherbia		N	campanulata		spec.	Ricardi		Ricardi	Malesherbia campanulata	Gayana, Bot.	no. 16: 83	1967						Chile	tax. nov.	0016-5301	\N	\N	\N	\N	\N	\N	\N	\N
149885-2	1.2	Malesherbiaceae		N	Malesherbia		N	fasciculata	glandulosa	var.	Ricardi		Ricardi	Malesherbia fasciculata var. glandulosa	Gayana, Bot.	no. 16: 110	1967						Chile	tax. nov.	0016-5301	\N	\N	\N	\N	\N	\N	\N	\N
149887-2	1.2	Malesherbiaceae		N	Malesherbia		N	gabrielae		spec.	Ricardi		Ricardi	Malesherbia gabrielae	Gayana, Bot.	no. 16: 120	1967						Chile	tax. nov.	0016-5301	\N	\N	\N	\N	\N	\N	\N	\N
149892-2	1.3	Malesherbiaceae		N	Malesherbia		N	humilis	parviflora	var.	(Phil.) Ricardi	(Phil.)	Ricardi	Malesherbia humilis var. parviflora	Gayana, Bot.	no. 16: 117	1967					Malesherbiaceae Malesherbia parviflora Phil.		tax. nov.	0016-5301	\N	\N	\N	\N	\N	\N	\N	\N
149896-2	1.2	Malesherbiaceae		N	Malesherbia		N	lanceolata		spec.	Ricardi		Ricardi	Malesherbia lanceolata	Gayana, Bot.	no. 16: 81	1967						Chile	tax. nov.	0016-5301	\N	\N	\N	\N	\N	\N	\N	\N
149898-2	1.3	Malesherbiaceae		N	Malesherbia		N	lirana	bracteata	var.	(Phil.) Ricardi	(Phil.)	Ricardi	Malesherbia lirana var. bracteata	Gayana, Bot.	no. 16: 79	1967					Malesherbiaceae Malesherbia bracteata Phil.		tax. nov.	0016-5301	\N	\N	\N	\N	\N	\N	\N	\N
149899-2	1.3	Malesherbiaceae		N	Malesherbia		N	lirana	hieronymi	var.	(Harms) Ricardi	(Harms)	Ricardi	Malesherbia lirana var. hieronymi	Gayana, Bot.	no. 16: 80	1967							tax. nov.	0016-5301	\N	\N	\N	\N	\N	\N	\N	\N
149904-2	1.2	Malesherbiaceae		N	Malesherbia		N	multiflora		spec.	Ricardi		Ricardi	Malesherbia multiflora	Gayana, Bot.	no. 16: 126	1967						Chile	tax. nov.	0016-5301	\N	\N	\N	\N	\N	\N	\N	\N
149906-2	1.3	Malesherbiaceae		N	Malesherbia		N	obtusa	johnstonii	var.	(Werderm.) Ricardi	(Werderm.)	Ricardi	Malesherbia obtusa var. johnstonii	Gayana, Bot.	no. 16: 105	1967					Malesherbiaceae Malesherbia johnstonii Werderm.		tax. nov.	0016-5301	\N	\N	\N	\N	\N	\N	\N	\N
149913-2	1.2	Malesherbiaceae		N	Malesherbia		N	rugosa	pseudopulverulenta	var.	Ricardi		Ricardi	Malesherbia rugosa var. pseudopulverulenta	Gayana, Bot.	no. 16: 93	1967						Chile	tax. nov.	0016-5301	\N	\N	\N	\N	\N	\N	\N	\N
149917-2	1.2	Malesherbiaceae		N	Malesherbia		N	splendens		spec.	Ricardi		Ricardi	Malesherbia splendens	Gayana, Bot.	no. 12: 6	1965						Lima (Peru, Western South America, Southern America)	tax. nov.	0016-5301	\N	\N	\N	\N	\N	\N	\N	\N
149918-2	1.2	Malesherbiaceae		N	Malesherbia		N	taltalina		spec.	Ricardi		Ricardi	Malesherbia taltalina	Gayana, Bot.	no. 16: 123	1967						Chile	tax. nov.	0016-5301	\N	\N	\N	\N	\N	\N	\N	\N
149919-2	1.2	Malesherbiaceae		N	Malesherbia		N	tocopillana		spec.	Ricardi		Ricardi	Malesherbia tocopillana	Gayana, Bot.	no. 16: 48	1967						Chile	tax. nov.	0016-5301	\N	\N	\N	\N	\N	\N	\N	\N
149923-2	1.3	Malesherbiaceae		N	Malesherbia		N	weberbaueri	galjufii	var.	(J.F.Macbr.) Ricardi	(J.F.Macbr.)	Ricardi	Malesherbia weberbaueri var. galjufii	Gayana, Bot.	no. 16: 44	1967					Malesherbiaceae Malesherbia galjufii J.F.Macbr.		tax. nov.	0016-5301	\N	\N	\N	\N	\N	\N	\N	\N
17536980-1	1.8	Dryopteridaceae		N	Polystichum		N	subintegerrimum		spec.	(Hook. & Arn.) R.A.Rodr.	(Hook. & Arn.)	R.A.Rodr.	Polystichum subintegerrimum	Gayana, Bot.	44(1-4): 48 (1987 publ. 1988):	1988							unknown	0016-5301	\N	\N	\N	\N	\N	\N	\N	\N
17538030-1	1.2.2.1	Dennstaedtiaceae		N	Hypolepis		N	poeppigii		spec.	(Kunze) R.A.Rodr.	(Kunze)	R.A.Rodr.	Hypolepis poeppigii	Gayana, Bot.	46(3-4): 202	1990		isonym of H. poeppigii (Kunze) Mett. ex Maxon (1941).	Polypodiaceae Polypodium poeppigii Kunze				comb. nov.	0016-5301	\N	\N	\N	\N	\N	\N	\N	\N
17539700-1	1.8	Dryopteridaceae		N	Polystichum		N	chilense	dusenii	var.	(C.Chr.) Looser ex R.A.Rodr.	(C.Chr.)	Looser ex R.A.Rodr.	Polystichum chilense var. dusenii	Gayana, Bot.	44(1-4): 48 (1987 publ. 1988):	1988							unknown	0016-5301	\N	\N	\N	\N	\N	\N	\N	\N
17539710-1	1.6	Dryopteridaceae		N	Polystichum		N	multifidum	pearcei	var.	(Phil.) R.A.Rodr.	(Phil.)	R.A.Rodr.	Polystichum multifidum var. pearcei	Gayana, Bot.	44(1-4): 51 (1987 publ. 1988):	1988			Polystichum pearcei Phil.				unknown	0016-5301	\N	\N	\N	\N	\N	\N	\N	\N
17540090-1	1.8	Aspleniaceae		N	Asplenium		N	polyodon	squamulosum	var.	(C.Chr.) R.A.Rodr.	(C.Chr.)	R.A.Rodr.	Asplenium polyodon var. squamulosum	Gayana, Bot.	46(3-4): 207	1990 [1989 publ. 1990]							unknown	0016-5301	\N	\N	\N	\N	\N	\N	\N	\N
17540100-1	1.1.2.1.1.10	Dryopteridaceae		N	Megalastrum		N	inaequalifolium	glabrior	var.	(C.Chr. & Skottsb.) R.A.Rodr.	(C.Chr. & Skottsb.)	R.A.Rodr.	Megalastrum inaequalifolium var. glabrior	Gayana, Bot.	46(3-4): 206	1990 [1989 publ. 1990]							unknown	0016-5301	\N	\N	\N	\N	\N	\N	\N	\N
17540980-1	1.6	Gleicheniaceae		N	Gleichenia		N	lepidota		spec.	R.A.Rodr.		R.A.Rodr.	Gleichenia lepidota	Gayana, Bot.	47(1-2): 40 (1990)	1990						Juan Fernandez Is.	unknown	0016-5301	\N	\N	\N	\N	\N	\N	\N	\N
176261-2	1.4	Rubiaceae		N	Oreopolus		N	glacialis		spec.	(Poepp. & Endl.) Ricardi	(Poepp. & Endl.)	Ricardi	Oreopolus glacialis	Gayana, Bot.	no. 6: 7	1963					Rubiaceae Cruckshanksia glacialis Poepp. & Endl.		tax. nov.	0016-5301	\N	\N	\N	\N	\N	\N	\N	\N
176262-2	1.3	Rubiaceae		N	Oreopolus		N	macranthus		spec.	(Phil.) Ricardi	(Phil.)	Ricardi	Oreopolus macranthus	Gayana, Bot.	no. 6: 14	1963					Rubiaceae Cruckshanksia macrantha Phil.		tax. nov.	0016-5301	\N	\N	\N	\N	\N	\N	\N	\N
176264-2	1.3	Rubiaceae		N	Oreopolus		N	palma		spec.	(Clos) Ricardi	(Clos)	Ricardi	Oreopolus palma	Gayana, Bot.	no. 6: 12	1963					Rubiaceae Cruckshanksia palma Clos		tax. nov.	0016-5301	\N	\N	\N	\N	\N	\N	\N	\N
18892-2	1.3	Bignoniaceae		N	Argylia		N	adscendens	viridis	var.	(Phil.) Gleisner & Ricardi	(Phil.)	Gleisner & Ricardi	Argylia adscendens var. viridis	Gayana, Bot.	no. 19: 40	1969					Bignoniaceae Argylia viridis Phil.		tax. nov.	0016-5301	\N	133686	\N	\N	\N	\N	\N	\N
18897-2	1.2	Bignoniaceae		N	Argylia		N	farnesiana		spec.	Gleisner & Ricardi		Gleisner & Ricardi	Argylia farnesiana	Gayana, Bot.	no. 19: 44, fig. 13	1969						Chile	tax. nov.	0016-5301	\N	133686	\N	\N	\N	\N	\N	\N
192755-1	1.5	Asteraceae		N	Chersodoma		N	longipedicellata		spec.	Ricardi & Martic.		Ricardi & Martic.	Chersodoma longipedicellata	Gayana, Bot.	No. 11, 3 (1964)								unknown	0016-5301	\N	\N	\N	\N	\N	\N	\N	\N
20001142-1	1.2	Iridaceae		N	Olsynium		N	junceum	depauperatum	subsp.	(Phil.) R.A.Rodr. & Martic.	(Phil.)	R.A.Rodr. & Martic.	Olsynium junceum subsp. depauperatum	Gayana, Bot.	57(2): 172	2001 [2000 publ. 2001]			Iridaceae Sisyrinchium depauperatum Phil.				comb. nov.	0016-5301	\N	133537	\N	\N	\N	\N	\N	\N
20001143-1	1.2	Iridaceae		N	Olsynium		N	scirpoideum	leucanthum	subsp.	(Colla) R.A.Rodr. & Martic.	(Colla)	R.A.Rodr. & Martic.	Olsynium scirpoideum subsp. leucanthum	Gayana, Bot.	57(2): 172	2001 [2000 publ. 2001]			Iridaceae Sisyrinchium leucanthum Colla				comb. nov.	0016-5301	\N	133537	\N	\N	\N	\N	\N	\N
20001144-1	1.2	Iridaceae		N	Olsynium		N	scirpoideum	luridum	subsp.	(Ravenna) R.A.Rodr. & Martic.	(Ravenna)	R.A.Rodr. & Martic.	Olsynium scirpoideum subsp. luridum	Gayana, Bot.	57(2): 172	2001 [2000 publ. 2001]			Iridaceae Sisyrinchium luridum Ravenna				comb. nov.	0016-5301	\N	133537	\N	\N	\N	\N	\N	\N
20001145-1	1.2	Iridaceae		N	Olsynium		N	scirpoideum	scirpeum	subsp.	(Phil.) R.A.Rodr. & Martic.	(Phil.)	R.A.Rodr. & Martic.	Olsynium scirpoideum subsp. scirpeum	Gayana, Bot.	57(2): 173	2001 [2000 publ. 2001]			Iridaceae Sisyrinchium scirpeum Phil.				comb. nov.	0016-5301	\N	133537	\N	\N	\N	\N	\N	\N
20001146-1	1.2	Iridaceae		N	Olsynium		N	trinerve		spec.	(Baker) R.A.Rodr. & Martic.	(Baker)	R.A.Rodr. & Martic.	Olsynium trinerve	Gayana, Bot.	57(2): 173	2001 [2000 publ. 2001]			Iridaceae Sisyrinchium trinerve Baker				comb. nov.	0016-5301	\N	133537	\N	\N	\N	\N	\N	\N
20001147-1	1.2	Brassicaceae		N	Cardamine		N	thermarum		spec.	Martic.		Martic.	Cardamine thermarum	Gayana, Bot.	57(2): 191	2001 [2000 publ. 2001]				Brassicaceae Cardamine integrifolia Phil.			nom. nov.	0016-5301	\N	\N	\N	\N	\N	\N	\N	\N
20001148-1	1.2	Brassicaceae		N	Sisymbrium		N	donnarosae		spec.	Martic.		Martic.	Sisymbrium donnarosae	Gayana, Bot.	57(2): 191	2001 [2000 publ. 2001]				Brassicaceae Sisymbrium foliosum Phil.			nom. nov.	0016-5301	\N	\N	\N	\N	\N	\N	\N	\N
20001149-1	1.2	Leguminosae		N	Lathyrus		N	collae		spec.	Martic.		Martic.	Lathyrus collae	Gayana, Bot.	57(2): 191	2001 [2000 publ. 2001]				Leguminosae Lathyrus sericeus Colla			nom. nov.	0016-5301	\N	\N	\N	\N	\N	\N	\N	\N
20001150-1	1.2	Leguminosae		N	Vicia		N	coquimbensis		spec.	Martic.		Martic.	Vicia coquimbensis	Gayana, Bot.	57(2): 191	2001 [2000 publ. 2001]				Leguminosae Vicia truncata Phil.			nom. nov.	0016-5301	\N	\N	\N	\N	\N	\N	\N	\N
20001151-1	1.2	Violaceae		N	Viola		N	huesoensis		spec.	Martic.		Martic.	Viola huesoensis	Gayana, Bot.	57(2): 191	2001 [2000 publ. 2001]				Violaceae Viola litoralis Phil.			nom. nov.	0016-5301	\N	\N	\N	\N	\N	\N	\N	\N
20001152-1	1.2	Violaceae		N	Viola		N	toroensis		spec.	Martic.		Martic.	Viola toroensis	Gayana, Bot.	57(2): 192	2001 [2000 publ. 2001]				Violaceae Viola chrysantha Phil.			nom. nov.	0016-5301	\N	\N	\N	\N	\N	\N	\N	\N
20001161-1	1.2	Leguminosae		N	Adesmia		N	colinensis		spec.	(Reiche) Martic.	(Reiche)	Martic.	Adesmia colinensis	Gayana, Bot.	57(2): 192	2001 [2000 publ. 2001]			Leguminosae Patagonium colinense Reiche				comb. nov.	0016-5301	\N	\N	\N	\N	\N	\N	\N	\N
20001162-1	1.2	Leguminosae		N	Adesmia		N	darapskyana		spec.	(Reiche) Martic.	(Reiche)	Martic.	Adesmia darapskyana	Gayana, Bot.	57(2): 192	2001 [2000 publ. 2001]			Leguminosae Patagonium darapskyanum Reiche				comb. nov.	0016-5301	\N	\N	\N	\N	\N	\N	\N	\N
20001163-1	1.2	Leguminosae		N	Adesmia		N	godoyae		spec.	(Reiche) Martic.	(Reiche)	Martic.	Adesmia godoyae	Gayana, Bot.	57(2): 192	2001 [2000 publ. 2001]			Leguminosae Patagonium godoyae Reiche				comb. nov.	0016-5301	\N	\N	\N	\N	\N	\N	\N	\N
20001164-1	1.2	Leguminosae		N	Adesmia		N	resinosa		spec.	(Reiche) Martic.	(Reiche)	Martic.	Adesmia resinosa	Gayana, Bot.	57(2): 192	2001 [2000 publ. 2001]			Leguminosae Patagonium resinosum Reiche				comb. nov.	0016-5301	\N	\N	\N	\N	\N	\N	\N	\N
20001165-1	1.2	Orchidaceae		N	Gavilea		N	cardioglossa		spec.	(Reiche) Martic.	(Reiche)	Martic.	Gavilea cardioglossa	Gayana, Bot.	57(2): 192	2001 [2000 publ. 2001]			Orchidaceae Asarca cardioglossa Reiche				comb. nov.	0016-5301	\N	\N	\N	\N	\N	\N	\N	\N
20001166-1	1.1.1.2	Onagraceae		N	Clarkia		N	tenella	ambigua	subsp.	(Phil.) D.M.Moore & F.H.Lewis ex Martic.	(Phil.)	D.M.Moore & F.H.Lewis ex Martic.	Clarkia tenella subsp. ambigua	Gayana, Bot.	57(2): 192	2001 [2000 publ. 2001]			Onagraceae Godetia ambigua Phil.				comb. nov.	0016-5301	\N	\N	\N	\N	\N	\N	\N	\N
20010627-1	1.1	Poaceae		N	Jarava		N	ambigua		spec.	(Speg.) Peñail.	(Speg.)	Peñail.	Jarava ambigua	Gayana, Bot.	59(1): 30 (2002)	2002			Poaceae Stipa ambigua Speg.				comb. nov.	0016-5301	\N	\N	\N	\N	\N	\N	\N	\N
20010628-1	1.1	Poaceae		N	Jarava		N	ameghinoi		spec.	(Speg.) Peñail.	(Speg.)	Peñail.	Jarava ameghinoi	Gayana, Bot.	59(1): 30 (2002)	2002			Poaceae Stipa ameghinoi Speg.				comb. nov.	0016-5301	\N	\N	\N	\N	\N	\N	\N	\N
20010629-1	1.1	Poaceae		N	Jarava		N	annua		spec.	(Mez) Peñail.	(Mez)	Peñail.	Jarava annua	Gayana, Bot.	59(1): 30 (2002)	2002			Poaceae Stipa annua Mez				comb. nov.	0016-5301	\N	\N	\N	\N	\N	\N	\N	\N
20010630-1	1.1	Poaceae		N	Jarava		N	atacamensis		spec.	(Parodi) Peñail.	(Parodi)	Peñail.	Jarava atacamensis	Gayana, Bot.	59(1): 30 (2002)	2002			Poaceae Stipa atacamensis Parodi				comb. nov.	0016-5301	\N	\N	\N	\N	\N	\N	\N	\N
20010631-1	1.1	Poaceae		N	Jarava		N	barrancaensis		spec.	(F.A.Roig) Peñail.	(F.A.Roig)	Peñail.	Jarava barrancaensis	Gayana, Bot.	59(1): 30 (2002)	2002			Poaceae Stipa barrancaensis F.A.Roig				comb. nov.	0016-5301	\N	\N	\N	\N	\N	\N	\N	\N
20010632-1	1.1	Poaceae		N	Jarava		N	bertrandii		spec.	(Phil.) Peñail.	(Phil.)	Peñail.	Jarava bertrandii	Gayana, Bot.	59(1): 30 (2002)	2002			Poaceae Stipa bertrandii Phil.				comb. nov.	0016-5301	\N	\N	\N	\N	\N	\N	\N	\N
20010633-1	1.1	Poaceae		N	Jarava		N	brachychaeta		spec.	(Godr.) Peñail.	(Godr.)	Peñail.	Jarava brachychaeta	Gayana, Bot.	59(1): 30 (2002)	2002			Poaceae Stipa brachychaeta Godr.				comb. nov.	0016-5301	\N	\N	\N	\N	\N	\N	\N	\N
20010634-1	1.1	Poaceae		N	Jarava		N	brevipes		spec.	(É.Desv.) Peñail.	(É.Desv.)	Peñail.	Jarava brevipes	Gayana, Bot.	59(1): 30 (2002)	2002			Poaceae Stipa brevipes É.Desv.				comb. nov.	0016-5301	\N	\N	\N	\N	\N	\N	\N	\N
20010635-1	1.1	Poaceae		N	Jarava		N	breviseta		spec.	(Caro & E.A.Sánchez) Peñail.	(Caro & E.A.Sánchez)	Peñail.	Jarava breviseta	Gayana, Bot.	59(1): 30 (2002)	2002			Poaceae Stipa breviseta Caro & E.A.Sánchez				comb. nov.	0016-5301	\N	\N	\N	\N	\N	\N	\N	\N
20010636-1	1.1	Poaceae		N	Jarava		N	caudata		spec.	(Trin.) Peñail.	(Trin.)	Peñail.	Jarava caudata	Gayana, Bot.	59(1): 30 (2002)	2002			Poaceae Stipa caudata Trin.				comb. nov.	0016-5301	\N	\N	\N	\N	\N	\N	\N	\N
20010637-1	1.1	Poaceae		N	Jarava		N	chrysophylla		spec.	(É.Desv.) Peñail.	(É.Desv.)	Peñail.	Jarava chrysophylla	Gayana, Bot.	59(1): 31 (2002)	2002			Poaceae Stipa chrysophylla É.Desv.				comb. nov.	0016-5301	\N	\N	\N	\N	\N	\N	\N	\N
20010638-1	1.1	Poaceae		N	Jarava		N	chrysophylla	cordillerarum	var.	(Parodi) Peñail.	(Parodi)	Peñail.	Jarava chrysophylla var. cordillerarum	Gayana, Bot.	59(1): 31 (2002)	2002			Poaceae Stipa chrysophylla É.Desv. var. cordillerarum Parodi				comb. nov.	0016-5301	\N	\N	\N	\N	\N	\N	\N	\N
20010639-1	1.1	Poaceae		N	Jarava		N	chubutensis		spec.	(Speg.) Peñail.	(Speg.)	Peñail.	Jarava chubutensis	Gayana, Bot.	59(1): 31 (2002)	2002			Poaceae Stipa chubutensis Speg.				comb. nov.	0016-5301	\N	\N	\N	\N	\N	\N	\N	\N
20010640-1	1.1	Poaceae		N	Jarava		N	eriostachya		spec.	(Kunth) Peñail.	(Kunth)	Peñail.	Jarava eriostachya	Gayana, Bot.	59(1): 31 (2002)	2002			Poaceae Stipa eriostachya Kunth				comb. nov.	0016-5301	\N	\N	\N	\N	\N	\N	\N	\N
20010641-1	1.1	Poaceae		N	Jarava		N	hieronymusii		spec.	(Pilg.) Peñail.	(Pilg.)	Peñail.	Jarava hieronymusii	Gayana, Bot.	59(1): 31 (2002)	2002			Poaceae Stipa hieronymusii Pilg.				comb. nov.	0016-5301	\N	\N	\N	\N	\N	\N	\N	\N
20010642-1	1.1	Poaceae		N	Jarava		N	humilis		spec.	(Cav.) Peñail.	(Cav.)	Peñail.	Jarava humilis	Gayana, Bot.	59(1): 31 (2002)	2002			Poaceae Stipa humilis Cav.				comb. nov.	0016-5301	\N	\N	\N	\N	\N	\N	\N	\N
20010643-1	1.1	Poaceae		N	Jarava		N	hypsophila		spec.	(Speg.) Peñail.	(Speg.)	Peñail.	Jarava hypsophila	Gayana, Bot.	59(1): 31 (2002)	2002			Poaceae Stipa hypsophila Speg.				comb. nov.	0016-5301	\N	\N	\N	\N	\N	\N	\N	\N
20010644-1	1.1.2.1	Poaceae		N	Jarava		N	ibarii		spec.	(Phil.) Peñail.	(Phil.)	Peñail.	Jarava ibarii	Gayana, Bot.	59(1): 31 (2002)	2002			Poaceae Stipa ibarii Phil.				comb. nov.	0016-5301	\N	\N	\N	\N	\N	\N	\N	\N
20010645-1	1.1	Poaceae		N	Jarava		N	juncoides		spec.	(Speg.) Peñail.	(Speg.)	Peñail.	Jarava juncoides	Gayana, Bot.	59(1): 31 (2002)	2002			Poaceae Stipa juncoides Speg.				comb. nov.	0016-5301	\N	\N	\N	\N	\N	\N	\N	\N
20010646-1	1.1	Poaceae		N	Jarava		N	macbridei		spec.	(Hitchc.) Peñail.	(Hitchc.)	Peñail.	Jarava macbridei	Gayana, Bot.	59(1): 31 (2002)	2002			Poaceae Stipa macbridei Hitchc.				comb. nov.	0016-5301	\N	\N	\N	\N	\N	\N	\N	\N
20010647-1	1.1	Poaceae		N	Jarava		N	maeviae		spec.	(F.A.Roig) Peñail.	(F.A.Roig)	Peñail.	Jarava maeviae	Gayana, Bot.	59(1): 31 (2002)	2002			Poaceae Stipa maeviae F.A.Roig				comb. nov.	0016-5301	\N	\N	\N	\N	\N	\N	\N	\N
20010648-1	1.1	Poaceae		N	Jarava		N	malalhuensis		spec.	(F.A.Roig) Peñail.	(F.A.Roig)	Peñail.	Jarava malalhuensis	Gayana, Bot.	59(1): 31 (2002)	2002			Poaceae Stipa malalhuensis F.A.Roig				comb. nov.	0016-5301	\N	\N	\N	\N	\N	\N	\N	\N
20010649-1	1.1	Poaceae		N	Jarava		N	megapotamica		spec.	(Spreng.) Peñail.	(Spreng.)	Peñail.	Jarava megapotamica	Gayana, Bot.	59(1): 31 (2002)	2002			Poaceae Aristida megapotamica Spreng.				comb. nov.	0016-5301	\N	\N	\N	\N	\N	\N	\N	\N
20010676-1	1.1	Poaceae		N	Jarava		N	milleana		spec.	(Hitchc.) Peñail.	(Hitchc.)	Peñail.	Jarava milleana	Gayana, Bot.	59(1): 32 (2002)	2002			Poaceae Stipa milleana Hitchc.				comb. nov.	0016-5301	\N	\N	\N	\N	\N	\N	\N	\N
20010677-1	1.1	Poaceae		N	Jarava		N	nana		spec.	(Speg.) Peñail.	(Speg.)	Peñail.	Jarava nana	Gayana, Bot.	59(1): 32 (2002)	2002			Poaceae Stipa nana Speg.				comb. nov.	0016-5301	\N	\N	\N	\N	\N	\N	\N	\N
20010678-1	1.1	Poaceae		N	Jarava		N	neaei		spec.	(Nees ex Steud.) Peñail.	(Nees ex Steud.)	Peñail.	Jarava neaei	Gayana, Bot.	59(1): 32 (2002)	2002			Poaceae Stipa neaei Nees ex Steud.				comb. nov.	0016-5301	\N	\N	\N	\N	\N	\N	\N	\N
20010679-1	1.1	Poaceae		N	Jarava		N	nicorae		spec.	(F.A.Roig) Peñail.	(F.A.Roig)	Peñail.	Jarava nicorae	Gayana, Bot.	59(1): 32 (2002)	2002			Poaceae Stipa nicorae F.A.Roig				comb. nov.	0016-5301	\N	\N	\N	\N	\N	\N	\N	\N
20010680-1	1.1	Poaceae		N	Jarava		N	pachypus		spec.	(Pilg.) Peñail.	(Pilg.)	Peñail.	Jarava pachypus	Gayana, Bot.	59(1): 32 (2002)	2002			Poaceae Stipa pachypus Pilg.				comb. nov.	0016-5301	\N	\N	\N	\N	\N	\N	\N	\N
20010681-1	1.1	Poaceae		N	Jarava		N	parodiana		spec.	(F.A.Roig) Peñail.	(F.A.Roig)	Peñail.	Jarava parodiana	Gayana, Bot.	59(1): 32 (2002)	2002			Poaceae Stipa parodiana F.A.Roig				comb. nov.	0016-5301	\N	\N	\N	\N	\N	\N	\N	\N
20010682-1	1.1	Poaceae		N	Jarava		N	patagonica		spec.	(Speg.) Peñail.	(Speg.)	Peñail.	Jarava patagonica	Gayana, Bot.	59(1): 32 (2002)	2002			Poaceae Stipa patagonica Speg.				comb. nov.	0016-5301	\N	\N	\N	\N	\N	\N	\N	\N
20010683-1	1.1	Poaceae		N	Jarava		N	pogonathera		spec.	(É.Desv.) Peñail.	(É.Desv.)	Peñail.	Jarava pogonathera	Gayana, Bot.	59(1): 32 (2002)	2002			Poaceae Stipa pogonathera É.Desv.				comb. nov.	0016-5301	\N	\N	\N	\N	\N	\N	\N	\N
20010684-1	1.1	Poaceae		N	Jarava		N	polyclada		spec.	(Hack.) Peñail.	(Hack.)	Peñail.	Jarava polyclada	Gayana, Bot.	59(1): 32 (2002)	2002			Poaceae Stipa polyclada Hack.				comb. nov.	0016-5301	\N	\N	\N	\N	\N	\N	\N	\N
20010685-1	1.1	Poaceae		N	Jarava		N	psylantha		spec.	(Speg.) Peñail.	(Speg.)	Peñail.	Jarava psylantha	Gayana, Bot.	59(1): 32 (2002)	2002			Poaceae Stipa psylantha Speg.				comb. nov.	0016-5301	\N	\N	\N	\N	\N	\N	\N	\N
20010686-1	1.1	Poaceae		N	Jarava		N	ruiz-lealii		spec.	(F.A.Roig) Peñail.	(F.A.Roig)	Peñail.	Jarava ruiz-lealii	Gayana, Bot.	59(1): 32 (2002)	2002			Poaceae Stipa ruiz-lealii F.A.Roig				comb. nov.	0016-5301	\N	\N	\N	\N	\N	\N	\N	\N
20010687-1	1.1	Poaceae		N	Jarava		N	scirpea		spec.	(Speg.) Peñail.	(Speg.)	Peñail.	Jarava scirpea	Gayana, Bot.	59(1): 32 (2002)	2002			Poaceae Stipa scirpea Speg.				comb. nov.	0016-5301	\N	\N	\N	\N	\N	\N	\N	\N
20010688-1	1.1	Poaceae		N	Jarava		N	semperiana		spec.	(F.A.Roig) Peñail.	(F.A.Roig)	Peñail.	Jarava semperiana	Gayana, Bot.	59(1): 32 (2002)	2002			Poaceae Stipa semperiana F.A.Roig				comb. nov.	0016-5301	\N	\N	\N	\N	\N	\N	\N	\N
20010689-1	1.2	Poaceae		N	Jarava		N	sorianoi		spec.	(Parodi) Peñail.	(Parodi)	Peñail.	Jarava sorianoi	Gayana, Bot.	59(1): 33 (2002)	2002			Poaceae Stipa sorianoi Parodi				comb. nov.	0016-5301	\N	\N	\N	\N	\N	\N	\N	\N
20010690-1	1.1	Poaceae		N	Jarava		N	speciosa		spec.	(Trin. & Rupr.) Peñail.	(Trin. & Rupr.)	Peñail.	Jarava speciosa	Gayana, Bot.	59(1): 33 (2002)	2002			Poaceae Stipa speciosa Trin. & Rupr.				comb. nov.	0016-5301	\N	\N	\N	\N	\N	\N	\N	\N
20010691-1	1.1.2.1	Poaceae		N	Jarava		N	subnitida		spec.	(Roseng. & B.R.Arrill.) Peñail.	(Roseng. & B.R.Arrill.)	Peñail.	Jarava subnitida	Gayana, Bot.	59(1): 33 (2002)	2002			Poaceae Stipa subnitida Roseng. & B.R.Arrill.				comb. nov.	0016-5301	\N	\N	\N	\N	\N	\N	\N	\N
20010692-1	1.1	Poaceae		N	Jarava		N	subplumosa		spec.	(Hicken ex F.A.Roig) Peñail.	(Hicken ex F.A.Roig)	Peñail.	Jarava subplumosa	Gayana, Bot.	59(1): 33 (2002)	2002			Poaceae Stipa subplumosa Hicken ex F.A.Roig				comb. nov.	0016-5301	\N	\N	\N	\N	\N	\N	\N	\N
20010693-1	1.1	Poaceae		N	Jarava		N	tortuosa		spec.	(É.Desv.) Peñail.	(É.Desv.)	Peñail.	Jarava tortuosa	Gayana, Bot.	59(1): 33 (2002)	2002			Poaceae Stipa tortuosa É.Desv.				comb. nov.	0016-5301	\N	\N	\N	\N	\N	\N	\N	\N
20010694-1	1.1	Poaceae		N	Jarava		N	vatroensis		spec.	(F.A.Roig) Peñail.	(F.A.Roig)	Peñail.	Jarava vatroensis	Gayana, Bot.	59(1): 33 (2002)	2002			Poaceae Stipa vatroensis F.A.Roig				comb. nov.	0016-5301	\N	\N	\N	\N	\N	\N	\N	\N
20011482-1	1.2	Poaceae		N	Agrostis		N	insularis		spec.	Rúgolo & A.M.Molina		Rúgolo & A.M.Molina	Agrostis insularis	Gayana, Bot.	54(2): 111	1998 [1997 publ. 1998]						Chile South (Los Lagos)	tax. nov.	0016-5301	\N	\N	\N	\N	\N	\N	\N	\N
20011483-1	1.2	Poaceae		N	Nassella		N	ancoraimensis		spec.	F.Rojas		F.Rojas	Nassella ancoraimensis	Gayana, Bot.	54(2): 165	1998 [1997 publ. 1998]						Bolivia;Peru;	tax. nov.	0016-5301	\N	133603	\N	\N	\N	\N	\N	\N
20011484-1	1.2	Poaceae		N	Nassella		N	asperifolia		spec.	F.Rojas		F.Rojas	Nassella asperifolia	Gayana, Bot.	54(2): 166	1998 [1997 publ. 1998]						Bolivia	tax. nov.	0016-5301	\N	133603	\N	\N	\N	\N	\N	\N
20011485-1	1.2	Poaceae		N	Nassella		N	chaparensis		spec.	F.Rojas		F.Rojas	Nassella chaparensis	Gayana, Bot.	54(2): 167	1998 [1997 publ. 1998]						Bolivia	tax. nov.	0016-5301	\N	133603	\N	\N	\N	\N	\N	\N
20011486-1	1.2	Poaceae		N	Anatherostipa		N	hans-meyeri		spec.	(Pilg.) F.Rojas	(Pilg.)	F.Rojas	Anatherostipa hans-meyeri	Gayana, Bot.	54(2): 170	1998 [1997 publ. 1998]			Poaceae Stipa hans-meyeri Pilg.				comb. nov.	0016-5301	\N	133603	\N	\N	\N	\N	\N	\N
20011487-1	1.2	Poaceae		N	Anatherostipa		N	coroi		spec.	F.Rojas		F.Rojas	Anatherostipa coroi	Gayana, Bot.	54(2): 170	1998 [1997 publ. 1998]						Bolivia	tax. nov.	0016-5301	\N	133603	\N	\N	\N	\N	\N	\N
20011488-1	1.2	Poaceae		N	Anatherostipa		N	orurensis		spec.	F.Rojas		F.Rojas	Anatherostipa orurensis	Gayana, Bot.	54(2): 171	1998 [1997 publ. 1998]						Bolivia	tax. nov.	0016-5301	\N	133603	\N	\N	\N	\N	\N	\N
20011489-1	1.2	Poaceae		N	Jarava		N	frigida		spec.	(Phil.) F.Rojas	(Phil.)	F.Rojas	Jarava frigida	Gayana, Bot.	54(2): 173	1998 [1997 publ. 1998]			Poaceae Stipa frigida Phil.				comb. nov.	0016-5301	\N	133603	\N	\N	\N	\N	\N	\N
20011490-1	1.2	Poaceae		N	Jarava		N	illimanica		spec.	(Hack.) F.Rojas	(Hack.)	F.Rojas	Jarava illimanica	Gayana, Bot.	54(2): 173	1998 [1997 publ. 1998]			Poaceae Stipa illimanica Hack.				comb. nov.	0016-5301	\N	133603	\N	\N	\N	\N	\N	\N
20011491-1	1.2	Poaceae		N	Jarava		N	leptostachya		spec.	(Griseb.) F.Rojas	(Griseb.)	F.Rojas	Jarava leptostachya	Gayana, Bot.	54(2): 173	1998 [1997 publ. 1998]			Poaceae Stipa leptostachya Griseb.				comb. nov.	0016-5301	\N	133603	\N	\N	\N	\N	\N	\N
20011492-1	1.2	Poaceae		N	Jarava		N	plumosula		spec.	(Nees ex Steud.) F.Rojas	(Nees ex Steud.)	F.Rojas	Jarava plumosula	Gayana, Bot.	54(2): 173	1998 [1997 publ. 1998]			Poaceae Stipa plumosula Nees ex Steud.				comb. nov.	0016-5301	\N	133603	\N	\N	\N	\N	\N	\N
20011493-1	1.2	Poaceae		N	Jarava		N	vaginata		spec.	(Phil.) F.Rojas	(Phil.)	F.Rojas	Jarava vaginata	Gayana, Bot.	54(2): 173	1998 [1997 publ. 1998]			Poaceae Stipa vaginata Phil.				comb. nov.	0016-5301	\N	133603	\N	\N	\N	\N	\N	\N
20011494-1	1.2	Poaceae		N	Jarava		N	pseudoichu		spec.	(Caro) F.Rojas	(Caro)	F.Rojas	Jarava pseudoichu	Gayana, Bot.	54(2): 173	1998 [1997 publ. 1998]			Poaceae Stipa pseudoichu Caro				comb. nov.	0016-5301	\N	133603	\N	\N	\N	\N	\N	\N
20011495-1	1.2	Poaceae		N	Jarava		N	mattheii		spec.	F.Rojas		F.Rojas	Jarava mattheii	Gayana, Bot.	54(2): 174	1998 [1997 publ. 1998]						Bolivia;Argentina Northwest (Jujuy);	tax. nov.	0016-5301	\N	133603	\N	\N	\N	\N	\N	\N
20011496-1	1.2	Poaceae		N	Jarava		N	pungens		spec.	(Nees & Meyen) Matthei	(Nees & Meyen)	Matthei	Jarava pungens	Gayana, Bot.	54(2): 190	1998 [1997 publ. 1998]			Poaceae Stipa pungens Nees & Meyen				comb. nov.	0016-5301	\N	\N	\N	\N	\N	\N	\N	\N
20011497-1	1.2	Poaceae		N	Jarava		N	pugionata		spec.	(Caro & E.A.Sánchez) Matthei	(Caro & E.A.Sánchez)	Matthei	Jarava pugionata	Gayana, Bot.	54(2): 191	1998 [1997 publ. 1998]			Poaceae Stipa pugionata Caro & E.A.Sánchez				comb. nov.	0016-5301	\N	\N	\N	\N	\N	\N	\N	\N
20011498-1	1.2	Poaceae		N	Jarava		N	subaristata		spec.	(Matthei) Matthei	(Matthei)	Matthei	Jarava subaristata	Gayana, Bot.	54(2): 192	1998 [1997 publ. 1998]			Poaceae Stipa leptostachya Griseb. var. subaristata Matthei				comb. nov.	0016-5301	\N	\N	\N	\N	\N	\N	\N	\N
20011499-1	1.2	Malvaceae		N	Nototriche		N	stipularis		spec.	(Phil.) A.E.Martic.	(Phil.)	A.E.Martic.	Nototriche stipularis	Gayana, Bot.	54(2): 196	1998 [1997 publ. 1998]			Malvaceae Malvastrum stipulare Phil.				comb. nov.	0016-5301	\N	\N	\N	\N	\N	\N	\N	\N
20011500-1	1.2	Poaceae		N	Chusquea		N	montana	nigricans	f.	(Phil.) Matthei	(Phil.)	Matthei	Chusquea montana f. nigricans	Gayana, Bot.	54(2): 204	1998 [1997 publ. 1998]			Poaceae Chusquea nigricans Phil.				comb. nov.	0016-5301	\N	\N	\N	\N	\N	\N	\N	\N
20011501-1	1.2	Asclepiadaceae		N	Tweedia		N	stipitata		spec.	G.H.Rua & Liede		G.H.Rua & Liede	Tweedia stipitata	Gayana, Bot.	51(2): 81	1995 [1994 publ. 1995]						Chile Central (Coquimbo)	tax. nov.	0016-5301	\N	\N	\N	\N	\N	\N	\N	\N
20011504-1	1.2	Poaceae		N	Anatherostipa		N	mucronata		spec.	(Griseb.) F.Rojas	(Griseb.)	F.Rojas	Anatherostipa mucronata	Gayana, Bot.	54(2): 170	1998 [1997 publ. 1998]			Poaceae Piptochaetium mucronatum Griseb.				comb. nov.	0016-5301	\N	133603	\N	\N	\N	\N	\N	\N
20011505-1	1.1	Scrophulariaceae		N	Mimulus		N	depressus	ciminus	var.	C.Bohlen		C.Bohlen	Mimulus depressus var. ciminus	Gayana, Bot.	52(1): 11 (1995)	1995						Chile	tax. nov.	0016-5301	\N	\N	\N	\N	\N	\N	\N	\N
20011506-1	1.1	Scrophulariaceae		N	Mimulus		N	minimus		spec.	C.Bohlen		C.Bohlen	Mimulus minimus	Gayana, Bot.	52(1): 13 (1995)	1995				Scrophulariaceae Mimulus nanus Phil.			nom. nov.	0016-5301	\N	\N	\N	\N	\N	\N	\N	\N
20011507-1	1.1	Portulacaceae		N	Cistanthe		N	arancioana		spec.	Peralta		Peralta	Cistanthe arancioana	Gayana, Bot.	52(1): 45 (1995)	1995						Chile	tax. nov.	0016-5301	\N	\N	\N	\N	\N	\N	\N	\N
20011508-1	1.1	Leguminosae		N	Astragalus		N	johnstonii		spec.	Gómez-Sosa		Gómez-Sosa	Astragalus johnstonii	Gayana, Bot.	54(1): 33 (1997)	1997						Chile	tax. nov.	0016-5301	\N	\N	\N	\N	\N	\N	\N	\N
205197-2	1.3	Asteraceae		N	Polyachyrus		N	cinereus		spec.	Ricardi & Weldt		Ricardi & Weldt	Polyachyrus cinereus	Gayana, Bot.	no. 26: 26	1974						Chile	tax. nov.	0016-5301	\N	\N	\N	\N	\N	\N	\N	\N
205208-2	1.4	Asteraceae		N	Polyachyrus		N	poeppigii	multifidus	subsp.	(D.Don) Ricardi & Weldt	(D.Don)	Ricardi & Weldt	Polyachyrus poeppigii subsp. multifidus	Gayana, Bot.	no. 26: 19	1974					Asteraceae Polyachyrus multifidus D.Don		tax. nov.	0016-5301	\N	\N	\N	\N	\N	\N	\N	\N
239112-1	1.3	Asteraceae		N	Polyachyrus		N	cinereus		spec.	Ricardi & Weldt		Ricardi & Weldt	Polyachyrus cinereus	Gayana, Bot.	26: 26 (1974).								unknown	0016-5301	\N	\N	\N	\N	\N	\N	\N	\N
244072-1	1.5	Asteraceae		N	Senecio		N	behnii		spec.	Ricardi & Martic.		Ricardi & Martic.	Senecio behnii	Gayana, Bot.	No. 11, 12 (1964)								unknown	0016-5301	\N	\N	\N	\N	\N	\N	\N	\N
244639-1	1.5	Asteraceae		N	Senecio		N	coscayanus		spec.	Ricardi & Martic.		Ricardi & Martic.	Senecio coscayanus	Gayana, Bot.	No. 11, 15 (1964)								unknown	0016-5301	\N	\N	\N	\N	\N	\N	\N	\N
245968-1	1.5	Asteraceae		N	Senecio		N	laucanus		spec.	Ricardi & Martic.		Ricardi & Martic.	Senecio laucanus	Gayana, Bot.	No. 11, 17 (1964)								unknown	0016-5301	\N	\N	\N	\N	\N	\N	\N	\N
245994-2	1.1.2.2.1.1	Poaceae		N	Stipa		N	coquimbensis		spec.	Matthei		Matthei	Stipa coquimbensis	Gayana, Bot.	13: 35 (fig. 5)	1965						Coquimbo (Chile)	tax. nov.	0016-5301	\N	\N	\N	\N	\N	\N	\N	\N
246091-2	1.3	Poaceae		N	Stipa		N	leptostachya	subaristata	var.	Matthei		Matthei	Stipa leptostachya var. subaristata	Gayana, Bot.	no. 13: 120, fig. 30B,C	1965					Poaceae Stipa subaristata (Matthei) Caro & E.A.Sánchez	Chile	tax. nov.	0016-5301	\N	\N	\N	\N	\N	\N	\N	\N
246256-2	1.1.2.2.1.1	Poaceae		N	Stipa		N	parodii		spec.	Matthei		Matthei	Stipa parodii	Gayana, Bot.	13: 89 (fig. 23)	1965						Nuble, Chile	tax. nov.	0016-5301	\N	\N	\N	\N	\N	\N	\N	\N
246264-2	1.1.2.2.1.1	Poaceae		N	Stipa		N	pfisteri		spec.	Matthei		Matthei	Stipa pfisteri	Gayana, Bot.	13: 100 (-102; fig. 25)	1965						Maule, Nuble, Maule (Chile)	tax. nov.	0016-5301	\N	\N	\N	\N	\N	\N	\N	\N
246635-1	1.5	Asteraceae		N	Senecio		N	olivaceobracteatus		spec.	Ricardi & Martic.		Ricardi & Martic.	Senecio olivaceobracteatus	Gayana, Bot.	No. 11, 20 (1964)								unknown	0016-5301	\N	\N	\N	\N	\N	\N	\N	\N
246753-1	1.5	Asteraceae		N	Senecio		N	pappii		spec.	Ricardi & Martic.		Ricardi & Martic.	Senecio pappii	Gayana, Bot.	No. 11, 22 (1964)								unknown	0016-5301	\N	\N	\N	\N	\N	\N	\N	\N
246891-1	1.5	Asteraceae		N	Senecio		N	pfisteri		spec.	Ricardi & Martic.		Ricardi & Martic.	Senecio pfisteri	Gayana, Bot.	No. 11, 25 (1964)								unknown	0016-5301	\N	\N	\N	\N	\N	\N	\N	\N
261550-2	1.3	Brassicaceae		N	Urbanodoxa		N	tarapacana		spec.	Ricardi & Martic. in Gayana		Ricardi & Martic. in Gayana	Urbanodoxa tarapacana	Gayana, Bot.	14: 10	1966						Chile	tax. nov.	0016-5301	\N	\N	\N	\N	\N	\N	\N	\N
272923-2	1.3	Chenopodiaceae		N	Atriplex		N	chizae		spec.	Rosas		Rosas	Atriplex chizae	Gayana, Bot.	46: 26, figs	1989						Chile	tax. nov.	0016-5301	\N	\N	\N	\N	\N	\N	\N	\N
272935-2	1.4	Chenopodiaceae		N	Atriplex		N	imbricata	foliolosa	var.	(Phil.) Rosas	(Phil.)	Rosas	Atriplex imbricata var. foliolosa	Gayana, Bot.	46: 39	1989					Chenopodiaceae Atriplex foliolosum Phil.		tax. nov.	0016-5301	\N	\N	\N	\N	\N	\N	\N	\N
272950-2	1.3	Chenopodiaceae		N	Atriplex		N	vallenarensis		spec.	Rosas		Rosas	Atriplex vallenarensis	Gayana, Bot.	46: 54, fig. 24	1989						Chile	tax. nov.	0016-5301	\N	\N	\N	\N	\N	\N	\N	\N
273508-2	1.3	Poaceae		N	Bromus		N	gunckelii		spec.	Matthei		Matthei	Bromus gunckelii	Gayana, Bot.	43: 62 (-64; fig.)	1986						Chile	tax. nov.	0016-5301	\N	\N	\N	\N	\N	\N	\N	\N
273919-2	1.5	Calyceraceae		N	Calycera		N	sympaganthera		spec.	(Ruiz & Pav.) Martic. & Quezada	(Ruiz & Pav.)	Martic. & Quezada	Calycera sympaganthera	Gayana, Bot.	44: 40	1987					Dipsacaceae Scabiosa sympaganthera Ruiz & Pav.		tax. nov.	0016-5301	\N	\N	\N	\N	\N	\N	\N	\N
277555-2	1.2	Gleicheniaceae		N	Gleichenia		N	lepidota		spec.	R.A.Rodr.		R.A.Rodr.	Gleichenia lepidota	Gayana, Bot.	47: 40	1991						Juan Fernandez Islands, Chile	tax. nov.	0016-5301	\N	\N	\N	\N	\N	\N	\N	\N
281072-2	1.1.2.1.1.2	Poaceae		N	Muhlenbergia		N	asperifolia		spec.	(Trin.) Matthei	(Trin.)	Matthei	Muhlenbergia asperifolia	Gayana, Bot.	41: 55	1984					Poaceae Vilfa asperifolia Nees & Meyen ex Trin.		tax. nov.	0016-5301	\N	\N	\N	\N	\N	\N	\N	\N
281161-2	1.3	Poaceae		N	Nassella		N	chilensis	juncea	var.	(Phil.) Muñoz-Schick	(Phil.)	Muñoz-Schick	Nassella chilensis var. juncea	Gayana, Bot.	47: 22	1991					Poaceae Nassella juncea Phil.		tax. nov.	0016-5301	\N	\N	\N	\N	\N	\N	\N	\N
281165-2	1.3	Poaceae		N	Nassella		N	gigantea		spec.	(Steud.) Muñoz-Schick	(Steud.)	Muñoz-Schick	Nassella gigantea	Gayana, Bot.	47: 23	1991					Poaceae Urachne gigantea Steud.		tax. nov.	0016-5301	\N	\N	\N	\N	\N	\N	\N	\N
283595-2	1.4	Dryopteridaceae		N	Polystichum		N	chilense	dusenii	var.	(C.Chr.) Looser ex Rodriguez	(C.Chr.)	Looser ex Rodriguez	Polystichum chilense var. dusenii	Gayana, Bot.	44: 48	1987					Dryopteridaceae Polystichum multifidum  var. dusenii C.Chr.		tax. nov.	0016-5301	\N	\N	\N	\N	\N	\N	\N	\N
283600-2	1.4	Dryopteridaceae		N	Polystichum		N	multifidum	pearcei	var.	(Phil.) R.A.Rodr.	(Phil.)	R.A.Rodr.	Polystichum multifidum var. pearcei	Gayana, Bot.	44: 51	1987					Dryopteridaceae Polystichum pearcei Phil.		tax. nov.	0016-5301	\N	\N	\N	\N	\N	\N	\N	\N
283606-2	1.5	Dryopteridaceae		N	Polystichum		N	subintegerrimum		spec.	(Hook. & Arn.) R.A.Rodr.	(Hook. & Arn.)	R.A.Rodr.	Polystichum subintegerrimum	Gayana, Bot.	44: 48	1987					Dryopteridaceae Aspidium subintegerrimum Hook. & Arn.		tax. nov.	0016-5301	\N	\N	\N	\N	\N	\N	\N	\N
285663-2	1.1.2.2.1.1	Poaceae		N	Stipa		N	pfisteri		spec.	Matthei		Matthei	Stipa pfisteri	Gayana, Bot.	13: 100 (-102; fig. 25)	1965					Poaceae Nassella pfisteri (Matthei) Barkworth	Maule (Chile)	tax. nov.	0016-5301	\N	\N	\N	\N	\N	\N	\N	\N
285683-2	1.1.2.2.1.2	Poaceae		N	Stipa		N	yatesensis		spec.	Martic. & Quezada		Martic. & Quezada	Stipa yatesensis	Gayana, Bot.	43: 149	1987		non S. breviseta Caro & E. A. Sanchez (1973)					tax. nov.	0016-5301	\N	\N	\N	\N	\N	\N	\N	\N
290980-1	1.5	Brassicaceae		N	Urbanodoxa		N	tarapacana		spec.	Ricardi & Martic.		Ricardi & Martic.	Urbanodoxa tarapacana	Gayana, Bot.	No. 14, 10 (1966)								unknown	0016-5301	\N	\N	\N	\N	\N	\N	\N	\N
301740-2	1.2	Orchidaceae		N	Bipinnula	trilobatae	N			sect.	Gosewijn		Gosewijn	Bipinnula sect. Trilobatae	Gayana, Bot.	50(1): 13	1993							tax. nov.	0016-5301	\N	\N	\N	\N	\N	\N	\N	\N
301781-2	1.2	Portulacaceae		N	Cistanthe		N	arancioana		spec.	Peralta		Peralta	Cistanthe arancioana	Gayana, Bot.	52: 45-46, fig	1995						10 km al oeste de la Mina Escondida, 1150 m, 25°34'S,¹70°10'W, Antofagasta (Chile)	tax. nov.	0016-5301	\N	\N	\N	\N	\N	\N	\N	\N
303042-2	1.2	Scrophulariaceae		N	Calceolaria		N	alicahuensis		spec.	Muñoz-Schick		Muñoz-Schick	Calceolaria alicahuensis	Gayana, Bot.	52: 61, fig	1995						"""V Region, Prov. Petorca, cumbre Cuesta Alicahue, 1100 m"", Chile"	tax. nov.	0016-5301	\N	\N	\N	\N	\N	\N	\N	\N
304965-2	1.2	Apiaceae		N	Azorella		N	monteroi		spec.	S.Martinez & Constance		S.Martinez & Constance	Azorella monteroi	Gayana, Bot.	48: 117, fig. 1	1991						Malleco (Chile)	tax. nov.	0016-5301	\N	\N	\N	\N	\N	\N	\N	\N
305127-2	1.2	Orchidaceae		N	Bipinnula		N	apinnula		spec.	Gosewijn		Gosewijn	Bipinnula apinnula	Gayana, Bot.	50(1): 11-12	1993						Talca (Chile)	tax. nov.	0016-5301	\N	\N	\N	\N	\N	\N	\N	\N
305635-2	1.4	Solanaceae		N	Solanum		N	pennellii	elachistus	var.	Martic. & Quezada		Martic. & Quezada	Solanum pennellii var. elachistus	Gayana, Bot.	48: 125	1991						Chile	tax. nov.	0016-5301	\N	\N	\N	\N	\N	\N	\N	\N
306539-2	1.3	Scrophulariaceae		N	Mimulus		N	depressus	ciminum	var.	C.Bohlen		C.Bohlen	Mimulus depressus var. ciminum	Gayana, Bot.	52: 11, fig	1995						Quebrada Chinches, vega Chinches, 3000 m, Chile	tax. nov.	0016-5301	\N	\N	\N	\N	\N	\N	\N	\N
306987-2	1.3	Asteraceae		N	Chersodoma		N	longipedicellata		spec.	Ricardi & Martic.		Ricardi & Martic.	Chersodoma longipedicellata	Gayana, Bot.	11: 3	1964						Prov. Iquique, camino de Huara a Cancosa, cerca de Coscaya, 3200 m, Tarapacá (Chile)	tax. nov.	0016-5301	\N	\N	\N	\N	\N	\N	\N	\N
312293-2	1.2	Orchidaceae		N	Bipinnula	multiflorae	N			sect.	Gosewijn		Gosewijn	Bipinnula sect. Multiflorae	Gayana, Bot.	50(1): 15	1993							tax. nov.	0016-5301	\N	\N	\N	\N	\N	\N	\N	\N
318317-2	1.2	Fabaceae		N	Phaca		N	johnstonii		spec.	Gómez-Sosa		Gómez-Sosa	Phaca johnstonii	Gayana, Bot.	54(1): 33 (-37, fig.)	1997		[Gandhi 20 Jul 1999]				V Region. Entre Til-Til y Limache, Cuesta La Dormida, en Cordillera de la Costa, 1350 m, Valparaíso (Chile)	tax. nov.	0016-5301	\N	\N	\N	\N	\N	\N	\N	\N
318318-2	1.3	Poaceae		N	Agrostis		N	insularis		spec.	Rúgolo & A.M.Molina		Rúgolo & A.M.Molina	Agrostis insularis	Gayana, Bot.	54(2): 111 (95-99, 141-142, fig.)	1997		[Gandhi 20 Jul 1999]				Region X. Isla Alao, lado Norte; barrancos, 30 m (42°35'S, 73°16'W), Chiloé (Chile)	tax. nov.	0016-5301	\N	\N	\N	\N	\N	\N	\N	\N
318319-2	1.2	Poaceae		N	Nassella		N	ancoraimensis		spec.	F.Rojas		F.Rojas	Nassella ancoraimensis	Gayana, Bot.	54(2): 165 (-166, 168-170, 180, fig.)	1997		[Gandhi 21 Jul 1999]				Ancoraimes, cerro del Calvario, 3970 m, Omasuyos (La Paz, Bolivia, Western South America, Southern America)	tax. nov.	0016-5301	\N	133603	\N	\N	\N	\N	\N	\N
318320-2	1.2	Poaceae		N	Nassella		N	asperifolia		spec.	F.Rojas		F.Rojas	Nassella asperifolia	Gayana, Bot.	54(2): 166 (-167, 168-170, 181, fig.)	1997		[Gandhi 21 Jul 1999]				Lumber camp above Tunal; 30 km NE of El Tambo School (17°55'S; 64°25'W), 2800 m, Caballero (Santa Cruz, Bolivia, Western South America, Southern America)	tax. nov.	0016-5301	\N	133603	\N	\N	\N	\N	\N	\N
318321-2	1.2	Poaceae		N	Nassella		N	chaparensis		spec.	F.Rojas		F.Rojas	Nassella chaparensis	Gayana, Bot.	54(2): 167 (-170, 182, fig.)	1997		[Gandhi 21 Jul 1999]				Buena Vista, 2800 m, Chapare (Cochabamba, Bolivia, Western South America, Southern America)	tax. nov.	0016-5301	\N	133603	\N	\N	\N	\N	\N	\N
318322-2	1.2	Poaceae		N	Anatherostipa		N	coroi		spec.	F.Rojas		F.Rojas	Anatherostipa coroi	Gayana, Bot.	54(2): 170 (-171, 173, 178, fig.)	1997		[Gandhi 21 Jul 1999]				Cuenca Taquina, 3500 m, Quillacollo (Cochabamba, Bolivia, Western South America, Southern America)	tax. nov.	0016-5301	\N	133603	\N	\N	\N	\N	\N	\N
318323-2	1.2	Poaceae		N	Anatherostipa		N	orurensis		spec.	F.Rojas		F.Rojas	Anatherostipa orurensis	Gayana, Bot.	54(2): 171 (-173, 179, fig.)	1997		[Gandhi 21 Jul 1999]				Ca. 20 mi SSE of Huari, 2 mi W of Urmiri, 3620 m, S. Pagador (Oruro, Bolivia, Western South America, Southern America)	tax. nov.	0016-5301	\N	133603	\N	\N	\N	\N	\N	\N
318328-2	1.2	Poaceae		N	Jarava		N	mattheii		spec.	F.Rojas		F.Rojas	Jarava mattheii	Gayana, Bot.	54(2): 174 (-177, fig.)	1997		[Gandhi 21 Jul 1999]				26 mi N of San Vicente and 9 mi S of Atocha, 3980 m, Sud Chichas (Potosí, Bolivia, Western South America, Southern America)	tax. nov.	0016-5301	\N	133603	\N	\N	\N	\N	\N	\N
321495-2	1.2.2.2	Brassicaceae		N	Cardamine		N	thermarum		spec.	Martic.		Martic.	Cardamine thermarum	Gayana, Bot.	57(2): 191	2000 [30 Apr 2001]				Brassicaceae Cardamine integrifolia Phil.			nom. nov.	0016-5301	\N	\N	\N	\N	\N	\N	\N	\N
321497-2	1.2	Fabaceae		N	Lathyrus		N	collae		spec.	Martic.		Martic.	Lathyrus collae	Gayana, Bot.	57(2): 191	2000 [30 Apr 2001]		[Gandhi 31 Aug 2001] a nom. nov. for L. sericeus Colla 1833 (later homonym; non Lam. 1788)				sylvaticis montanis Quillota, Chile	tax. nov.	0016-5301	\N	\N	\N	\N	\N	\N	\N	\N
321499-2	1.2	Fabaceae		N	Vicia		N	coquimbensis		spec.	Martic.		Martic.	Vicia coquimbensis	Gayana, Bot.	57(2): 191	2000 [30 Apr 2001]		[Gandhi 31 Aug 2001] nom. nov. for V. truncata Phil. 1864 (later homonym; non Nutt. 1838)				Coquimbo (Chile)	tax. nov.	0016-5301	\N	\N	\N	\N	\N	\N	\N	\N
321501-2	1.3	Violaceae		N	Viola		N	huesoensis		spec.	Martic.		Martic.	Viola huesoensis	Gayana, Bot.	57(2): 191	2000 [30 Apr 2001]		[Gandhi 31 Aug 2001] nom. nov. for V. litoralis Phil. 1860 (later homonym; non Spreng. 1818)				arena litorali ad Tartal c. 25°26' lat. mer., Chile	tax. nov.	0016-5301	\N	\N	\N	\N	\N	\N	\N	\N
321504-2	1.2	Alstroemeriaceae		N	Alstroemeria		N	lutea		spec.	Muñoz-Schick		Muñoz-Schick	Alstroemeria lutea	Gayana, Bot.	57(1): 55 (-56; fig. 1)	2000 [15 Oct 2000]		[Gandhi 1 Sep 2001]				Prov. Iquique, Altos de Punta Patache (20°49'S-70°9'W), en zona de roqueríos, Tarapacá (Chile)	tax. nov.	0016-5301	\N	\N	\N	\N	\N	\N	\N	\N
321505-2	1.4	Alstroemeriaceae		N	Alstroemeria		N	achirae		spec.	Muñoz-Schick & Brinck		Muñoz-Schick & Brinck	Alstroemeria achirae	Gayana, Bot.	57(3): 556 (-57; fig. 2)	2000 [15 Oct 2000]		[Gandhi 1 Sep 2001]				Prov. de Curicó, cumbre Cerro Los Queñes, a 1850 m de attitud, en zona de piedras angulosas y con maicillo, Maule (Chile)	tax. nov.	0016-5301	\N	\N	\N	\N	\N	\N	\N	\N
321506-2	1.3	Alstroemeriaceae		N	Alstroemeria		N	werdermannii	flavicans	var.	Muñoz-Schick		Muñoz-Schick	Alstroemeria werdermannii var. flavicans	Gayana, Bot.	57(1): 57 (fig. 3)	2000 [15 Oct 2000]		[Gandhi 1 Sep 2001]				Playa Carrizalillo, Domeyko a la costa, Huasco (Atacama, Chile)	tax. nov.	0016-5301	\N	\N	\N	\N	\N	\N	\N	\N
321507-2	1.3	Alstroemeriaceae		N	Leontochir		N	ovallei	luteus	var.	Muñoz-Schick		Muñoz-Schick	Leontochir ovallei var. luteus	Gayana, Bot.	57(1): 58 (fig. 6)			[Gandhi 1 Sep 2001] Type not cited				Chile	tax. nov.	0016-5301	\N	\N	\N	\N	\N	\N	\N	\N
321508-2	1.3	Tropaeolaceae		N	Tropaeolum		N	hookerianum	austropurpureum	subsp.	J.M.Watson & A.R.Flores		J.M.Watson & A.R.Flores	Tropaeolum hookerianum subsp. austropurpureum	Gayana, Bot.	57(1): 62 (-65; fig. 2, map)	2000 [15 Oct 2000]		[Gandhi 3 Sep 2001]				IV Region, Choapa Prov., Panamerican Hwy, near the Padre Hurtado monument S of road junction to Combarbalá, 100 m, Chile	tax. nov.	0016-5301	\N	\N	\N	\N	\N	\N	\N	\N
321509-2	1.3	Tropaeolaceae		N	Tropaeolum		N	hookerianum	pilosum	subsp.	J.M.Watson & A.R.Flores		J.M.Watson & A.R.Flores	Tropaeolum hookerianum subsp. pilosum	Gayana, Bot.	57(1): 63 (-65; fig. 1, map)	2000 [15 Oct 2000]		[Gandhi 3 Sep 2001]				IV Region, Elqui Prov., Quebrada Maitencillo, 16 km N of Andacollo, 400 m, Chile	tax. nov.	0016-5301	\N	\N	\N	\N	\N	\N	\N	\N
329503-2	1.3	Alstroemeriaceae		N	Alstroemeria		N	mollensis		spec.	Muñoz-Schick & Brinck		Muñoz-Schick & Brinck	Alstroemeria mollensis	Gayana, Bot.	60(2): 102 (-103; fig. 1)	2003 [Nov 2003]						central río Molles, 5 km más arriba del Retén, 2100 m	tax. nov.	0016-5301	\N	\N	\N	\N	\N	\N	\N	\N
329504-2	1.3	Alliaceae		N	Miersia		N	chilensis	bicolor	var.	Muñoz-Schick		Muñoz-Schick	Miersia chilensis var. bicolor	Gayana, Bot.	60(2): 103 (-104; fig. 2)	2003 [Nov 2003]						Región Metropolitana: Laguna de Aculeo, ladera N, Bahía Catalina, 33°49'S, 70°55'E, 400 m, Chile	tax. nov.	0016-5301	\N	\N	\N	\N	\N	\N	\N	\N
329505-2	1.2	Iridaceae		N	Calydorea		N	chilensis		spec.	Muñoz-Schick		Muñoz-Schick	Calydorea chilensis	Gayana, Bot.	60(2): 104 (-106; fig. 3)	2003 [Nov 2003]						Curepto, Maule (Chile)	tax. nov.	0016-5301	\N	\N	\N	\N	\N	\N	\N	\N
329506-2	1.4	Violaceae		N	Viola		N	escarapela		spec.	J.M.Watson & A.R.Flores		J.M.Watson & A.R.Flores	Viola escarapela	Gayana, Bot.	60(2): 134	2003 [Nov 2003]		nom. nov. for V. pulchella Leybold ex K. F. Reiche 1893 (later homonym; non Salisbury 1796).			Violaceae Viola pulchella Leyb. ex Reiche	Chile	tax. nov.	0016-5301	\N	\N	\N	\N	\N	\N	\N	\N
423245-1	1.3	Poaceae		N	Stipa		N	coquimbensis		spec.	O.R.Matthei		O.R.Matthei	Stipa coquimbensis	Gayana, Bot.	No. 13, 35 (1965)								unknown	0016-5301	\N	\N	\N	\N	\N	\N	\N	\N
423623-1	1.3	Poaceae		N	Stipa		N	parodii		spec.	O.R.Matthei		O.R.Matthei	Stipa parodii	Gayana, Bot.	No. 13, 89 (1965)								unknown	0016-5301	\N	\N	\N	\N	\N	\N	\N	\N
423646-1	1.3	Poaceae		N	Stipa		N	pfisteri		spec.	O.R.Matthei		O.R.Matthei	Stipa pfisteri	Gayana, Bot.	No. 13, 100 (1965)								unknown	0016-5301	\N	\N	\N	\N	\N	\N	\N	\N
555283-1	1.4	Malesherbiaceae		N	Malesherbia		N	arequipensis		spec.	Ricardi		Ricardi	Malesherbia arequipensis	Gayana, Bot.	No. 3, 5 (1961)								unknown	0016-5301	\N	\N	\N	\N	\N	\N	\N	\N
555284-1	1.4	Malesherbiaceae		N	Malesherbia		N	auristipulata		spec.	Ricardi		Ricardi	Malesherbia auristipulata	Gayana, Bot.	No. 12, 3 (1965)								unknown	0016-5301	\N	\N	\N	\N	\N	\N	\N	\N
555286-1	1.4	Malesherbiaceae		N	Malesherbia		N	campanulata		spec.	Ricardi		Ricardi	Malesherbia campanulata	Gayana, Bot.	No. 16, 83 (1967)								unknown	0016-5301	\N	\N	\N	\N	\N	\N	\N	\N
555288-1	1.4	Malesherbiaceae		N	Malesherbia		N	gabrielae		spec.	Ricardi		Ricardi	Malesherbia gabrielae	Gayana, Bot.	No. 16, 120 (1967)								unknown	0016-5301	\N	\N	\N	\N	\N	\N	\N	\N
555295-1	1.4	Malesherbiaceae		N	Malesherbia		N	lanceolata		spec.	Ricardi		Ricardi	Malesherbia lanceolata	Gayana, Bot.	No. 16, 81 (1967)								unknown	0016-5301	\N	\N	\N	\N	\N	\N	\N	\N
555297-1	1.4	Malesherbiaceae		N	Malesherbia		N	multiflora		spec.	Ricardi		Ricardi	Malesherbia multiflora	Gayana, Bot.	No. 16, 126 (1967)								unknown	0016-5301	\N	\N	\N	\N	\N	\N	\N	\N
555300-1	1.4	Malesherbiaceae		N	Malesherbia		N	splendens		spec.	Ricardi		Ricardi	Malesherbia splendens	Gayana, Bot.	No. 12, 6 (1965)								unknown	0016-5301	\N	\N	\N	\N	\N	\N	\N	\N
555301-1	1.4	Malesherbiaceae		N	Malesherbia		N	taltalina		spec.	Ricardi		Ricardi	Malesherbia taltalina	Gayana, Bot.	No. 16, 123 (1967)								unknown	0016-5301	\N	\N	\N	\N	\N	\N	\N	\N
555302-1	1.4	Malesherbiaceae		N	Malesherbia		N	tocopillana		spec.	Ricardi		Ricardi	Malesherbia tocopillana	Gayana, Bot.	No. 16, 48 (1967)								unknown	0016-5301	\N	\N	\N	\N	\N	\N	\N	\N
60434864-2	1.2.2.1	Asteraceae		N	Chaetanthera		N	acheno-hirsuta		spec.	(Tombesi) Arroyo, A.M.R.Davies & Till-Bottr.	(Tombesi)	Arroyo, A.M.R.Davies & Till-Bottr.	Chaetanthera acheno-hirsuta	Gayana, Bot.	61(1): 28	2004 [Jun 2004]			Asteraceae Chaetanthera pulvinata (Phil.) Hauman var. achenohirsuta Tombesi				comb. et. stat. nov.	0016-5301	\N	\N	\N	\N	\N	\N	\N	\N
60454452-2	1.2	Scrophulariaceae		N	Calceolaria		N	ascendens	exigua	subsp.	(Witasek) Nic.Garcia	(Witasek)	Nic.Garcia	Calceolaria ascendens subsp. exigua	Gayana, Bot.	67(1): 138	2010 [Jun 2010]			Scrophulariaceae Calceolaria exigua Witasek				comb. et. stat. nov.	0016-5301	\N	\N	\N	\N	\N	\N	\N	\N
71139-2	1.3	Rubiaceae		N	Cruckshanksia		N	hymenodon	bustillosii	var.	(Phil.) Ricardi	(Phil.)	Ricardi	Cruckshanksia hymenodon var. bustillosii	Gayana, Bot.	no. 9: 16	1963					Rubiaceae Cruckshanksia bustillosii Phil.		tax. nov.	0016-5301	\N	\N	\N	\N	\N	\N	\N	\N
71140-2	1.2	Rubiaceae		N	Cruckshanksia		N	lithiophila		spec.	Ricardi		Ricardi	Cruckshanksia lithiophila	Gayana, Bot.	no. 7: 3, fig. 1, 2	1963						Copiapo, Chile	tax. nov.	0016-5301	\N	\N	\N	\N	\N	\N	\N	\N
747978-1	1.4	Rubiaceae		N	Cruckshanksia		N	lithiophila		spec.	Ricardi		Ricardi	Cruckshanksia lithiophila	Gayana, Bot.	No. 7, 3 (1963)								unknown	0016-5301	\N	\N	\N	\N	\N	\N	\N	\N
758679-1	1.6	Rubiaceae		N	Oreopolus		N	glacialis		spec.	(Poepp. & Endl.) Ricardi	(Poepp. & Endl.)	Ricardi	Oreopolus glacialis	Gayana, Bot.	No. 6, 7 (1963)								unknown	0016-5301	\N	\N	\N	\N	\N	\N	\N	\N
758680-1	1.1.2.1.1.3	Rubiaceae		N	Oreopolus		N	macranthus		spec.	(Phil.) Ricardi	(Phil.)	Ricardi	Oreopolus macranthus	Gayana, Bot.	No. 6, 14 (1963)								unknown	0016-5301	\N	\N	\N	\N	\N	\N	\N	\N
758681-1	1.4	Rubiaceae		N	Oreopolus		N	palma		spec.	(Clos) Ricardi	(Clos)	Ricardi	Oreopolus palma	Gayana, Bot.	No. 6, 12 (1963)								unknown	0016-5301	\N	\N	\N	\N	\N	\N	\N	\N
77096043-1	1.1	Scrophulariaceae		N	Calceolaria		N	espinosae		spec.	Muñoz-Schick & A.Moreira		Muñoz-Schick & A.Moreira	Calceolaria espinosae	Gayana, Bot.	65(1): 111 (-114; figs. 1-2)	2008 [Jun 2008]	nom. illeg. later homonym					Santiago (Chile Central, Southern South America, Southern America);Valparaíso (Chile Central, Southern South America, Southern America);	tax. nov.	0016-5301	\N	\N	\N	\N	\N	\N	\N	\N
77096044-1	1.2	Oxalidaceae		N	Oxalis		N	novemfoliolata		spec.	Heibl & Martic.		Heibl & Martic.	Oxalis novemfoliolata	Gayana, Bot.	65(1): 115 (-118; figs. 1-2, map)	2008 [Jun 2008]						Atacama (Chile North, Southern South America, Southern America)	tax. nov.	0016-5301	\N	\N	\N	\N	\N	\N	\N	\N
77105355-1	1.1	Scrophulariaceae		N	Calceolaria		N	caleuana		spec.	Muñoz-Schick & A.Moreira		Muñoz-Schick & A.Moreira	Calceolaria caleuana	Gayana, Bot.	66(2): 279	2009 [Dec 2009]				Scrophulariaceae Calceolaria espinosae Muñoz-Schick & A.Moreira			nom. nov.	0016-5301	\N	\N	\N	\N	\N	\N	\N	\N
77105356-1	1.1	Solanaceae		N	Nolana		N	patula		spec.	(Phil.) Mesa ex M.O.Dillon	(Phil.)	Mesa ex M.O.Dillon	Nolana patula	Gayana, Bot.	66(2): 295	2009 [Dec 2009]			Solanaceae Alona patula Phil.				comb. nov.	0016-5301	\N	\N	\N	\N	\N	\N	\N	\N
878180-1	1.5	Asteraceae		N	Polyachyrus		N	poeppigii	multifidus	subsp.	(D.Don) Ricardi & Weldt	(D.Don)	Ricardi & Weldt	Polyachyrus poeppigii subsp. multifidus	Gayana, Bot.	26: 19 (1974)								unknown	0016-5301	\N	\N	\N	\N	\N	\N	\N	\N
899909-1	1.3	Poaceae		N	Festuca		N	morenensis		spec.	O.Matthei J.		O.Matthei J.	Festuca morenensis	Gayana, Bot.	37: 54 (1982)	1982						Chile.	tax. nov.	0016-5301	\N	\N	\N	\N	\N	\N	\N	\N
914245-1	1.5	Poaceae		N	Muhlenbergia		N	asperifolia		spec.	(Nees & Meyen ex Trin.) O.Matthei	(Nees & Meyen ex Trin.)	O.Matthei	Muhlenbergia asperifolia	Gayana	41(1–2): 55 (1984):	1984			Poaceae Vilfa asperiflia				comb. nov.	0016-5301	\N	133681	\N	\N	\N	\N	\N	\N
931420-1	1.4	Poaceae		N	Bromus		N	gunckelii		spec.	O.Matthei		O.Matthei	Bromus gunckelii	Gayana, Bot.	43(1–4): 62 (1986)	1986						Chile.	tax. nov.	0016-5301	\N	\N	\N	\N	\N	\N	\N	\N
938661-1	1.5	Chenopodiaceae		N	Atriplex		N	chizae		spec.	M.R.Rosas		M.R.Rosas	Atriplex chizae	Gayana, Bot.	46(1–2): 26 (1989)	1989						Chile.	tax. nov.	0016-5301	\N	\N	\N	\N	\N	\N	\N	\N
938662-1	1.5	Chenopodiaceae		N	Atriplex		N	vallenarensis		spec.	M.R.Rosas		M.R.Rosas	Atriplex vallenarensis	Gayana, Bot.	46(1–2): 54 (1989)	1989						Chile.	tax. nov.	0016-5301	\N	\N	\N	\N	\N	\N	\N	\N
940902-1	1.1.2.2.1.1	Poaceae		N	Stipa		N	yatesensis		spec.	Martic. & Quezada		Martic. & Quezada	Stipa yatesensis	Gayana, Bot.	43(1–4): 149 (1986), nom. nov.:	1986				Poaceae Ortachne breviseta			nom. nov.	0016-5301	\N	\N	\N	\N	\N	\N	\N	\N
942301-1	1.1.2.2.1.1	Poaceae		N	Stipa		N	breviseta		spec.	(Hitchc.) Martic. & Quezada	(Hitchc.)	Martic. & Quezada	Stipa breviseta	Gayana, Bot.	42(1–2): 152 (1985):	1985			Poaceae Ortachne breviseta				comb. nov.	0016-5301	\N	\N	\N	\N	\N	\N	\N	\N
945853-1	1.1.2.3.1.2	Calyceraceae		N	Calycera		N	sympaganthera		spec.	(Ruiz & Pav.) Martic. & Quezada	(Ruiz & Pav.)	Martic. & Quezada	Calycera sympaganthera	Gayana, Bot.	44(1-4): 40	1988 [1987 publ. 1988]			Dipsacaceae Scabiosa sympaganthera Ruiz & Pav.				comb. nov.	0016-5301	\N	\N	\N	\N	\N	\N	\N	\N
955860-1	1.4	Chenopodiaceae		N	Atriplex		N	imbricata	foliolosa	var.	(Phil.) M.R.Rosas	(Phil.)	M.R.Rosas	Atriplex imbricata var. foliolosa	Gayana, Bot.	46(1–2): 39 (1989):	1989			Chenopodiaceae Atriplex foliolosum				comb. nov.	0016-5301	\N	\N	\N	\N	\N	\N	\N	\N
960129-1	1.5	Apiaceae		N	Azorella		N	monteroi		spec.	S.Martínez & Constance		S.Martínez & Constance	Azorella monteroi	Gayana, Bot.	48(1–4): 117 (1991)	1991						Chile.	tax. nov.	0016-5301	\N	\N	\N	\N	\N	\N	\N	\N
960130-1	1.6	Chenopodiaceae		N	Suaeda		N	feliciana		spec.	A.J.Hoffm. & Teillier		A.J.Hoffm. & Teillier	Suaeda feliciana	Gayana, Bot.	48(1–4): 96 (1991)	1991						Chile.	tax. nov.	0016-5301	\N	\N	\N	\N	\N	\N	\N	\N
962366-1	1.4	Poaceae		N	Nassella		N	gigantea		spec.	(Steud.) Muñoz-Schick	(Steud.)	Muñoz-Schick	Nassella gigantea	Gayana, Bot.	47(1–2): 23 (1990):	1990			Poaceae Urachne gigantea Steud.				comb. nov.	0016-5301	\N	\N	\N	\N	\N	\N	\N	\N
962367-1	1.4	Poaceae		N	Nassella		N	gibba		spec.	(Phil.) Muñoz-Schick	(Phil.)	Muñoz-Schick	Nassella gibba	Gayana, Bot.	47(1–2): 26 (1990):	1990			Poaceae Piptochaetium gibbum Phil.				comb. nov.	0016-5301	\N	\N	\N	\N	\N	\N	\N	\N
962368-1	1.1.2.1.1.3	Poaceae		N	Stipa		N	pubiflora		spec.	(Trin. & Rupr.) Muñoz-Schick	(Trin. & Rupr.)	Muñoz-Schick	Stipa pubiflora	Gayana, Bot.	47(1–2): 29 (1990):	1990			Poaceae Urachne pubiflora Trin. & Rupr.				comb. nov.	0016-5301	\N	\N	\N	\N	\N	\N	\N	\N
963301-1	1.1.2.1.1.3	Winteraceae		N	Drimys		N	andina		spec.	(Reiche) R.A.Rodr. & Quezada	(Reiche)	R.A.Rodr. & Quezada	Drimys andina	Gayana, Bot.	48(1–4): 112 (1991):	1991			Winteraceae Drimys winteri J.R.Forst. & G.Forst. var. andina				comb. nov.	0016-5301	\N	\N	\N	\N	\N	\N	\N	\N
963302-1	1.1.2.2.1.2	Gentianaceae		N	Gentianella		N	coquimbensis		spec.	(Briq.) Martic. & Quezada	(Briq.)	Martic. & Quezada	Gentianella coquimbensis	Gayana, Bot.	48(1–4): 124 (1991):	1991			Gentianaceae Gentiana coquimbensis Briq.				comb. nov.	0016-5301	\N	\N	\N	\N	\N	\N	\N	\N
963468-1	1.4	Poaceae		N	Rytidosperma		N	paschale		spec.	(Pilg.) C.M.Baeza	(Pilg.)	C.M.Baeza	Rytidosperma paschale	Gayana, Bot.	47(3–4): 84	1991 [1990 publ. 1991]		"as ""paschalis"""	Poaceae Danthonia paschalis Pilg.				comb. nov.	0016-5301	\N	\N	\N	\N	\N	\N	\N	\N
963469-1	1.1.2.1.1.4	Asteraceae		N	Conyza		N	hirtella		spec.	(DC.) Martic.	(DC.)	Martic.	Conyza hirtella	Gayana, Bot.	47(3–4): 121	1991 [1990 publ. 1991]			Asteraceae Erigeron hirtellus DC.				comb. nov.	0016-5301	\N	\N	\N	\N	\N	\N	\N	\N
965509-1	1.1.2.2.1.4	Solanaceae		N	Solanum		N	pennellii	elachistus	var.	Martic. & Quezada		Martic. & Quezada	Solanum pennellii var. elachistus	Gayana, Bot.	48(1–4): 125 (1991)	1991						Chile.	tax. nov.	0016-5301	\N	\N	\N	\N	\N	\N	\N	\N
966552-1	1.4	Poaceae		N	Nassella		N	chilensis	juncea	var.	(Phil.) Muñoz-Schick	(Phil.)	Muñoz-Schick	Nassella chilensis var. juncea	Gayana, Bot.	47(1–2): 22 (1990):	1990			Poaceae Nassella juncea Phil.				comb. nov.	0016-5301	\N	\N	\N	\N	\N	\N	\N	\N
972655-1	1.1.2.1.1.2	Iridaceae		N	Olsynium		N	nigricans		spec.	(Phil.) R.A.Rodr. & Martic.	(Phil.)	R.A.Rodr. & Martic.	Olsynium nigricans	Gayana, Bot.	49(1–4): 44 (1992):	1992			Iridaceae Susarium nigricans Phil.				comb. nov.	0016-5301	\N	\N	\N	\N	\N	\N	\N	\N
979359-1	1.4	Orchidaceae		N	Bipinnula		N	apinnula		spec.	Gosewijn		Gosewijn	Bipinnula apinnula	Gayana, Bot.	50(1): 11 (1993)	1993						Chile North (Maule).	tax. nov.	0016-5301	\N	\N	\N	\N	\N	\N	\N	\N
979360-1	1.3	Orchidaceae		N	Bipinnula	trilobatae	N			sect.	Gosewijn		Gosewijn	Bipinnula sect. Trilobatae	Gayana, Bot.	50(1): 13 (1993).	1993							tax. nov.	0016-5301	\N	\N	\N	\N	\N	\N	\N	\N
979361-1	1.3	Orchidaceae		N	Bipinnula	multiflorae	N			sect.	Gosewijn		Gosewijn	Bipinnula sect. Multiflorae	Gayana, Bot.	50(1): 15 (1993).	1993							tax. nov.	0016-5301	\N	\N	\N	\N	\N	\N	\N	\N
983105-1	1.3	Poaceae		N	Eragrostis		N	pycnantha		spec.	(Phil.) Parodi ex Nicora	(Phil.)	Parodi ex Nicora	Eragrostis pycnantha	Gayana, Bot.	51(1): 4 (1994):	1994			Poaceae Poa pycnantha Phil.				comb. nov.	0016-5301	\N	\N	\N	\N	\N	\N	\N	\N
983106-1	1.5	Iridaceae		N	Olsynium		N	chrysochromum		spec.	J.M.Watson & A.R.Flores		J.M.Watson & A.R.Flores	Olsynium chrysochromum	Gayana, Bot.	51(1): 12 (1994), nom. nov.	1994				Iridaceae Chamelum luteum Phil.			nom. nov.	0016-5301	\N	\N	\N	\N	\N	\N	\N	\N
992089-1	1.4	Scrophulariaceae		N	Calceolaria		N	alicahuensis		spec.	Muñoz-Schick		Muñoz-Schick	Calceolaria alicahuensis	Gayana, Bot.	52(2): 61 (1995)	1995						Chile North (Valparaíso).	tax. nov.	0016-5301	\N	\N	\N	\N	\N	\N	\N	\N
996875-1	1.5	Poaceae		N	Anatherostipa		N			gen.	(Hack. ex Kuntze) Peñail.	(Hack. ex Kuntze)	Peñail.	Anatherostipa	Gayana, Bot.	53(2): 278 (1996):	1996			Poaceae Stipa sect. Anatherostipa				comb. nov.	0016-5301	\N	\N	\N	\N	\N	\N	\N	\N
996876-1	1.4	Poaceae		N	Anatherostipa		N	saltensis		spec.	(Kuntze) Peñail.	(Kuntze)	Peñail.	Anatherostipa saltensis	Gayana, Bot.	53(2): 279 (1996):	1996			Poaceae Stipa saltensis Kuntze				comb. nov.	0016-5301	\N	\N	\N	\N	\N	\N	\N	\N
996877-1	1.4	Poaceae		N	Anatherostipa		N	bomanii		spec.	(Hauman) Peñail.	(Hauman)	Peñail.	Anatherostipa bomanii	Gayana, Bot.	53(2): 279 (1996):	1996			Poaceae Stipa bomanii				comb. nov.	0016-5301	\N	\N	\N	\N	\N	\N	\N	\N
996878-1	1.4	Poaceae		N	Anatherostipa		N	hans-meyeri		spec.	(Pilg.) Peñail.	(Pilg.)	Peñail.	Anatherostipa hans-meyeri	Gayana, Bot.	53(2): 279 (1996):	1996			Poaceae Stipa hans-meyeri Pilg.				comb. nov.	0016-5301	\N	\N	\N	\N	\N	\N	\N	\N
996879-1	1.3	Poaceae		N	Anatherostipa		N	henrardiana		spec.	(Parodi) Peñail.	(Parodi)	Peñail.	Anatherostipa henrardiana	Gayana, Bot.	53(2): 279 (1996):	1996			Poaceae Stipa henrardiana Parodi				comb. nov.	0016-5301	\N	\N	\N	\N	\N	\N	\N	\N
996880-1	1.6	Poaceae		N	Anatherostipa		N	obtusa		spec.	(Nees & Meyen) Peñail.	(Nees & Meyen)	Peñail.	Anatherostipa obtusa	Gayana, Bot.	53(2): 279	1996			Poaceae Piptatherum obtusum Nees & Meyen				comb. nov.	0016-5301	\N	\N	\N	\N	\N	\N	\N	\N
996881-1	1.4	Poaceae		N	Anatherostipa		N	rigidiseta		spec.	(Pilg.) Peñail.	(Pilg.)	Peñail.	Anatherostipa rigidiseta	Gayana, Bot.	53(2): 279 (1996):	1996			Poaceae Oryzopsis rigidiseta Pilg.				comb. nov.	0016-5301	\N	\N	\N	\N	\N	\N	\N	\N
996882-1	1.3	Poaceae		N	Anatherostipa		N	venusta		spec.	(Phil.) Peñail.	(Phil.)	Peñail.	Anatherostipa venusta	Gayana, Bot.	53(2): 279 (1996):	1996			Poaceae Stipa venusta Phil.				comb. nov.	0016-5301	\N	\N	\N	\N	\N	\N	\N	\N
