60450439-2	1.1.2.1	Musaceae		N	Musa		N	chunii		spec.	Häkkinen		Häkkinen	Musa chunii	J. Syst. Evol.	47(1): 87 (-91; fig. 1)	2009 [18 Jan 2009]		"Etymology: ""The new species of Musa chunii is named in honour of Chinese academician and botanist Chun Woon-Young for his contributions to the botany of China."""				Yunnan (China, Asia-Temperate)	tax. nov.	1674-4918	\N	\N	\N	\N	\N	\N	\N	\N
60459985-2	1.1	Fabaceae		N	Lathyrus		N	tefennicus		spec.	Genç & Sahin		Genç & Sahin	Lathyrus tefennicus	J. Syst. Evol.	49(5): 505	2011 [Sep 2011]						Turkey (Western Asia, Asia-Temperate)	tax. nov.	1674-4918	\N	\N	\N	\N	\N	\N	\N	\N
60460313-2	1.1	Convallariaceae		N	Aspidistra		N	hezhouensis		spec.	Q.Gao & Yan Liu		Q.Gao & Yan Liu	Aspidistra hezhouensis	J. Syst. Evol.	49(5): 506	2011 [Sep 2011]						Guangxi (China, Asia-Temperate)	tax. nov.	1674-4918	\N	\N	\N	\N	\N	\N	\N	\N
60460314-2	1.1	Lamiaceae		N	Callicarpa		N	bodinieri	iteophylla	var.	C.Y.Wu		C.Y.Wu	Callicarpa bodinieri var. iteophylla	J. Syst. Evol.	49(5): 508	2011 [Sep 2011]						Yunnan (China, Asia-Temperate)	tax. nov.	1674-4918	\N	\N	\N	\N	\N	\N	\N	\N
77091008-1	1.1	Rubiaceae		N	Mussaenda		N	lancipetala		spec.	X.F.Deng & D.X.Zhang		X.F.Deng & D.X.Zhang	Mussaenda lancipetala	J. Syst. Evol.	46(2): 223 (220-225; figs. 1-2)	2008 [Mar 2008]						Yunnan (China South-Central, China, Asia-Temperate)	tax. nov.	1674-4918	\N	\N	\N	\N	\N	\N	\N	\N
77091009-1	1.1	Cyperaceae		N	Carex		N	damiaoshanensis		spec.	X.F.Jin & C.Z.Zheng		X.F.Jin & C.Z.Zheng	Carex damiaoshanensis	J. Syst. Evol.	46(2): 226 (-229; fig. 1)	2008 [Mar 2008]						Guangxi (China Southeast, China, Asia-Temperate)	tax. nov.	1674-4918	\N	\N	\N	\N	\N	\N	\N	\N
77093349-1	1.1	Orchidaceae	ypsilorchidinae	N			N			subtrib.	Z.J.Liu, S.C.Chen & L.J.Chen		Z.J.Liu, S.C.Chen & L.J.Chen	subtrib. Ypsilorchidinae	J. Syst. Evol.	46(4): 623	2008 [Jul 2008]							tax. nov.	1674-4918	\N	\N	\N	\N	\N	\N	\N	\N
77093351-1	1.1	Orchidaceae		N	Ypsilorchis		N			gen.	Z.J.Liu, S.C.Chen & L.J.Chen		Z.J.Liu, S.C.Chen & L.J.Chen	Ypsilorchis	J. Syst. Evol.	46(4): 623	2008 [Jul 2008]							tax. nov.	1674-4918	\N	\N	\N	\N	\N	\N	\N	\N
77093352-1	1.1	Orchidaceae		N	Ypsilorchis		N	fissipetala		spec.	(Finet) Z.J.Liu, S.C.Chen & L.J.Chen	(Finet)	Z.J.Liu, S.C.Chen & L.J.Chen	Ypsilorchis fissipetala	J. Syst. Evol.	46(4): 623	2008 [Jul 2008]			Orchidaceae Liparis fissipetala Finet				comb. nov.	1674-4918	\N	\N	\N	\N	\N	\N	\N	\N
77096336-1	1.2	Polygonaceae		N	Fagopyrum		N	crispatifolium		spec.	J.L.Liu		J.L.Liu	Fagopyrum crispatifolium	J. Syst. Evol.	46(6): 930 (-932; fig. 2)	2008 [Nov 2008]						Sichuan (China South-Central, China, Asia-Temperate)	tax. nov.	1674-4918	\N	\N	\N	\N	\N	\N	\N	\N
77098185-1	1.2	Zingiberaceae		N	Curcuma		N	sattayasaiorum		spec.	Chaveer. & Sudmoon		Chaveer. & Sudmoon	Curcuma sattayasaiorum	J. Syst. Evol.	46(1): 82 (-84, 86; figs. 4, 6A-B)	2008 [Jan 2008]		Published as sattayasaii.  Two dedications are made in the protologue so the epithet has been corrected to the plural form.				Thailand (Indo-China, Asia-Tropical)	tax. nov.	1674-4918	\N	\N	\N	\N	\N	\N	\N	\N
77098186-1	1.1	Zingiberaceae		N	Curcuma		N	zedoarioides		spec.	Chaveer. & Tanee		Chaveer. & Tanee	Curcuma zedoarioides	J. Syst. Evol.	46(1): 86 (-87, 85; figs. 5, 6C-D)	2008 [Jan 2008]		Published as 'zedoaroides', but derived from 'zedoaria'				Thailand (Indo-China, Asia-Tropical)	tax. nov.	1674-4918	\N	\N	\N	\N	\N	\N	\N	\N
77098698-1	1.1	Poaceae		N	Leymus		N	racemosus	crassinervius	var.	(Kar. & Kir.) C.Yen & J.L.Yang	(Kar. & Kir.)	C.Yen & J.L.Yang	Leymus racemosus var. crassinervius	J. Syst. Evol.	47(1): 74	2009 [Jan 2009]			Poaceae Elymus giganteus Vahl [beta]. crassinervius Kar. & Kir.				comb. nov.	1674-4918	\N	\N	\N	\N	\N	\N	\N	\N
77098699-1	1.2	Poaceae		N	Leymus		N	racemosus	cylindraceus	var.	(Roshev.) C.Yen & J.L.Yang	(Roshev.)	C.Yen & J.L.Yang	Leymus racemosus var. cylindraceus	J. Syst. Evol.	47(1): 74	2009 [Jan 2009]			Poaceae Elymus giganteus Vahl var. cylindraceus Roshev.				comb. nov.	1674-4918	\N	\N	\N	\N	\N	\N	\N	\N
77098700-1	1.1	Poaceae		N	Leymus		N	racemosus	sabulosus	var.	(M.Bieb.) C.Yen & J.L.Yang	(M.Bieb.)	C.Yen & J.L.Yang	Leymus racemosus var. sabulosus	J. Syst. Evol.	47(1): 74	2009 [Jan 2009]			Poaceae Elymus sabulosus M.Bieb.				comb. et. stat. nov.	1674-4918	\N	\N	\N	\N	\N	\N	\N	\N
77098738-1	1.1	Poaceae		N	Leymus		N	alaicus	karataviensis	var.	(Roshev.) C.Yen, J.L.Yang & B.R.Baum	(Roshev.)	C.Yen, J.L.Yang & B.R.Baum	Leymus alaicus var. karataviensis	J. Syst. Evol.	47(1): 75	2009 [Jan 2009]			Poaceae Elymus karataviensis Roshev.				comb. et. stat. nov.	1674-4918	\N	\N	\N	\N	\N	\N	\N	\N
77098739-1	1.1	Poaceae		N	Leymus		N	alaicus	petraeus	var.	(Nevski) C.Yen, J.L.Yang & B.R.Baum	(Nevski)	C.Yen, J.L.Yang & B.R.Baum	Leymus alaicus var. petraeus	J. Syst. Evol.	47(1): 76	2009 [Jan 2009]			Poaceae Aneurolepidium petraeum Nevski				comb. et. stat. nov.	1674-4918	\N	\N	\N	\N	\N	\N	\N	\N
77098740-1	1.1	Poaceae		N	Leymus		N	salina	salmonis	var.	(C.L.Hitchc.) C.Yen & J.L.Yang	(C.L.Hitchc.)	C.Yen & J.L.Yang	Leymus salina var. salmonis	J. Syst. Evol.	47(1): 81	2009 [Jan 2009]			Poaceae Elymus ambiguus Vasey & Scribn. var. salmonis C.L.Hitchc.				comb. nov.	1674-4918	\N	\N	\N	\N	\N	\N	\N	\N
77098741-1	1.1	Poaceae		N	Leymus		N	salina	mojavensis	var.	(Barkworth & R.J.Atkins) C.Yen & J.L.Yang	(Barkworth & R.J.Atkins)	C.Yen & J.L.Yang	Leymus salina var. mojavensis	J. Syst. Evol.	47(1): 81	2009 [Jan 2009]			Poaceae Leymus salina (M.E.Jones) Á.Löve subsp. mojavensis Barkworth & R.J.Atkins				stat. nov.	1674-4918	\N	\N	\N	\N	\N	\N	\N	\N
77098742-1	1.1	Poaceae		N	Leymus		N	secalinus	ligulatus	var.	(Keng) C.Yen & J.L.Yang	(Keng)	C.Yen & J.L.Yang	Leymus secalinus var. ligulatus	J. Syst. Evol.	47(1): 81	2009 [Jan 2009]			Poaceae Elymus dasystachys Trin. ex Ledeb. var. ligulatus Keng				comb. nov.	1674-4918	\N	\N	\N	\N	\N	\N	\N	\N
77098745-1	1.1	Poaceae		N	Leymus		N	sibiricus		spec.	(Trautv.) J.L.Yang & C.Yen	(Trautv.)	J.L.Yang & C.Yen	Leymus sibiricus	J. Syst. Evol.	47(1): 82	2009 [Jan 2009]			Poaceae Asperella sibirica Trautv.				comb. nov.	1674-4918	\N	\N	\N	\N	\N	\N	\N	\N
77098746-1	1.1	Poaceae		N	Leymus	silvicola	N			sect.	C.Yen, J.L.Yang & B.R.Baum		C.Yen, J.L.Yang & B.R.Baum	Leymus sect. Silvicola	J. Syst. Evol.	47(1): 83	2009 [Jan 2009]							tax. nov.	1674-4918	\N	\N	\N	\N	\N	\N	\N	\N
77098749-1	1.1	Poaceae		N	Leymus		N	duthiei		spec.	(Stapf ex Hook.f.) C.Yen, J.L.Yang & B.R.Baum	(Stapf ex Hook.f.)	C.Yen, J.L.Yang & B.R.Baum	Leymus duthiei	J. Syst. Evol.	47(1): 83	2009 [Jan 2009]			Poaceae Asperella duthiei Stapf ex Hook.f.				comb. nov.	1674-4918	\N	\N	\N	\N	\N	\N	\N	\N
77098750-1	1.1	Poaceae		N	Leymus		N	duthiei	japonicus	var.	(Hack.) C.Yen, J.L.Yang & B.R.Baum	(Hack.)	C.Yen, J.L.Yang & B.R.Baum	Leymus duthiei var. japonicus	J. Syst. Evol.	47(1): 83	2009 [Jan 2009]			Poaceae Asperella japonica Hack.				comb. et. stat. nov.	1674-4918	\N	\N	\N	\N	\N	\N	\N	\N
77098751-1	1.1	Poaceae		N	Leymus		N	duthiei	longe-aristatus	var.	(Hack.) C.Yen, J.L.Yang & B.R.Baum	(Hack.)	C.Yen, J.L.Yang & B.R.Baum	Leymus duthiei var. longe-aristatus	J. Syst. Evol.	47(1): 83	2009 [Jan 2009]		"as ""longiaristatus"""	Poaceae Asperella sibirica Trautv. var. longe-aristata Hack.				comb. nov.	1674-4918	\N	\N	\N	\N	\N	\N	\N	\N
77098752-1	1.1	Poaceae		N	Leymus		N	komarovii		spec.	(Roshev.) J.L.Yang & C.Yen	(Roshev.)	J.L.Yang & C.Yen	Leymus komarovii	J. Syst. Evol.	47(1): 84	2009 [Jan 2009]			Poaceae Asperella komarovii Roshev.				comb. nov.	1674-4918	\N	\N	\N	\N	\N	\N	\N	\N
77098852-1	1.1	Ranunculaceae		N	Anemone	leptothece	N			sect.	W.T.Wang & Bing Liu		W.T.Wang & Bing Liu	Anemone sect. Leptothece	J. Syst. Evol.	46(5): 738 (-739)	2008 [Sep 2008]							tax. nov.	1674-4918	\N	\N	\N	\N	\N	\N	\N	\N
77098853-1	1.1	Ranunculaceae		N	Anemone		N	xiaowutaishanica		spec.	W.T.Wang & Bing Liu		W.T.Wang & Bing Liu	Anemone xiaowutaishanica	J. Syst. Evol.	46(5): 739 (-741; figs. 1-2)	2008 [Sep 2008]						Hebei (China North-Central, China, Asia-Temperate)	tax. nov.	1674-4918	\N	\N	\N	\N	\N	\N	\N	\N
77098854-1	1.1	Rutaceae		N	Glycosmis		N	longipetala		spec.	F.J.Mou & D.X.Zhang		F.J.Mou & D.X.Zhang	Glycosmis longipetala	J. Syst. Evol.	47(2): 165 (162-167; figs. 1-3)	2009 [Mar 2009]						Yunnan (China South-Central, China, Asia-Temperate);Guangxi (China Southeast, China, Asia-Temperate);	tax. nov.	1674-4918	\N	\N	\N	\N	\N	\N	\N	\N
77098855-1	1.2	Scrophulariaceae		N	Veronica		N	erciyasdagi		spec.	(M.A.Fisch.) C.Vural	(M.A.Fisch.)	C.Vural	Veronica erciyasdagi	J. Syst. Evol.	47(2): 170	2009 [Mar 2009]			Scrophulariaceae Veronica glaberrima Boiss. & Balansa var. erciyasdagi M.A.Fisch.				comb. et. stat. nov.	1674-4918	\N	\N	\N	\N	\N	\N	\N	\N
77104028-1	1.1	Ranunculaceae		N	Clematis	occidentales	N			ser.	W.J.Yang & L.Q.Li		W.J.Yang & L.Q.Li	Clematis ser. Occidentales	J. Syst. Evol.	47(6): 562	2009 [Nov 2009]							tax. nov.	1674-4918	\N	\N	\N	\N	\N	\N	\N	\N
77104029-1	1.1	Ranunculaceae		N	Clematis	alpinae	N			ser.	W.J.Yang & L.Q.Li		W.J.Yang & L.Q.Li	Clematis ser. Alpinae	J. Syst. Evol.	47(6): 567	2009 [Nov 2009]							tax. nov.	1674-4918	\N	\N	\N	\N	\N	\N	\N	\N
77104031-1	1.1	Ranunculaceae		N	Clematis	koreanae	N			ser.	W.J.Yang & L.Q.Li		W.J.Yang & L.Q.Li	Clematis ser. Koreanae	J. Syst. Evol.	47(6): 574	2009 [Nov 2009]							tax. nov.	1674-4918	\N	\N	\N	\N	\N	\N	\N	\N
77104032-1	1.1	Ranunculaceae		N	Clematis	tomentosae	N			ser.	W.J.Yang & L.Q.Li		W.J.Yang & L.Q.Li	Clematis ser. Tomentosae	J. Syst. Evol.	47(6): 577	2009 [Nov 2009]							tax. nov.	1674-4918	\N	\N	\N	\N	\N	\N	\N	\N
77104035-1	1.1	Ranunculaceae		N	Clematis	macropetalae	N			ser.	W.J.Yang & L.Q.Li		W.J.Yang & L.Q.Li	Clematis ser. Macropetalae	J. Syst. Evol.	47(6): 577	2009 [Nov 2009]							tax. nov.	1674-4918	\N	\N	\N	\N	\N	\N	\N	\N
77104037-1	1.1	Orchidaceae		N	Singchia		N			gen.	Z.J.Liu & L.J.Chen		Z.J.Liu & L.J.Chen	Singchia	J. Syst. Evol.	47(6): 600	2009 [Nov 2009]							tax. nov.	1674-4918	\N	\N	\N	\N	\N	\N	\N	\N
77104039-1	1.1	Orchidaceae		N	Singchia		N	malipoensis		spec.	Z.J.Liu & L.J.Chen		Z.J.Liu & L.J.Chen	Singchia malipoensis	J. Syst. Evol.	47(6): 602 (fig. 2)	2009 [Nov 2009]						Yunnan (China South-Central, China, Asia-Temperate)	tax. nov.	1674-4918	\N	\N	\N	\N	\N	\N	\N	\N
77104040-1	1.1	Orchidaceae		N	Gunnaria		N			gen.	S.C.Chen ex Z.J.Liu & L.J.Chen		S.C.Chen ex Z.J.Liu & L.J.Chen	Gunnaria	J. Syst. Evol.	47(6): 602	2009 [Nov 2009]							tax. nov.	1674-4918	\N	\N	\N	\N	\N	\N	\N	\N
77104041-1	1.1	Orchidaceae		N	Gunnaria		N	pussila		spec.	(Aver.) Z.J.Liu & L.J.Chen	(Aver.)	Z.J.Liu & L.J.Chen	Gunnaria pussila	J. Syst. Evol.	47(6): 602	2009 [Nov 2009]			Orchidaceae Ascocentrum pusillum Aver.				comb. nov.	1674-4918	\N	\N	\N	\N	\N	\N	\N	\N
77104209-1	1.1	Ranunculaceae		N	Clematis		N	alpina	iliensis	var.	(Y.S.Hou & W.H.Hou) W.J.Yang & L.Q.Li	(Y.S.Hou & W.H.Hou)	W.J.Yang & L.Q.Li	Clematis alpina var. iliensis	J. Syst. Evol.	47(6): 570	2009 [Nov 2009]			Ranunculaceae Clematis iliensis Y.S.Hou & W.H.Hou				comb. nov.	1674-4918	\N	\N	\N	\N	\N	\N	\N	\N
77104211-1	1.1	Ranunculaceae		N	Clematis		N	alpina	umbrosa	var.	(Nakai) W.J.Yang & L.Q.Li	(Nakai)	W.J.Yang & L.Q.Li	Clematis alpina var. umbrosa	J. Syst. Evol.	47(6): 573	2009 [Nov 2009]			Ranunculaceae Clematis koreana Kom. var. umbrosa Nakai				comb. nov.	1674-4918	\N	\N	\N	\N	\N	\N	\N	\N
77105961-1	1.1	Zingiberaceae		N	Hedychium		N	menghaiense		spec.	X.Hu & N.Liu		X.Hu & N.Liu	Hedychium menghaiense	J. Syst. Evol.	48(2): 148 (146-151; figs. 2-3)	2010 [Mar 2010]						Yunnan (China South-Central, China, Asia-Temperate)	tax. nov.	1674-4918	\N	\N	\N	\N	\N	\N	\N	\N
77110006-1	1.1	Orchidaceae		N	Paphiopedilum		N	guangdongense		spec.	Z.J.Liu & L.J.Chen		Z.J.Liu & L.J.Chen	Paphiopedilum guangdongense	J. Syst. Evol.	48(5): 355 (350-355; figs.)	2010 [Sep 2010]						Guangdong (China Southeast, China, Asia-Temperate)	tax. nov.	1674-4918	\N	\N	\N	\N	\N	\N	\N	\N
77110008-1	1.1	Elaeagnaceae		N	Elaeagnus		N	magna	nanchuanensis	var.	(C.Y.Chang) M.Sun & Q.Lin	(C.Y.Chang)	M.Sun & Q.Lin	Elaeagnus magna var. nanchuanensis	J. Syst. Evol.	48(5): 387	2010 [Sep 2010]			Elaeagnaceae Elaeagnus nanchuanensis C.Y.Chang				comb. et. stat. nov.	1674-4918	\N	\N	\N	\N	\N	\N	\N	\N
77110009-1	1.1	Elaeagnaceae		N	Elaeagnus		N	magna	wushanensis	var.	(C.Y.Chang) M.Sun & Q.Lin	(C.Y.Chang)	M.Sun & Q.Lin	Elaeagnus magna var. wushanensis	J. Syst. Evol.	48(5): 387	2010 [Sep 2010]			Elaeagnaceae Elaeagnus wushanensis C.Y.Chang				comb. et. stat. nov.	1674-4918	\N	\N	\N	\N	\N	\N	\N	\N
77110011-1	1.1	Campanulaceae		N	Adenophora		N	potaninii	wawreana	subsp.	(Zahlbr.) S.Ge & D.Y.Hong	(Zahlbr.)	S.Ge & D.Y.Hong	Adenophora potaninii subsp. wawreana	J. Syst. Evol.	48(6): 452	2010 [Nov 2010]			Campanulaceae Adenophora wawreana Zahlbr.				comb. et. stat. nov.	1674-4918	\N	\N	\N	\N	\N	\N	\N	\N
77112929-1	1.1	Gesneriaceae		N	Microchirita		N			gen.	(C.B.Clarke) Yin Z.Wang	(C.B.Clarke)	Yin Z.Wang	Microchirita	J. Syst. Evol.	49(1): 59	2011 [Jan 2011]			Gesneriaceae Chirita sect. Microchirita C.B.Clarke				stat. nov.	1674-4918	10.1111/j.1759-6831.2010.00113.x	\N	\N	\N	\N	\N	\N	\N
77112930-1	1.1	Gesneriaceae		N	Microchirita		N	caliginosa		spec.	(C.B.Clarke) Yin Z.Wang	(C.B.Clarke)	Yin Z.Wang	Microchirita caliginosa	J. Syst. Evol.	49(1): 60	2011 [Jan 2011]			Gesneriaceae Chirita caliginosa C.B.Clarke				comb. nov.	1674-4918	10.1111/j.1759-6831.2010.00113.x	\N	\N	\N	\N	\N	\N	\N
77112931-1	1.1	Gesneriaceae		N	Microchirita		N	involucrata		spec.	(Craib) Yin Z.Wang	(Craib)	Yin Z.Wang	Microchirita involucrata	J. Syst. Evol.	49(1): 60	2011 [Jan 2011]		"as ""involucrate"""	Gesneriaceae Chirita involucrata Craib				comb. nov.	1674-4918	10.1111/j.1759-6831.2010.00113.x	\N	\N	\N	\N	\N	\N	\N
77112932-1	1.1	Gesneriaceae		N	Microchirita		N	lavandulacea		spec.	(Stapf) Yin Z.Wang	(Stapf)	Yin Z.Wang	Microchirita lavandulacea	J. Syst. Evol.	49(1): 60	2011 [Jan 2011]			Gesneriaceae Chirita lavandulacea Stapf				comb. nov.	1674-4918	10.1111/j.1759-6831.2010.00113.x	\N	\N	\N	\N	\N	\N	\N
77112958-1	1.1	Gesneriaceae		N	Microchirita		N	caerulea		spec.	(R.Br.) Yin Z.Wang	(R.Br.)	Yin Z.Wang	Microchirita caerulea	J. Syst. Evol.	49(1): 60	2011 [Jan 2011]			Gesneriaceae Chirita caerulea R.Br.				comb. nov.	1674-4918	10.1111/j.1759-6831.2010.00113.x	\N	\N	\N	\N	\N	\N	\N
77112959-1	1.1	Gesneriaceae		N	Microchirita		N	hamosa		spec.	(R.Br.) Yin Z.Wang	(R.Br.)	Yin Z.Wang	Microchirita hamosa	J. Syst. Evol.	49(1): 60	2011 [Jan 2011]			Gesneriaceae Chirita hamosa R.Br.				comb. nov.	1674-4918	10.1111/j.1759-6831.2010.00113.x	\N	\N	\N	\N	\N	\N	\N
77112969-1	1.1	Gesneriaceae		N	Primulina		N	brachytricha		spec.	(W.T.Wang & D.Y.Chen) R.B.Mao & Yin Z.Wang	(W.T.Wang & D.Y.Chen)	R.B.Mao & Yin Z.Wang	Primulina brachytricha	J. Syst. Evol.	49(1): 60	2011 [Jan 2011]			Gesneriaceae Chirita brachytricha W.T.Wang & D.Y.Chen				comb. nov.	1674-4918	10.1111/j.1759-6831.2010.00113.x	\N	\N	\N	\N	\N	\N	\N
77113016-1	1.1	Gesneriaceae		N	Primulina		N	fimbrisepala		spec.	(Hand.-Mazz.) Yin Z.Wang	(Hand.-Mazz.)	Yin Z.Wang	Primulina fimbrisepala	J. Syst. Evol.	49(1): 61	2011			Gesneriaceae Chirita fimbrisepala Hand.-Mazz.				comb. nov.	1674-4918	10.1111/j.1759-6831.2010.00113.x	\N	\N	\N	\N	\N	\N	\N
77113021-1	1.1	Gesneriaceae		N	Primulina		N	fordii		spec.	(Hemsl.) Yin Z.Wang	(Hemsl.)	Yin Z.Wang	Primulina fordii	J. Syst. Evol.	49(1): 61	2011 [Jan 2011]			Gesneriaceae Didymocarpus fordii Hemsl.				comb. nov.	1674-4918	10.1111/j.1759-6831.2010.00113.x	\N	\N	\N	\N	\N	\N	\N
77113024-1	1.1	Gesneriaceae		N	Primulina		N	glandulosa		spec.	(D.Fang, L.Zeng & D.H.Qin) Yin Z.Wang	(D.Fang, L.Zeng & D.H.Qin)	Yin Z.Wang	Primulina glandulosa	J. Syst. Evol.	49(1): 61	2011 [Jan 2011]			Gesneriaceae Chiritopsis glandulosa D.Fang, L.Zeng & D.H.Qin				comb. nov.	1674-4918	10.1111/j.1759-6831.2010.00113.x	\N	\N	\N	\N	\N	\N	\N
77113045-1	1.1	Gesneriaceae		N	Primulina		N	longgangensis		spec.	(W.T.Wang) Yan Liu & Yin Z.Wang	(W.T.Wang)	Yan Liu & Yin Z.Wang	Primulina longgangensis	J. Syst. Evol.	49(1): 61	2011 [Jan 2011]			Gesneriaceae Chirita longgangensis W.T.Wang				comb. nov.	1674-4918	10.1111/j.1759-6831.2010.00113.x	\N	\N	\N	\N	\N	\N	\N
77113080-1	1.1	Gesneriaceae		N	Primulina		N	repanda		spec.	(W.T.Wang) Yin Z.Wang	(W.T.Wang)	Yin Z.Wang	Primulina repanda	J. Syst. Evol.	49(1): 62	2011 [Jan 2011]			Gesneriaceae Chiritopsis repanda W.T.Wang				comb. nov.	1674-4918	10.1111/j.1759-6831.2010.00113.x	\N	\N	\N	\N	\N	\N	\N
77113167-1	1.1	Gesneriaceae		N	Petrocodon		N	coccineus		spec.	(C.Y.Wu) Yin Z.Wang	(C.Y.Wu)	Yin Z.Wang	Petrocodon coccineus	J. Syst. Evol.	49(1): 60	2011 [Jan 2011]			Gesneriaceae Calcareoboea coccinea C.Y.Wu ex H.W.Li				comb. nov.	1674-4918	10.1111/j.1759-6831.2010.00113.x	\N	\N	\N	\N	\N	\N	\N
77113168-1	1.1	Gesneriaceae		N	Petrocodon		N	fangianus		spec.	(Y.G.Wei) J.M.Li & Yin Z.Wang	(Y.G.Wei)	J.M.Li & Yin Z.Wang	Petrocodon fangianus	J. Syst. Evol.	49(1): 60	2011 [Jan 2011]			Gesneriaceae Paralagarosolen fangianus Y.G.Wei				comb. nov.	1674-4918	10.1111/j.1759-6831.2010.00113.x	\N	\N	\N	\N	\N	\N	\N
77113169-1	1.1	Gesneriaceae		N	Petrocodon		N	scopulorum		spec.	(Chun) Yin Z.Wang	(Chun)	Yin Z.Wang	Petrocodon scopulorum	J. Syst. Evol.	49(1): 60	2011 [Jan 2011]		"as ""scopulorus"""	Gesneriaceae Tengia scopulorum Chun				comb. nov.	1674-4918	10.1111/j.1759-6831.2010.00113.x	\N	\N	\N	\N	\N	\N	\N
77113170-1	1.1	Gesneriaceae		N	Primulina		N	baishouensis		spec.	(Y.G.Wei, H.Q.Wen & S.H.Zhong) Yin Z.Wang	(Y.G.Wei, H.Q.Wen & S.H.Zhong)	Yin Z.Wang	Primulina baishouensis	J. Syst. Evol.	49(1): 60	2011 [Jan 2011]			Gesneriaceae Chirita baishouensis Y.G.Wei, H.Q.Wen & S.H.Zhong				comb. nov.	1674-4918	10.1111/j.1759-6831.2010.00113.x	\N	\N	\N	\N	\N	\N	\N
77113171-1	1.1	Gesneriaceae		N	Primulina		N	bipinnatifida		spec.	(W.T.Wang) Yin Z.Wang & J.M.Li	(W.T.Wang)	Yin Z.Wang & J.M.Li	Primulina bipinnatifida	J. Syst. Evol.	49(1): 60	2011 [Jan 2011]			Gesneriaceae Chiritopsis bipinnatifida W.T.Wang				comb. nov.	1674-4918	10.1111/j.1759-6831.2010.00113.x	\N	\N	\N	\N	\N	\N	\N
77113172-1	1.1	Gesneriaceae		N	Primulina		N	carnosifolia		spec.	(C.Y.Wu ex H.W.Li) Yin Z.Wang	(C.Y.Wu ex H.W.Li)	Yin Z.Wang	Primulina carnosifolia	J. Syst. Evol.	49(1): 60 (-61)	2011 [Jan 2011]			Gesneriaceae Chirita carnosifolia C.Y.Wu ex H.W.Li				comb. nov.	1674-4918	10.1111/j.1759-6831.2010.00113.x	\N	\N	\N	\N	\N	\N	\N
77113173-1	1.1	Gesneriaceae		N	Primulina		N	cordifolia		spec.	(D.Fang & W.T.Wang) Yin Z.Wang	(D.Fang & W.T.Wang)	Yin Z.Wang	Primulina cordifolia	J. Syst. Evol.	49(1): 61	2011 [Jan 2011]			Gesneriaceae Chiritopsis cordifolia D.Fang & W.T.Wang				comb. nov.	1674-4918	10.1111/j.1759-6831.2010.00113.x	\N	\N	\N	\N	\N	\N	\N
77113174-1	1.1	Gesneriaceae		N	Primulina		N	eburnea		spec.	(Hance) Yin Z.Wang	(Hance)	Yin Z.Wang	Primulina eburnea	J. Syst. Evol.	49(1): 61	2011 [Jan 2011]			Gesneriaceae Chirita eburnea Hance				comb. nov.	1674-4918	10.1111/j.1759-6831.2010.00113.x	\N	\N	\N	\N	\N	\N	\N
77113175-1	1.1	Gesneriaceae		N	Primulina		N	gemella		spec.	(D.Wood) Yin Z.Wang	(D.Wood)	Yin Z.Wang	Primulina gemella	J. Syst. Evol.	49(1): 61	2011 [Jan 2011]			Gesneriaceae Chirita gemella D.Wood				comb. nov.	1674-4918	10.1111/j.1759-6831.2010.00113.x	\N	\N	\N	\N	\N	\N	\N
77113176-1	1.1	Gesneriaceae		N	Primulina		N	gueilinensis		spec.	(W.T.Wang) Yin Z.Wang & Yan Liu	(W.T.Wang)	Yin Z.Wang & Yan Liu	Primulina gueilinensis	J. Syst. Evol.	49(1): 61	2011 [Jan 2011]			Gesneriaceae Chirita gueilinensis W.T.Wang				comb. nov.	1674-4918	10.1111/j.1759-6831.2010.00113.x	\N	\N	\N	\N	\N	\N	\N
77113177-1	1.1	Gesneriaceae		N	Primulina		N	hedyotidea		spec.	(Chun) Yin Z.Wang	(Chun)	Yin Z.Wang	Primulina hedyotidea	J. Syst. Evol.	49(1): 61	2011 [Jan 2011]			Gesneriaceae Didymocarpus hedyotideus Chun				comb. nov.	1674-4918	10.1111/j.1759-6831.2010.00113.x	\N	\N	\N	\N	\N	\N	\N
77113178-1	1.1	Gesneriaceae		N	Primulina		N	heterotricha		spec.	(Merr.) Y.Dong & Yin Z.Wang	(Merr.)	Y.Dong & Yin Z.Wang	Primulina heterotricha	J. Syst. Evol.	49(1): 61	2011 [Jan 2011]			Gesneriaceae Chirita heterotricha Merr.				comb. nov.	1674-4918	10.1111/j.1759-6831.2010.00113.x	\N	\N	\N	\N	\N	\N	\N
77113179-1	1.1	Gesneriaceae		N	Primulina		N	jiuwanshanica		spec.	(W.T.Wang) Yin Z.Wang	(W.T.Wang)	Yin Z.Wang	Primulina jiuwanshanica	J. Syst. Evol.	49(1): 61	2011 [Jan 2011]			Gesneriaceae Chirita jiuwanshanica W.T.Wang				comb. nov.	1674-4918	10.1111/j.1759-6831.2010.00113.x	\N	\N	\N	\N	\N	\N	\N
77113180-1	1.1	Gesneriaceae		N	Primulina		N	langshanica		spec.	(W.T.Wang) Yin Z.Wang	(W.T.Wang)	Yin Z.Wang	Primulina langshanica	J. Syst. Evol.	49(1): 61	2011 [Jan 2011]			Gesneriaceae Chirita langshanica W.T.Wang				comb. nov.	1674-4918	10.1111/j.1759-6831.2010.00113.x	\N	\N	\N	\N	\N	\N	\N
77113181-1	1.1	Gesneriaceae		N	Primulina		N	laxiflora		spec.	(W.T.Wang) Yin Z.Wang	(W.T.Wang)	Yin Z.Wang	Primulina laxiflora	J. Syst. Evol.	49(1): 61	2011 [Jan 2011]			Gesneriaceae Chirita laxiflora W.T.Wang				comb. nov.	1674-4918	10.1111/j.1759-6831.2010.00113.x	\N	\N	\N	\N	\N	\N	\N
77113182-1	1.1	Gesneriaceae		N	Primulina		N	leiophylla		spec.	(W.T.Wang) Yin Z.Wang	(W.T.Wang)	Yin Z.Wang	Primulina leiophylla	J. Syst. Evol.	49(1): 61	2011 [Jan 2011]			Gesneriaceae Chirita leiophylla W.T.Wang				comb. nov.	1674-4918	10.1111/j.1759-6831.2010.00113.x	\N	\N	\N	\N	\N	\N	\N
77113183-1	1.1	Gesneriaceae		N	Primulina		N	linearifolia		spec.	(W.T.Wang) Yin Z.Wang	(W.T.Wang)	Yin Z.Wang	Primulina linearifolia	J. Syst. Evol.	49(1): 61	2011 [Jan 2011]			Gesneriaceae Chirita linearifolia W.T.Wang				comb. nov.	1674-4918	10.1111/j.1759-6831.2010.00113.x	\N	\N	\N	\N	\N	\N	\N
77113184-1	1.1	Gesneriaceae		N	Primulina		N	liujiangensis		spec.	(D.Fang & D.H.Qin) Yan Liu	(D.Fang & D.H.Qin)	Yan Liu	Primulina liujiangensis	J. Syst. Evol.	49(1): 61	2011 [Jan 2011]			Gesneriaceae Chirita liujiangensis D.Fang & D.H.Qin				comb. nov.	1674-4918	10.1111/j.1759-6831.2010.00113.x	\N	\N	\N	\N	\N	\N	\N
77113185-1	1.1	Gesneriaceae		N	Primulina		N	longii		spec.	(Z.Yu Li) Z.Yu Li	(Z.Yu Li)	Z.Yu Li	Primulina longii	J. Syst. Evol.	49(1): 61	2011 [Jan 2011]			Gesneriaceae Chirita longii Z.Yu Li				comb. nov.	1674-4918	10.1111/j.1759-6831.2010.00113.x	\N	\N	\N	\N	\N	\N	\N
77113186-1	1.1	Gesneriaceae		N	Primulina		N	minutimaculata		spec.	(D.Fang & W.T.Wang) Yin Z.Wang	(D.Fang & W.T.Wang)	Yin Z.Wang	Primulina minutimaculata	J. Syst. Evol.	49(1): 61	2011 [Jan 2011]			Gesneriaceae Chirita minutimaculata D.Fang & W.T.Wang				comb. nov.	1674-4918	10.1111/j.1759-6831.2010.00113.x	\N	\N	\N	\N	\N	\N	\N
77113187-1	1.1	Gesneriaceae		N	Primulina		N	mollifolia		spec.	(D.Fang & W.T.Wang) J.M.Li & Yin Z.Wang	(D.Fang & W.T.Wang)	J.M.Li & Yin Z.Wang	Primulina mollifolia	J. Syst. Evol.	49(1): 61	2011 [Jan 2011]			Gesneriaceae Chiritopsis mollifolia D.Fang & W.T.Wang				comb. nov.	1674-4918	10.1111/j.1759-6831.2010.00113.x	\N	\N	\N	\N	\N	\N	\N
77113188-1	1.1	Gesneriaceae		N	Primulina		N	ophiopogoides		spec.	(D.Fang & W.T.Wang) Yin Z.Wang	(D.Fang & W.T.Wang)	Yin Z.Wang	Primulina ophiopogoides	J. Syst. Evol.	49(1): 62	2011 [Jan 2011]			Gesneriaceae Chirita ophiopogoides D.Fang & W.T.Wang				comb. nov.	1674-4918	10.1111/j.1759-6831.2010.00113.x	\N	\N	\N	\N	\N	\N	\N
77113189-1	1.1	Gesneriaceae		N	Primulina		N	parvifolia		spec.	(W.T.Wang) Yin Z.Wang & J.M.Li	(W.T.Wang)	Yin Z.Wang & J.M.Li	Primulina parvifolia	J. Syst. Evol.	49(1): 62	2011 [Jan 2011]			Gesneriaceae Chirita parvifolia W.T.Wang				comb. nov.	1674-4918	10.1111/j.1759-6831.2010.00113.x	\N	\N	\N	\N	\N	\N	\N
77113190-1	1.1	Gesneriaceae		N	Primulina		N	pinnata		spec.	(W.T.Wang) Yin Z.Wang	(W.T.Wang)	Yin Z.Wang	Primulina pinnata	J. Syst. Evol.	49(1): 62	2011 [Jan 2011]			Gesneriaceae Chirita pinnata W.T.Wang				comb. nov.	1674-4918	10.1111/j.1759-6831.2010.00113.x	\N	\N	\N	\N	\N	\N	\N
77113191-1	1.1	Gesneriaceae		N	Primulina		N	pinnatifida		spec.	(Hand.-Mazz.) Yin Z.Wang	(Hand.-Mazz.)	Yin Z.Wang	Primulina pinnatifida	J. Syst. Evol.	49(1): 62	2011 [Jan 2011]			Gesneriaceae Didymocarpus pinnatifidus Hand.-Mazz.				comb. nov.	1674-4918	10.1111/j.1759-6831.2010.00113.x	\N	\N	\N	\N	\N	\N	\N
77113192-1	1.1	Gesneriaceae		N	Primulina		N	pteropoda		spec.	(W.T.Wang) Yan Liu	(W.T.Wang)	Yan Liu	Primulina pteropoda	J. Syst. Evol.	49(1): 62	2011 [Jan 2011]			Gesneriaceae Chirita pteropoda W.T.Wang				comb. nov.	1674-4918	10.1111/j.1759-6831.2010.00113.x	\N	\N	\N	\N	\N	\N	\N
77113193-1	1.1	Gesneriaceae		N	Primulina		N	renifolia		spec.	(D.Fang & D.H.Qin) J.M.Li & Yin Z.Wang	(D.Fang & D.H.Qin)	J.M.Li & Yin Z.Wang	Primulina renifolia	J. Syst. Evol.	49(1): 62	2011 [Jan 2011]			Gesneriaceae Wentsaiboea renifolia D.Fang & D.H.Qin				comb. nov.	1674-4918	10.1111/j.1759-6831.2010.00113.x	\N	\N	\N	\N	\N	\N	\N
77113194-1	1.1	Gesneriaceae		N	Primulina		N	sclerophylla		spec.	(W.T.Wang) Yan Liu	(W.T.Wang)	Yan Liu	Primulina sclerophylla	J. Syst. Evol.	49(1): 62	2011 [Jan 2011]			Gesneriaceae Chirita sclerophylla W.T.Wang				comb. nov.	1674-4918	10.1111/j.1759-6831.2010.00113.x	\N	\N	\N	\N	\N	\N	\N
77113195-1	1.1	Gesneriaceae		N	Primulina		N	shouchengensis		spec.	(Z.Yu Li) Z.Yu Li	(Z.Yu Li)	Z.Yu Li	Primulina shouchengensis	J. Syst. Evol.	49(1): 62	2011 [Jan 2011]			Gesneriaceae Chirita shouchengensis Z.Yu Li				comb. nov.	1674-4918	10.1111/j.1759-6831.2010.00113.x	\N	\N	\N	\N	\N	\N	\N
77113196-1	1.1	Gesneriaceae		N	Primulina		N	spinulosa		spec.	(D.Fang & W.T.Wang) Yin Z.Wang	(D.Fang & W.T.Wang)	Yin Z.Wang	Primulina spinulosa	J. Syst. Evol.	49(1): 62	2011 [Jan 2011]			Gesneriaceae Chirita spinulosa D.Fang & W.T.Wang				comb. nov.	1674-4918	10.1111/j.1759-6831.2010.00113.x	\N	\N	\N	\N	\N	\N	\N
77113197-1	1.2	Gesneriaceae		N	Primulina		N	subrhomboidea		spec.	(W.T.Wang) Yin Z.Wang	(W.T.Wang)	Yin Z.Wang	Primulina subrhomboidea	J. Syst. Evol.	49(1): 62	2011 [Jan 2011]			Gesneriaceae Chirita subrhomboidea W.T.Wang				comb. nov.	1674-4918	10.1111/j.1759-6831.2010.00113.x	\N	\N	\N	\N	\N	\N	\N
77113198-1	1.1	Gesneriaceae		N	Primulina		N	tenuifolia		spec.	(W.T.Wang) Yin Z.Wang	(W.T.Wang)	Yin Z.Wang	Primulina tenuifolia	J. Syst. Evol.	49(1): 62	2011 [Jan 2011]			Gesneriaceae Chirita tenuifolia W.T.Wang				comb. nov.	1674-4918	10.1111/j.1759-6831.2010.00113.x	\N	\N	\N	\N	\N	\N	\N
77113199-1	1.1	Gesneriaceae		N	Primulina		N	tenuituba		spec.	(W.T.Wang) Yin Z.Wang	(W.T.Wang)	Yin Z.Wang	Primulina tenuituba	J. Syst. Evol.	49(1): 62	2011 [Jan 2011]			Gesneriaceae Deltocheilos tenuitubum W.T.Wang				comb. nov.	1674-4918	10.1111/j.1759-6831.2010.00113.x	\N	\N	\N	\N	\N	\N	\N
77113200-1	1.1	Gesneriaceae		N	Primulina		N	varicolor		spec.	(D.Fang & D.H.Qin) Yin Z.Wang	(D.Fang & D.H.Qin)	Yin Z.Wang	Primulina varicolor	J. Syst. Evol.	49(1): 62	2011 [Jan 2011]			Gesneriaceae Chirita varicolor D.Fang & D.H.Qin				comb. nov.	1674-4918	10.1111/j.1759-6831.2010.00113.x	\N	\N	\N	\N	\N	\N	\N
77113201-1	1.1	Gesneriaceae		N	Primulina		N	wentsaii		spec.	(D.Fang & L.Zeng) Yin Z.Wang	(D.Fang & L.Zeng)	Yin Z.Wang	Primulina wentsaii	J. Syst. Evol.	49(1): 62	2011 [Jan 2011]			Gesneriaceae Chirita wentsaii D.Fang & L.Zeng				comb. nov.	1674-4918	10.1111/j.1759-6831.2010.00113.x	\N	\N	\N	\N	\N	\N	\N
77113202-1	1.1	Gesneriaceae		N	Primulina		N	sinensis		spec.	(Lindl.) Yin Z.Wang	(Lindl.)	Yin Z.Wang	Primulina sinensis	J. Syst. Evol.	49(1): 62	2011 [Jan 2011]	nom. illeg. later homonym		Gesneriaceae Chirita sinensis Lindl.				comb. nov.	1674-4918	10.1111/j.1759-6831.2010.00113.x	\N	\N	\N	\N	\N	\N	\N
77113203-1	1.1	Gesneriaceae		N	Primulina		N	medica		spec.	(D.Fang ex W.T.Wang) Yin Z.Wang	(D.Fang ex W.T.Wang)	Yin Z.Wang	Primulina medica	J. Syst. Evol.	49(1): 61	2011 [Jan 2011]			Gesneriaceae Chirita medica D.Fang ex W.T.Wang				comb. nov.	1674-4918	10.1111/j.1759-6831.2010.00113.x	\N	\N	\N	\N	\N	\N	\N
77130672-1	1.1	Asteraceae		N	Gynura		N	dissecta		spec.	(F.G.Davies) Vanij. & Kadereit	(F.G.Davies)	Vanij. & Kadereit	Gynura dissecta	J. Syst. Evol.	49(4): 293	2011		doi:10.1111/j.1759-6831.2011.00139.x	Asteraceae Gynura calciphila Kerr var. dissecta F.G.Davies				comb. et. stat. nov.	1674-4918	10.1111/j.1759-6831.2011.00139.x	\N	\N	\N	\N	\N	\N	\N
77130673-1	1.1	Asteraceae		N	Gynura		N	siamensis		spec.	Vanij. & Kadereit		Vanij. & Kadereit	Gynura siamensis	J. Syst. Evol.	49(4): 293	2011		doi:10.1111/j.1759-6831.2011.00139.x				Thailand (Indo-China, Asia-Tropical)	tax. nov.	1674-4918	10.1111/j.1759-6831.2011.00139.x	\N	\N	\N	\N	\N	\N	\N
77130674-1	1.2	Asteraceae		N	Gynura		N	annua		spec.	(F.G.Davies) Vanij. & Kadereit	(F.G.Davies)	Vanij. & Kadereit	Gynura annua	J. Syst. Evol.	49(4): 297	2011		"doi:10.1111/j.1759-6831.2011.00139.x  Citation of Kew Bull.  ""33: 637. 1978"" treated as correctable errors (Art. 46.6, Melbourne Code)"	Asteraceae Gynura procumbens Merr. var. annua F.G.Davies				comb. et. stat. nov.	1674-4918	\N	\N	\N	\N	\N	\N	\N	\N
77130675-1	1.2	Asteraceae		N	Gynura		N	villosa		spec.	Vanij. & Kadereit		Vanij. & Kadereit	Gynura villosa	J. Syst. Evol.	49(4): 302	2011	nom. inval.    without validatin	"Latin diagnostic character apparently omitted in error: ""Species G. albicaulis affinis,""  doi:10.1111/j.1759-6831.2011.00139.x"				Sarawak (Borneo, Malesia, Asia-Tropical)	tax. nov.	1674-4918	\N	\N	\N	\N	\N	\N	\N	\N
77130676-1	1.1	Asteraceae		N	Gynura		N	daviesiae		spec.	Vanij. & Kadereit		Vanij. & Kadereit	Gynura daviesiae	J. Syst. Evol.	49(4): 309	2011		doi:10.1111/j.1759-6831.2011.00139.x				Jawa (Malesia, Asia-Tropical)	tax. nov.	1674-4918	10.1111/j.1759-6831.2011.00139.x	\N	\N	\N	\N	\N	\N	\N
77130679-1	1.2	Asteraceae		N	Gynura		N	aurantiaca	parviflora	subsp.	(F.G.Davies) Vanij. & Kadereit	(F.G.Davies)	Vanij. & Kadereit	Gynura aurantiaca subsp. parviflora	J. Syst. Evol.	49(4): 313	2011		doi:10.1111/j.1759-6831.2011.00139.x	Asteraceae Gynura aurantiaca DC. var. parviflora F.G.Davies				stat. nov.	1674-4918	10.1111/j.1759-6831.2011.00139.x	\N	\N	\N	\N	\N	\N	\N
