1023111-2	1.3.2.1.1.1	Loasaceae		N	Nasa		N	triphylla	papaverifolia	subsp.	(Kunth) Weigend	(Kunth)	Weigend	Nasa triphylla subsp. papaverifolia	Revista Peru. Biol.	13(1): 82	2006 (1999; Oct 2006)		Weigend (Monogr. Syst. Bot. Missouri Bot. Gard. 75: 955. 30 Jul 1999) published the comb. nov. invalidly	Loasaceae Loasa papaverifolia Kunth		Loasaceae Loasa papaverifolia Kunth		comb. et. stat. nov.	1727-9933	\N	\N	\N	\N	http://www.scielo.org.pe/scielo.php?script=sci_arttext&pid=S1727-99332006000100003&lng=es&nrm=iso	http://www.scielo.org.pe/pdf/rpb/v13n1/a03v13n01.pdf	\N	\N
1072603-2	1.4.2.2.1.1	Loasaceae		N	Nasa		N	dyeri		spec.	(Urb. & Gilg) Weigend	(Urb. & Gilg)	Weigend	Nasa dyeri	Revista Peru. Biol.	13(1): 74	2006 (1999; Oct 2006)		Weigend (Monogr. Syst. Bot. Missouri Bot. Gard. 75: 954. 30 Jul 1999) published the comb. nov. invalidly.	Loasaceae Loasa dyeri Urb. & Gilg				comb. nov.	1727-9933	\N	\N	\N	\N	http://www.scielo.org.pe/scielo.php?script=sci_arttext&pid=S1727-99332006000100003&lng=es&nrm=iso	http://www.scielo.org.pe/pdf/rpb/v13n1/a03v13n01.pdf	\N	\N
1210951-2	1.3.2.2.1.1	Loasaceae		N	Nasa		N	triphylla		spec.	(Juss.) Weigend	(Juss.)	Weigend	Nasa triphylla	Revista Peru. Biol.	13(1): 82	2006 (1999; Oct 2006)			Loasaceae Loasa triphylla Juss.				comb. nov.	1727-9933	\N	\N	\N	\N	http://www.scielo.org.pe/scielo.php?script=sci_arttext&pid=S1727-99332006000100003&lng=es&nrm=iso	http://www.scielo.org.pe/pdf/rpb/v13n1/a03v13n01.pdf	\N	\N
1213929-2	1.3.2.1.1.1	Loasaceae		N	Nasa		N	triphylla	rudis	subsp.	(Benth.) Weigend	(Benth.)	Weigend	Nasa triphylla subsp. rudis	Revista Peru. Biol.	13(1): 82	2006 (1999; Oct 2006)		Weigend (Harvard Pap. Bot. 4(2): 453. 1999) published the comb. nov. invalidly.	Loasaceae Loasa rudis Benth.				comb. et. stat. nov.	1727-9933	\N	\N	\N	\N	http://www.scielo.org.pe/scielo.php?script=sci_arttext&pid=S1727-99332006000100003&lng=es&nrm=iso	http://www.scielo.org.pe/pdf/rpb/v13n1/a03v13n01.pdf	\N	\N
319184-2	1.3.2.1.1.1	Loasaceae		N	Nasa		N	triphylla	lutescens	subsp.	Weigend & Dostert		Weigend & Dostert	Nasa triphylla subsp. lutescens	Revista Peru. Biol.	13(1): 82	2006 (1999; Oct 2006)		Weigend & Dostert (Harvard Pap. Bot. 4(2): 453 (451-453). Dec 1999) published the name invalidly.				Mollococha, 10 km W of Vilcabamba, 1600 m, Loja (Ecuador, Western South America, Southern America)	tax. nov.	1727-9933	\N	\N	\N	\N	http://www.scielo.org.pe/scielo.php?script=sci_arttext&pid=S1727-99332006000100003&lng=es&nrm=iso	http://www.scielo.org.pe/pdf/rpb/v13n1/a03v13n01.pdf	\N	\N
319504-2	1.2.2.1.1.1	Loasaceae		N	Nasa		N	triphylla	colonchensis	subsp.	Weigend		Weigend	Nasa triphylla subsp. colonchensis	Revista Peru. Biol.	13(1): 81	2006 (1999; Oct 2006)		Weigend (Harvard Pap. Bot. 4(2): 454 (fig. 5F-I). Dec 1999) published the name invalidly.				Cordillera de Colonche above Dos Mangas, 600 m, Guayas (Ecuador, Western South America, Southern America)	tax. nov.	1727-9933	\N	\N	\N	\N	http://www.scielo.org.pe/scielo.php?script=sci_arttext&pid=S1727-99332006000100003&lng=es&nrm=iso	http://www.scielo.org.pe/pdf/rpb/v13n1/a03v13n01.pdf	\N	\N
319505-2	1.3.2.2.1.1	Loasaceae		N	Nasa		N	triphylla	flavipes	subsp.	Weigend & Dostert		Weigend & Dostert	Nasa triphylla subsp. flavipes	Revista Peru. Biol.	13(1): 82	2006 (1999; Oct 2006)		Weigend & Dostert (Harvard Pap. Bot. 4(2): 456 (figs. 1B, 4H, 5A-E). Dec 1999) published the name invalidly.				Quebrada W of Huancabamba, 1800 m, Huancabamba (Piura, Peru, Western South America, Southern America)	tax. nov.	1727-9933	\N	\N	\N	\N	http://www.scielo.org.pe/scielo.php?script=sci_arttext&pid=S1727-99332006000100003&lng=es&nrm=iso	http://www.scielo.org.pe/pdf/rpb/v13n1/a03v13n01.pdf	\N	\N
319509-2	1.3.2.1.1.1	Loasaceae		N	Nasa		N	triphylla	loxensis	subsp.	Dostert & Weigend		Dostert & Weigend	Nasa triphylla subsp. loxensis	Revista Peru. Biol.	13(1): 82	2006 (1999; Oct 2006)		Weigend & Dostert (Harvard Pap. Bot. 4(2): 454 (fig. 2D). Dec 1999) published the name invalidly				Road from Loja to Zamora, Quebrada Zurita, 2000-2100 m, Zamora-Chinchipe (Ecuador, Western South America, Southern America)	tax. nov.	1727-9933	\N	\N	\N	\N	http://www.scielo.org.pe/scielo.php?script=sci_arttext&pid=S1727-99332006000100003&lng=es&nrm=iso	http://www.scielo.org.pe/pdf/rpb/v13n1/a03v13n01.pdf	\N	\N
319510-2	1.3.2.2.1.1	Loasaceae		N	Nasa		N	triphylla	elegans	subsp.	Dostert & Weigend		Dostert & Weigend	Nasa triphylla subsp. elegans	Revista Peru. Biol.	13(1): 81	2006 (1999; Oct 2006)		Weigend & Dostert (Harvard Pap. Bot. 4(2): 456 (-457; figs. 1A, 2E, 6). Dec 1999) published the name invalidly.				Buenos Aires, along road to Rioja, between Buenos Aires and Esperanza (km 57.5), 1900 m, Bongará (Amazonas, Peru, Western South America, Southern America)	tax. nov.	1727-9933	\N	\N	\N	\N	http://www.scielo.org.pe/scielo.php?script=sci_arttext&pid=S1727-99332006000100003&lng=es&nrm=iso	http://www.scielo.org.pe/pdf/rpb/v13n1/a03v13n01.pdf	\N	\N
319513-2	1.3.2.2.1.1	Loasaceae		N	Nasa		N	dyeri	australis	subsp.	Dostert & Weigend		Dostert & Weigend	Nasa dyeri subsp. australis	Revista Peru. Biol.	13(1): 74	2006 (1999; Oct 2006)		Weigend & Dostert (Harvard Pap. Bot. 4(2): 467 (figs. 1H, 2F, 3E-F, 9A-E). Dec 1999] published the name invalidly.				Trail from La Peca to El Arenal, 1200 m, Bagua (Amazonas, Peru, Western South America, Southern America)	tax. nov.	1727-9933	\N	\N	\N	\N	http://www.scielo.org.pe/scielo.php?script=sci_arttext&pid=S1727-99332006000100003&lng=es&nrm=iso	http://www.scielo.org.pe/pdf/rpb/v13n1/a03v13n01.pdf	\N	\N
60438000-2	1.1	Polypodiaceae		N	Campyloneurum		N	amazonense		spec.	B.León		B.León	Campyloneurum amazonense	Revista Peru. Biol.	11(2): 135 (-137; fig. 1)	2004		"as ""amazonensis""; pdf file of the publication seen."				Amazonas (Peru, Western South America, Southern America)	tax. nov.	1727-9933	\N	\N	\N	\N	\N	\N	\N	\N
60448415-2	1.1	Asteraceae		N	Ophryosporus		N	marchii		spec.	Sagást. & E.Rodr.		Sagást. & E.Rodr.	Ophryosporus marchii	Revista Peru. Biol.	15(1): 21 (-23; fig. 1)	2008 [Jul 2008]		"[pdf file vidi] Etymology: dedicated to Juan March Ordinas (1860-1962), for his support to Juan March Institute, Madrid. ""This new species is apparently endemic to the province of Contumaza and closest relative to O. sagasteguii H. Rob."" (vide abstract				Contumazá (Cajamarca, Peru, Western South America, Southern America)	tax. nov.	1727-9933	\N	\N	\N	\N	\N	\N	\N	\N
60450125-2	1.1	Alstroemeriaceae		N	Bomarea		N	amazonica		spec.	Hofreiter & E.Rodr.		Hofreiter & E.Rodr.	Bomarea amazonica	Revista Peru. Biol.	13(1): 25 (figs. 3A; 34B, E; distribution 34C)	2006 [Oct 2006]						Bongará (Amazonas, Peru, Western South America, Southern America)	tax. nov.	1727-9933	\N	\N	\N	\N	\N	\N	\N	\N
60450126-2	1.2	Alstroemeriaceae		N	Bomarea		N	lopezii		spec.	Hofreiter & E.Rodr.		Hofreiter & E.Rodr.	Bomarea lopezii	Revista Peru. Biol.	13(1): 37 (fig. 33a A, B, C; distribution 33a D)	2006 [Oct 2006]						Peru (Western South America, Southern America)	tax. nov.	1727-9933	\N	\N	\N	\N	\N	\N	\N	\N
60450127-2	1.1	Alstroemeriaceae		N	Bomarea		N	macusanii		spec.	Hofreiter & E.Rodr.		Hofreiter & E.Rodr.	Bomarea macusanii	Revista Peru. Biol.	13(1): 37 (-38; fig. 2E; 34A, D; distribution 34C)	2006 [Oct 2006]						Puno (Peru, Western South America, Southern America)	tax. nov.	1727-9933	\N	\N	\N	\N	\N	\N	\N	\N
60450128-2	1.1	Alstroemeriaceae		N	Bomarea		N	pseudopurpurea		spec.	Hofreiter & E.Rodr.		Hofreiter & E.Rodr.	Bomarea pseudopurpurea	Revista Peru. Biol.	13(1): 41 (fig. 3F; 37A, B; distribution 37C)	2006 [Oct 2006]						Huánuco (Peru, Western South America, Southern America)	tax. nov.	1727-9933	\N	\N	\N	\N	\N	\N	\N	\N
60450129-2	1.1	Alstroemeriaceae		N	Bomarea		N	weigendii		spec.	Hofreiter & E.Rodr.		Hofreiter & E.Rodr.	Bomarea weigendii	Revista Peru. Biol.	13(1): 45 (-46; fig. 2C; 41B, D; distribution 40C)	2006 [Oct 2006]						Ayacucho (Peru, Western South America, Southern America)	tax. nov.	1727-9933	\N	\N	\N	\N	\N	\N	\N	\N
60450130-2	1.1	Alstroemeriaceae		N	Bomarea		N	libertadensis		spec.	Hofreiter & E.Rodr.		Hofreiter & E.Rodr.	Bomarea libertadensis	Revista Peru. Biol.	13(1): 61 (-62; fig. 54A, B; distribution 54C)	2006 [Oct 2006]						La Libertad (Peru, Western South America, Southern America)	tax. nov.	1727-9933	\N	\N	\N	\N	\N	\N	\N	\N
60450131-2	1.1	Brassicaceae		N	Lepidium		N	peruvianum		spec.	G.Chacón		G.Chacón	Lepidium peruvianum	Revista Peru. Biol.	3(2): 202 (193-212)	1990						Pasco (Peru, Western South America, Southern America)	tax. nov.	1727-9933	\N	\N	\N	\N	\N	\N	\N	\N
60456493-2	1.1	Melastomataceae		N	Axinaea		N	wurdackii		spec.	Sagást., S.J.Arroyo & E.Rodr.		Sagást., S.J.Arroyo & E.Rodr.	Axinaea wurdackii	Revista Peru. Biol.	17(2): 145 (-149; figs. 1-2)	2010 [Aug 2010]		"Eponymy: ""Los autores tienen el honor y privilegio de dedicar este hallazgo al botánico estadounidense Dr. John J. Wurdack (1921-1998) (US), asociando de este modo a la nueva entidad con el estudioso de la Flora del Perú y especialista en la familia Mel				Contumazá (Cajamarca, Peru, Western South America, Southern America)	tax. nov.	1727-9933	\N	\N	\N	\N	\N	\N	\N	\N
60457896-2	1.1	Ranunculaceae		N	Thalictrum		N	peruvianum		spec.	Trinidad & A.Cano		Trinidad & A.Cano	Thalictrum peruvianum	Revista Peru. Biol.	18(3): 271 (-274; figs. 1-2)	2012 [Dec 2011; issued 8 Feb 201						Lima (Peru, Western South America, Southern America)	tax. nov.	1727-9933	\N	\N	\N	\N	\N	\N	\N	\N
60459494-2	1.1	Lamiaceae		N	Salvia		N	vargas-llosae		spec.	Sagást. & E.Rodr.		Sagást. & E.Rodr.	Salvia vargas-llosae	Revista Peru. Biol.	19(2): 139, fig. 1A-H	2012 [Aug ? 2012]		"Etymology: ""La nominación de este taxón nuevo para la ciencia la asociamos con el Premio Nobel de Literatura 2010 el peruano Dr. Mario Vargas Llosa para felicitarlo y adherirnos a su prestigio universal, a quien rogamos acepte esta forma de hacerlo en c				Cajamarca (Peru, Western South America, Southern America)	tax. nov.	1727-9933	\N	\N	\N	\N	\N	\N	\N	\N
60459495-2	1.1	Solanaceae		N	Deprea		N	oxapampensis		spec.	M.A.Cueva & Treviño		M.A.Cueva & Treviño	Deprea oxapampensis	Revista Peru. Biol.	19(2): 144, fig. 1	2012 [Aug ? 2012]						Pasco (Peru, Western South America, Southern America)	tax. nov.	1727-9933	\N	\N	\N	\N	\N	\N	\N	\N
60459625-2	1.1	Lamiaceae		N	Salvia		N	hunzikeri		spec.	A.Granda		A.Granda	Salvia hunzikeri	Revista Peru. Biol.	17(2): 151, fig. 1	2010 [Aug ? 2010]		Eponymy: Armando T. Hunziker (1919-2001).				Tayacaja (Huancavelica, Peru, Western South America, Southern America)	tax. nov.	1727-9933	\N	\N	\N	\N	\N	\N	\N	\N
77095571-1	1.2	Urticaceae		N	Urtica		N	urentivelutina		spec.	Weigend		Weigend	Urtica urentivelutina	Revista Peru. Biol.	12(2): 253 (-254; fig. 2)	2006 [Oct 2006]						Peru (Western South America, Southern America)	tax. nov.	1727-9933	\N	\N	\N	\N	\N	\N	\N	\N
77095572-1	1.2	Urticaceae		N	Urtica		N	lalibertadensis		spec.	Weigend		Weigend	Urtica lalibertadensis	Revista Peru. Biol.	12(2): 259 (-260; figs. 5-6)	2006 [Oct 2006]						Peru (Western South America, Southern America)	tax. nov.	1727-9933	\N	\N	\N	\N	\N	\N	\N	\N
77095573-1	1.2	Grossulariaceae		N	Ribes		N	colandina		spec.	Weigend		Weigend	Ribes colandina	Revista Peru. Biol.	12(2): 263 (-265; figs. 7-8)	2006 [Oct 2006]						Peru (Western South America, Southern America)	tax. nov.	1727-9933	\N	\N	\N	\N	\N	\N	\N	\N
77095574-1	1.2	Grossulariaceae		N	Ribes		N	sanchezii		spec.	Weigend		Weigend	Ribes sanchezii	Revista Peru. Biol.	12(2): 265 (-266; figs. 9-10)	2006 [Oct 2006]						Peru (Western South America, Southern America)	tax. nov.	1727-9933	\N	\N	\N	\N	\N	\N	\N	\N
77095575-1	1.2	Grossulariaceae		N	Ribes		N	contumazensis		spec.	Weigend		Weigend	Ribes contumazensis	Revista Peru. Biol.	12(2): 266 (-267; fig. 11)	2006 [Oct 2006]						Peru (Western South America, Southern America)	tax. nov.	1727-9933	\N	\N	\N	\N	\N	\N	\N	\N
77096649-1	1.1	Loasaceae		N	Aosa		N	sigmoidea		spec.	Weigend		Weigend	Aosa sigmoidea	Revista Peru. Biol.	13(1): 71	2006 [Oct 2006]						Minas Gerais (Brazil Southeast, Brazil, Southern America)	tax. nov.	1727-9933	\N	\N	\N	\N	http://www.scielo.org.pe/scielo.php?script=sci_arttext&pid=S1727-99332006000100003&lng=es&nrm=iso	http://www.scielo.org.pe/pdf/rpb/v13n1/a03v13n01.pdf	\N	\N
77096650-1	1.1	Loasaceae		N	Nasa		N	aequatoriana		spec.	(Urb. & Gilg) Weigend	(Urb. & Gilg)	Weigend	Nasa aequatoriana	Revista Peru. Biol.	13(1): 71	2006 [Oct 2006]			Loasaceae Loasa triphylla Ruiz & Pav. var. aequatoriana Urb. & Gilg				comb. nov.	1727-9933	\N	\N	\N	\N	http://www.scielo.org.pe/scielo.php?script=sci_arttext&pid=S1727-99332006000100003&lng=es&nrm=iso	http://www.scielo.org.pe/pdf/rpb/v13n1/a03v13n01.pdf	\N	\N
77096651-1	1.1	Loasaceae		N	Nasa		N	amaluzensis		spec.	(Weigend) Weigend	(Weigend)	Weigend	Nasa amaluzensis	Revista Peru. Biol.	13(1): 72	2006 [Oct 2006]			Loasaceae Loasa amaluzensis Weigend				comb. nov.	1727-9933	\N	\N	\N	\N	http://www.scielo.org.pe/scielo.php?script=sci_arttext&pid=S1727-99332006000100003&lng=es&nrm=iso	http://www.scielo.org.pe/pdf/rpb/v13n1/a03v13n01.pdf	\N	\N
77096652-1	1.1	Loasaceae		N	Nasa		N	anderssonii		spec.	Weigend		Weigend	Nasa anderssonii	Revista Peru. Biol.	13(1): 72	2006 [Oct 2006]						Ecuador (Western South America, Southern America)	tax. nov.	1727-9933	\N	\N	\N	\N	http://www.scielo.org.pe/scielo.php?script=sci_arttext&pid=S1727-99332006000100003&lng=es&nrm=iso	http://www.scielo.org.pe/pdf/rpb/v13n1/a03v13n01.pdf	\N	\N
77096653-1	1.1	Loasaceae		N	Nasa		N	argemonoides		spec.	(Juss.) Weigend	(Juss.)	Weigend	Nasa argemonoides	Revista Peru. Biol.	13(1): 72	2006 [Oct 2006]			Loasaceae Loasa argemonoides Juss.				comb. nov.	1727-9933	\N	\N	\N	\N	http://www.scielo.org.pe/scielo.php?script=sci_arttext&pid=S1727-99332006000100003&lng=es&nrm=iso	http://www.scielo.org.pe/pdf/rpb/v13n1/a03v13n01.pdf	\N	\N
77096654-1	1.1	Loasaceae		N	Nasa		N	aspiazui		spec.	(J.F.Macbr.) Weigend	(J.F.Macbr.)	Weigend	Nasa aspiazui	Revista Peru. Biol.	13(1): 72	2006 [Oct 2006]			Loasaceae Loasa aspiazui J.F.Macbr.				comb. nov.	1727-9933	\N	\N	\N	\N	http://www.scielo.org.pe/scielo.php?script=sci_arttext&pid=S1727-99332006000100003&lng=es&nrm=iso	http://www.scielo.org.pe/pdf/rpb/v13n1/a03v13n01.pdf	\N	\N
77096655-1	1.1	Loasaceae		N	Nasa		N	asplundii		spec.	Weigend		Weigend	Nasa asplundii	Revista Peru. Biol.	13(1): 72	2006 [Oct 2006]						Ecuador (Western South America, Southern America)	tax. nov.	1727-9933	\N	\N	\N	\N	http://www.scielo.org.pe/scielo.php?script=sci_arttext&pid=S1727-99332006000100003&lng=es&nrm=iso	http://www.scielo.org.pe/pdf/rpb/v13n1/a03v13n01.pdf	\N	\N
77096656-1	1.1	Loasaceae		N	Nasa		N	auca		spec.	(Weigend) Weigend	(Weigend)	Weigend	Nasa auca	Revista Peru. Biol.	13(1): 72	2006 [Oct 2006]			Loasaceae Loasa auca Weigend				comb. nov.	1727-9933	\N	\N	\N	\N	http://www.scielo.org.pe/scielo.php?script=sci_arttext&pid=S1727-99332006000100003&lng=es&nrm=iso	http://www.scielo.org.pe/pdf/rpb/v13n1/a03v13n01.pdf	\N	\N
77096657-1	1.1	Loasaceae		N	Nasa		N	bicornuta		spec.	(Weigend) Weigend	(Weigend)	Weigend	Nasa bicornuta	Revista Peru. Biol.	13(1): 72	2006 [Oct 2006]			Loasaceae Loasa bicornuta Weigend				comb. nov.	1727-9933	\N	\N	\N	\N	http://www.scielo.org.pe/scielo.php?script=sci_arttext&pid=S1727-99332006000100003&lng=es&nrm=iso	http://www.scielo.org.pe/pdf/rpb/v13n1/a03v13n01.pdf	\N	\N
77096658-1	1.1	Loasaceae		N	Nasa		N	callacallensis		spec.	Weigend & E.Rodr.		Weigend & E.Rodr.	Nasa callacallensis	Revista Peru. Biol.	13(1): 72	2006 [Oct 2006]						Peru (Western South America, Southern America)	tax. nov.	1727-9933	\N	\N	\N	\N	http://www.scielo.org.pe/scielo.php?script=sci_arttext&pid=S1727-99332006000100003&lng=es&nrm=iso	http://www.scielo.org.pe/pdf/rpb/v13n1/a03v13n01.pdf	\N	\N
77096659-1	1.1	Loasaceae		N	Nasa		N	campaniflora		spec.	(Triana & Planch. ex Urb. & Gilg) Weigend	(Triana & Planch. ex Urb. & Gilg)	Weigend	Nasa campaniflora	Revista Peru. Biol.	13(1): 72	2006 [Oct 2006]			Loasaceae Loasa campaniflora Triana & Planch. ex Urb. & Gilg				comb. nov.	1727-9933	\N	\N	\N	\N	http://www.scielo.org.pe/scielo.php?script=sci_arttext&pid=S1727-99332006000100003&lng=es&nrm=iso	http://www.scielo.org.pe/pdf/rpb/v13n1/a03v13n01.pdf	\N	\N
77096660-1	1.1	Loasaceae		N	Nasa		N	carnea		spec.	(Urb. & Gilg) Weigend	(Urb. & Gilg)	Weigend	Nasa carnea	Revista Peru. Biol.	13(1): 73	2006 [Oct 2006]			Loasaceae Loasa carnea Urb. & Gilg				comb. nov.	1727-9933	\N	\N	\N	\N	http://www.scielo.org.pe/scielo.php?script=sci_arttext&pid=S1727-99332006000100003&lng=es&nrm=iso	http://www.scielo.org.pe/pdf/rpb/v13n1/a03v13n01.pdf	\N	\N
77096661-1	1.1	Loasaceae		N	Nasa		N	carunculata		spec.	(Urb. & Gilg) Weigend	(Urb. & Gilg)	Weigend	Nasa carunculata	Revista Peru. Biol.	13(1): 73	2006 [Oct 2006]			Loasaceae Loasa carunculata Urb. & Gilg				comb. nov.	1727-9933	\N	\N	\N	\N	http://www.scielo.org.pe/scielo.php?script=sci_arttext&pid=S1727-99332006000100003&lng=es&nrm=iso	http://www.scielo.org.pe/pdf/rpb/v13n1/a03v13n01.pdf	\N	\N
77096662-1	1.1	Loasaceae		N	Nasa		N	chenopodiifolia		spec.	(Desr.) Weigend	(Desr.)	Weigend	Nasa chenopodiifolia	Revista Peru. Biol.	13(1): 73	2006 [Oct 2006]			Loasaceae Loasa chenopodiifolia Desr.				comb. nov.	1727-9933	\N	\N	\N	\N	http://www.scielo.org.pe/scielo.php?script=sci_arttext&pid=S1727-99332006000100003&lng=es&nrm=iso	http://www.scielo.org.pe/pdf/rpb/v13n1/a03v13n01.pdf	\N	\N
77096663-1	1.1	Loasaceae		N	Nasa		N	colanii		spec.	Dostert & Weigend		Dostert & Weigend	Nasa colanii	Revista Peru. Biol.	13(1): 73	2006 [Oct 2006]						Peru (Western South America, Southern America)	tax. nov.	1727-9933	\N	\N	\N	\N	http://www.scielo.org.pe/scielo.php?script=sci_arttext&pid=S1727-99332006000100003&lng=es&nrm=iso	http://www.scielo.org.pe/pdf/rpb/v13n1/a03v13n01.pdf	\N	\N
77096664-1	1.2	Loasaceae		N	Nasa		N	connectans		spec.	Weigend		Weigend	Nasa connectans	Revista Peru. Biol.	13(1): 73	2006 [Oct 2006]						Ecuador (Western South America, Southern America)	tax. nov.	1727-9933	\N	\N	\N	\N	http://www.scielo.org.pe/scielo.php?script=sci_arttext&pid=S1727-99332006000100003&lng=es&nrm=iso	http://www.scielo.org.pe/pdf/rpb/v13n1/a03v13n01.pdf	\N	\N
77096665-1	1.1	Loasaceae		N	Nasa		N	contumazensis		spec.	Weigend & E.Rodr.		Weigend & E.Rodr.	Nasa contumazensis	Revista Peru. Biol.	13(1): 73	2006 [Oct 2006]						Peru (Western South America, Southern America)	tax. nov.	1727-9933	\N	\N	\N	\N	http://www.scielo.org.pe/scielo.php?script=sci_arttext&pid=S1727-99332006000100003&lng=es&nrm=iso	http://www.scielo.org.pe/pdf/rpb/v13n1/a03v13n01.pdf	\N	\N
77096666-1	1.1	Loasaceae		N	Nasa		N	cymbopetala		spec.	(Urb. & Gilg) Weigend	(Urb. & Gilg)	Weigend	Nasa cymbopetala	Revista Peru. Biol.	13(1): 73	2006 [Oct 2006]			Loasaceae Loasa cymbopetala Urb. & Gilg				comb. nov.	1727-9933	\N	\N	\N	\N	http://www.scielo.org.pe/scielo.php?script=sci_arttext&pid=S1727-99332006000100003&lng=es&nrm=iso	http://www.scielo.org.pe/pdf/rpb/v13n1/a03v13n01.pdf	\N	\N
77096680-1	1.1	Loasaceae		N	Nasa		N	dillonii		spec.	Weigend		Weigend	Nasa dillonii	Revista Peru. Biol.	13(1): 74	2006 [Oct 2006]						Peru (Western South America, Southern America)	tax. nov.	1727-9933	\N	\N	\N	\N	http://www.scielo.org.pe/scielo.php?script=sci_arttext&pid=S1727-99332006000100003&lng=es&nrm=iso	http://www.scielo.org.pe/pdf/rpb/v13n1/a03v13n01.pdf	\N	\N
77096681-1	1.1	Loasaceae		N	Nasa		N	dolichostemon		spec.	(Urb. & Gilg) Weigend	(Urb. & Gilg)	Weigend	Nasa dolichostemon	Revista Peru. Biol.	13(1): 74	2006 [Oct 2006]			Loasaceae Loasa dolichostemon Urb. & Gilg				comb. nov.	1727-9933	\N	\N	\N	\N	http://www.scielo.org.pe/scielo.php?script=sci_arttext&pid=S1727-99332006000100003&lng=es&nrm=iso	http://www.scielo.org.pe/pdf/rpb/v13n1/a03v13n01.pdf	\N	\N
77096682-1	1.1	Loasaceae		N	Nasa		N	ferox		spec.	Weigend		Weigend	Nasa ferox	Revista Peru. Biol.	13(1): 74	2006 [Oct 2006]						Ecuador (Western South America, Southern America)	tax. nov.	1727-9933	\N	\N	\N	\N	http://www.scielo.org.pe/scielo.php?script=sci_arttext&pid=S1727-99332006000100003&lng=es&nrm=iso	http://www.scielo.org.pe/pdf/rpb/v13n1/a03v13n01.pdf	\N	\N
77096683-1	1.1	Loasaceae		N	Nasa		N	ferruginea		spec.	(Urb. & Gilg) Weigend	(Urb. & Gilg)	Weigend	Nasa ferruginea	Revista Peru. Biol.	13(1): 74	2006 [Oct 2006]			Loasaceae Loasa ferruginea Urb. & Gilg				comb. nov.	1727-9933	\N	\N	\N	\N	http://www.scielo.org.pe/scielo.php?script=sci_arttext&pid=S1727-99332006000100003&lng=es&nrm=iso	http://www.scielo.org.pe/pdf/rpb/v13n1/a03v13n01.pdf	\N	\N
77096684-1	1.2	Loasaceae		N	Nasa		N	formosissima		spec.	Weigend		Weigend	Nasa formosissima	Revista Peru. Biol.	13(1): 74 (-75)	2006 [Oct 2006]						Peru (Western South America, Southern America)	tax. nov.	1727-9933	\N	\N	\N	\N	http://www.scielo.org.pe/scielo.php?script=sci_arttext&pid=S1727-99332006000100003&lng=es&nrm=iso	http://www.scielo.org.pe/pdf/rpb/v13n1/a03v13n01.pdf	\N	\N
77096685-1	1.1	Loasaceae		N	Nasa		N	glabra		spec.	(Weigend) Weigend	(Weigend)	Weigend	Nasa glabra	Revista Peru. Biol.	13(1): 75	2006 [Oct 2006]			Loasaceae Loasa glabra Weigend				comb. nov.	1727-9933	\N	\N	\N	\N	http://www.scielo.org.pe/scielo.php?script=sci_arttext&pid=S1727-99332006000100003&lng=es&nrm=iso	http://www.scielo.org.pe/pdf/rpb/v13n1/a03v13n01.pdf	\N	\N
77096686-1	1.1	Loasaceae		N	Nasa		N	glandulosissima		spec.	Weigend		Weigend	Nasa glandulosissima	Revista Peru. Biol.	13(1): 75	2006 [Oct 2006]						Peru (Western South America, Southern America)	tax. nov.	1727-9933	\N	\N	\N	\N	http://www.scielo.org.pe/scielo.php?script=sci_arttext&pid=S1727-99332006000100003&lng=es&nrm=iso	http://www.scielo.org.pe/pdf/rpb/v13n1/a03v13n01.pdf	\N	\N
77096687-1	1.1	Loasaceae		N	Nasa		N	grandiflora		spec.	(Desr.) Weigend	(Desr.)	Weigend	Nasa grandiflora	Revista Peru. Biol.	13(1): 75	2006 [Oct 2006]			Loasaceae Loasa grandiflora Desr.				comb. nov.	1727-9933	\N	\N	\N	\N	http://www.scielo.org.pe/scielo.php?script=sci_arttext&pid=S1727-99332006000100003&lng=es&nrm=iso	http://www.scielo.org.pe/pdf/rpb/v13n1/a03v13n01.pdf	\N	\N
77096688-1	1.1	Loasaceae		N	Nasa		N	herzogii		spec.	(Urb. & Gilg) Weigend	(Urb. & Gilg)	Weigend	Nasa herzogii	Revista Peru. Biol.	13(1): 75	2006 [Oct 2006]			Loasaceae Loasa herzogii Urb. & Gilg				comb. nov.	1727-9933	\N	\N	\N	\N	http://www.scielo.org.pe/scielo.php?script=sci_arttext&pid=S1727-99332006000100003&lng=es&nrm=iso	http://www.scielo.org.pe/pdf/rpb/v13n1/a03v13n01.pdf	\N	\N
77096689-1	1.1	Loasaceae		N	Nasa		N	hornii		spec.	(Weigend) Weigend	(Weigend)	Weigend	Nasa hornii	Revista Peru. Biol.	13(1): 75	2006 [Oct 2006]			Loasaceae Loasa hornii Weigend				comb. nov.	1727-9933	\N	\N	\N	\N	http://www.scielo.org.pe/scielo.php?script=sci_arttext&pid=S1727-99332006000100003&lng=es&nrm=iso	http://www.scielo.org.pe/pdf/rpb/v13n1/a03v13n01.pdf	\N	\N
77096690-1	1.1	Loasaceae		N	Nasa		N	humboldtiana		spec.	(Urb. & Gilg) Weigend	(Urb. & Gilg)	Weigend	Nasa humboldtiana	Revista Peru. Biol.	13(1): 75	2006 [Oct 2006]			Loasaceae Loasa humboldtiana Urb. & Gilg				comb. nov.	1727-9933	\N	\N	\N	\N	http://www.scielo.org.pe/scielo.php?script=sci_arttext&pid=S1727-99332006000100003&lng=es&nrm=iso	http://www.scielo.org.pe/pdf/rpb/v13n1/a03v13n01.pdf	\N	\N
77096710-1	1.1	Loasaceae		N	Nasa		N	humboldtiana	obliqua	subsp.	Dostert & Weigend		Dostert & Weigend	Nasa humboldtiana subsp. obliqua	Revista Peru. Biol.	13(1): 75	2006 [Oct 2006]						Peru (Western South America, Southern America)	tax. nov.	1727-9933	\N	\N	\N	\N	http://www.scielo.org.pe/scielo.php?script=sci_arttext&pid=S1727-99332006000100003&lng=es&nrm=iso	http://www.scielo.org.pe/pdf/rpb/v13n1/a03v13n01.pdf	\N	\N
77096711-1	1.1	Loasaceae		N	Nasa		N	humboldtiana	roseoalba	subsp.	(Weigend) Dostert	(Weigend)	Dostert	Nasa humboldtiana subsp. roseoalba	Revista Peru. Biol.	13(1): 75	2006 [Oct 2006]			Loasaceae Loasa roseoalba Weigend				comb. et. stat. nov.	1727-9933	\N	\N	\N	\N	http://www.scielo.org.pe/scielo.php?script=sci_arttext&pid=S1727-99332006000100003&lng=es&nrm=iso	http://www.scielo.org.pe/pdf/rpb/v13n1/a03v13n01.pdf	\N	\N
77096712-1	1.1	Loasaceae		N	Nasa		N	humboldtiana	tricolor	subsp.	Dostert & Weigend		Dostert & Weigend	Nasa humboldtiana subsp. tricolor	Revista Peru. Biol.	13(1): 76	2006 [Oct 2006]						Peru (Western South America, Southern America)	tax. nov.	1727-9933	\N	\N	\N	\N	http://www.scielo.org.pe/scielo.php?script=sci_arttext&pid=S1727-99332006000100003&lng=es&nrm=iso	http://www.scielo.org.pe/pdf/rpb/v13n1/a03v13n01.pdf	\N	\N
77096713-1	1.2	Loasaceae		N	Nasa		N	insignis		spec.	Weigend & E.Rodr.		Weigend & E.Rodr.	Nasa insignis	Revista Peru. Biol.	13(1): 76	2006 [Oct 2006]						Peru (Western South America, Southern America)	tax. nov.	1727-9933	\N	\N	\N	\N	http://www.scielo.org.pe/scielo.php?script=sci_arttext&pid=S1727-99332006000100003&lng=es&nrm=iso	http://www.scielo.org.pe/pdf/rpb/v13n1/a03v13n01.pdf	\N	\N
77096714-1	1.1	Loasaceae		N	Nasa		N	karsteniana		spec.	(Urb. & Gilg) Weigend	(Urb. & Gilg)	Weigend	Nasa karsteniana	Revista Peru. Biol.	13(1): 76	2006 [Oct 2006]			Loasaceae Loasa karsteniana Urb. & Gilg				comb. nov.	1727-9933	\N	\N	\N	\N	http://www.scielo.org.pe/scielo.php?script=sci_arttext&pid=S1727-99332006000100003&lng=es&nrm=iso	http://www.scielo.org.pe/pdf/rpb/v13n1/a03v13n01.pdf	\N	\N
77096715-1	1.1	Loasaceae		N	Nasa		N	lehmanniana		spec.	(Urb. & Gilg) Weigend	(Urb. & Gilg)	Weigend	Nasa lehmanniana	Revista Peru. Biol.	13(1): 76	2006 [Oct 2006]			Loasaceae Loasa lehmanniana Urb. & Gilg				comb. nov.	1727-9933	\N	\N	\N	\N	http://www.scielo.org.pe/scielo.php?script=sci_arttext&pid=S1727-99332006000100003&lng=es&nrm=iso	http://www.scielo.org.pe/pdf/rpb/v13n1/a03v13n01.pdf	\N	\N
77096716-1	1.1	Loasaceae		N	Nasa		N	kuelapensis		spec.	Weigend		Weigend	Nasa kuelapensis	Revista Peru. Biol.	13(1): 76	2006 [Oct 2006]						Peru (Western South America, Southern America)	tax. nov.	1727-9933	\N	\N	\N	\N	http://www.scielo.org.pe/scielo.php?script=sci_arttext&pid=S1727-99332006000100003&lng=es&nrm=iso	http://www.scielo.org.pe/pdf/rpb/v13n1/a03v13n01.pdf	\N	\N
77096717-1	1.1	Loasaceae		N	Nasa		N	lambayequensis		spec.	Weigend		Weigend	Nasa lambayequensis	Revista Peru. Biol.	13(1): 76	2006 [Oct 2006]						Peru (Western South America, Southern America)	tax. nov.	1727-9933	\N	\N	\N	\N	http://www.scielo.org.pe/scielo.php?script=sci_arttext&pid=S1727-99332006000100003&lng=es&nrm=iso	http://www.scielo.org.pe/pdf/rpb/v13n1/a03v13n01.pdf	\N	\N
77096718-1	1.1	Loasaceae		N	Nasa		N	laxa		spec.	(J.F.Macbr.) Weigend	(J.F.Macbr.)	Weigend	Nasa laxa	Revista Peru. Biol.	13(1): 76	2006 [Oct 2006]			Loasaceae Loasa laxa J.F.Macbr.				comb. nov.	1727-9933	\N	\N	\N	\N	http://www.scielo.org.pe/scielo.php?script=sci_arttext&pid=S1727-99332006000100003&lng=es&nrm=iso	http://www.scielo.org.pe/pdf/rpb/v13n1/a03v13n01.pdf	\N	\N
77096719-1	1.1	Loasaceae		N	Nasa		N	lenta		spec.	(J.F.Macbr.) Weigend	(J.F.Macbr.)	Weigend	Nasa lenta	Revista Peru. Biol.	13(1): 76	2006 [Oct 2006]			Loasaceae Loasa lenta J.F.Macbr.				comb. nov.	1727-9933	\N	\N	\N	\N	http://www.scielo.org.pe/scielo.php?script=sci_arttext&pid=S1727-99332006000100003&lng=es&nrm=iso	http://www.scielo.org.pe/pdf/rpb/v13n1/a03v13n01.pdf	\N	\N
77096720-1	1.1	Loasaceae		N	Nasa		N	limata		spec.	(J.F.Macbr.) Weigend	(J.F.Macbr.)	Weigend	Nasa limata	Revista Peru. Biol.	13(1): 76	2006 [Oct 2006]			Loasaceae Loasa limata J.F.Macbr.				comb. nov.	1727-9933	\N	\N	\N	\N	http://www.scielo.org.pe/scielo.php?script=sci_arttext&pid=S1727-99332006000100003&lng=es&nrm=iso	http://www.scielo.org.pe/pdf/rpb/v13n1/a03v13n01.pdf	\N	\N
77096721-1	1.1	Loasaceae		N	Nasa		N	lindeniana		spec.	(Urb. & Gilg) Weigend	(Urb. & Gilg)	Weigend	Nasa lindeniana	Revista Peru. Biol.	13(1): 77	2006 [Oct 2006]			Loasaceae Loasa lindeniana Urb. & Gilg				comb. nov.	1727-9933	\N	\N	\N	\N	http://www.scielo.org.pe/scielo.php?script=sci_arttext&pid=S1727-99332006000100003&lng=es&nrm=iso	http://www.scielo.org.pe/pdf/rpb/v13n1/a03v13n01.pdf	\N	\N
77096935-1	1.2	Loasaceae		N	Nasa		N	driessleae		spec.	Weigend		Weigend	Nasa driessleae	Revista Peru. Biol.	13(1): 74	2006 [Oct 2006]		"as ""driesslei"""				Peru (Western South America, Southern America)	tax. nov.	1727-9933	\N	\N	\N	\N	http://www.scielo.org.pe/scielo.php?script=sci_arttext&pid=S1727-99332006000100003&lng=es&nrm=iso	http://www.scielo.org.pe/pdf/rpb/v13n1/a03v13n01.pdf	\N	\N
77096936-1	1.1	Loasaceae		N	Nasa		N	hastata		spec.	(Killip) Weigend	(Killip)	Weigend	Nasa hastata	Revista Peru. Biol.	13(1): 75	2006 [Oct 2006]	nom. inval.    with incorrect ba		Loasaceae Loasa hastata Killip				comb. nov.	1727-9933	\N	\N	\N	\N	http://www.scielo.org.pe/scielo.php?script=sci_arttext&pid=S1727-99332006000100003&lng=es&nrm=iso	http://www.scielo.org.pe/pdf/rpb/v13n1/a03v13n01.pdf	\N	\N
77096937-1	1.1	Loasaceae		N	Nasa		N	jungiifolia		spec.	(Weigend) Weigend	(Weigend)	Weigend	Nasa jungiifolia	Revista Peru. Biol.	13(1): 76	2006 [Oct 2006]			Loasaceae Loasa jungiifolia Weigend				comb. nov.	1727-9933	\N	\N	\N	\N	http://www.scielo.org.pe/scielo.php?script=sci_arttext&pid=S1727-99332006000100003&lng=es&nrm=iso	http://www.scielo.org.pe/pdf/rpb/v13n1/a03v13n01.pdf	\N	\N
77096938-1	1.1	Loasaceae		N	Nasa		N	longivalvis		spec.	E.Rodr. & Weigend		E.Rodr. & Weigend	Nasa longivalvis	Revista Peru. Biol.	13(1): 77	2006 [Oct 2006]						Peru (Western South America, Southern America)	tax. nov.	1727-9933	\N	\N	\N	\N	http://www.scielo.org.pe/scielo.php?script=sci_arttext&pid=S1727-99332006000100003&lng=es&nrm=iso	http://www.scielo.org.pe/pdf/rpb/v13n1/a03v13n01.pdf	\N	\N
77096939-1	1.1	Loasaceae		N	Nasa		N	loxensis		spec.	(Kunth) Weigend	(Kunth)	Weigend	Nasa loxensis	Revista Peru. Biol.	13(1): 77	2006 [Oct 2006]			Loasaceae Loasa loxensis Kunth				comb. nov.	1727-9933	\N	\N	\N	\N	http://www.scielo.org.pe/scielo.php?script=sci_arttext&pid=S1727-99332006000100003&lng=es&nrm=iso	http://www.scielo.org.pe/pdf/rpb/v13n1/a03v13n01.pdf	\N	\N
77096940-1	1.1	Loasaceae		N	Nasa		N	macrantha		spec.	(Urb. & Gilg) Weigend	(Urb. & Gilg)	Weigend	Nasa macrantha	Revista Peru. Biol.	13(1): 77	2006 [Oct 2006]			Loasaceae Loasa macrantha Urb. & Gilg				comb. nov.	1727-9933	\N	\N	\N	\N	http://www.scielo.org.pe/scielo.php?script=sci_arttext&pid=S1727-99332006000100003&lng=es&nrm=iso	http://www.scielo.org.pe/pdf/rpb/v13n1/a03v13n01.pdf	\N	\N
77096941-1	1.1	Loasaceae		N	Nasa		N	macrorrhiza		spec.	(Urb. & Gilg) Weigend	(Urb. & Gilg)	Weigend	Nasa macrorrhiza	Revista Peru. Biol.	13(1): 77	2006 [Oct 2006]			Loasaceae Loasa macrorrhiza Urb. & Gilg				comb. nov.	1727-9933	\N	\N	\N	\N	http://www.scielo.org.pe/scielo.php?script=sci_arttext&pid=S1727-99332006000100003&lng=es&nrm=iso	http://www.scielo.org.pe/pdf/rpb/v13n1/a03v13n01.pdf	\N	\N
77096942-1	1.1	Loasaceae		N	Nasa		N	macrothyrsa		spec.	(Urb. & Gilg) Weigend	(Urb. & Gilg)	Weigend	Nasa macrothyrsa	Revista Peru. Biol.	13(1): 77	2006 [Oct 2006]			Loasaceae Loasa macrothyrsa Urb. & Gilg				comb. nov.	1727-9933	\N	\N	\N	\N	http://www.scielo.org.pe/scielo.php?script=sci_arttext&pid=S1727-99332006000100003&lng=es&nrm=iso	http://www.scielo.org.pe/pdf/rpb/v13n1/a03v13n01.pdf	\N	\N
77096943-1	1.1	Loasaceae		N	Nasa		N	modesta		spec.	Weigend		Weigend	Nasa modesta	Revista Peru. Biol.	13(1): 77	2006 [Oct 2006]						Ecuador (Western South America, Southern America)	tax. nov.	1727-9933	\N	\N	\N	\N	http://www.scielo.org.pe/scielo.php?script=sci_arttext&pid=S1727-99332006000100003&lng=es&nrm=iso	http://www.scielo.org.pe/pdf/rpb/v13n1/a03v13n01.pdf	\N	\N
77096944-1	1.1	Loasaceae		N	Nasa		N	moroensis		spec.	Weigend		Weigend	Nasa moroensis	Revista Peru. Biol.	13(1): 77 (-78)	2006 [Oct 2006]						Peru (Western South America, Southern America)	tax. nov.	1727-9933	\N	\N	\N	\N	http://www.scielo.org.pe/scielo.php?script=sci_arttext&pid=S1727-99332006000100003&lng=es&nrm=iso	http://www.scielo.org.pe/pdf/rpb/v13n1/a03v13n01.pdf	\N	\N
77096945-1	1.1	Loasaceae		N	Nasa		N	nubicolorum		spec.	Weigend		Weigend	Nasa nubicolorum	Revista Peru. Biol.	13(1): 78	2006 [Oct 2006]						Peru (Western South America, Southern America)	tax. nov.	1727-9933	\N	\N	\N	\N	http://www.scielo.org.pe/scielo.php?script=sci_arttext&pid=S1727-99332006000100003&lng=es&nrm=iso	http://www.scielo.org.pe/pdf/rpb/v13n1/a03v13n01.pdf	\N	\N
77096946-1	1.1	Loasaceae		N	Nasa		N	olmosiana		spec.	(Gilg ex J.F.Macbr.) Weigend	(Gilg ex J.F.Macbr.)	Weigend	Nasa olmosiana	Revista Peru. Biol.	13(1): 78	2006 [Oct 2006]			Loasaceae Loasa olmosiana Gilg ex J.F.Macbr.				comb. nov.	1727-9933	\N	\N	\N	\N	http://www.scielo.org.pe/scielo.php?script=sci_arttext&pid=S1727-99332006000100003&lng=es&nrm=iso	http://www.scielo.org.pe/pdf/rpb/v13n1/a03v13n01.pdf	\N	\N
77096947-1	1.2	Loasaceae		N	Nasa		N	otuzcensis		spec.	Weigend & E.Rodr.		Weigend & E.Rodr.	Nasa otuzcensis	Revista Peru. Biol.	13(1): 78	2006 [Oct 2006]						Peru (Western South America, Southern America)	tax. nov.	1727-9933	\N	\N	\N	\N	http://www.scielo.org.pe/scielo.php?script=sci_arttext&pid=S1727-99332006000100003&lng=es&nrm=iso	http://www.scielo.org.pe/pdf/rpb/v13n1/a03v13n01.pdf	\N	\N
77096948-1	1.1	Loasaceae		N	Nasa		N	panamensis		spec.	Weigend		Weigend	Nasa panamensis	Revista Peru. Biol.	13(1): 78	2006 [Oct 2006]						Panama (Central America, Southern America)	tax. nov.	1727-9933	\N	\N	\N	\N	http://www.scielo.org.pe/scielo.php?script=sci_arttext&pid=S1727-99332006000100003&lng=es&nrm=iso	http://www.scielo.org.pe/pdf/rpb/v13n1/a03v13n01.pdf	\N	\N
77096949-1	1.2	Loasaceae		N	Nasa		N	pascoensis		spec.	Weigend		Weigend	Nasa pascoensis	Revista Peru. Biol.	13(1): 78	2006 [Oct 2006]						Peru (Western South America, Southern America)	tax. nov.	1727-9933	\N	\N	\N	\N	http://www.scielo.org.pe/scielo.php?script=sci_arttext&pid=S1727-99332006000100003&lng=es&nrm=iso	http://www.scielo.org.pe/pdf/rpb/v13n1/a03v13n01.pdf	\N	\N
77096950-1	1.1	Loasaceae		N	Nasa		N	peltata		spec.	(Urb. & Gilg) Weigend	(Urb. & Gilg)	Weigend	Nasa peltata	Revista Peru. Biol.	13(1): 78	2006 [Oct 2006]			Loasaceae Loasa peltata Spruce ex Urb. & Gilg				comb. nov.	1727-9933	\N	\N	\N	\N	http://www.scielo.org.pe/scielo.php?script=sci_arttext&pid=S1727-99332006000100003&lng=es&nrm=iso	http://www.scielo.org.pe/pdf/rpb/v13n1/a03v13n01.pdf	\N	\N
77096951-1	1.1	Loasaceae		N	Nasa		N	peltiphylla		spec.	(Weigend) Weigend	(Weigend)	Weigend	Nasa peltiphylla	Revista Peru. Biol.	13(1): 78	2006 [Oct 2006]			Loasaceae Loasa peltiphylla Weigend				comb. nov.	1727-9933	\N	\N	\N	\N	http://www.scielo.org.pe/scielo.php?script=sci_arttext&pid=S1727-99332006000100003&lng=es&nrm=iso	http://www.scielo.org.pe/pdf/rpb/v13n1/a03v13n01.pdf	\N	\N
77096952-1	1.1	Loasaceae		N	Nasa		N	perijensis		spec.	(Weigend) Weigend	(Weigend)	Weigend	Nasa perijensis	Revista Peru. Biol.	13(1): 78	2006 [Oct 2006]			Loasaceae Loasa perijensis Weigend				comb. nov.	1727-9933	\N	\N	\N	\N	http://www.scielo.org.pe/scielo.php?script=sci_arttext&pid=S1727-99332006000100003&lng=es&nrm=iso	http://www.scielo.org.pe/pdf/rpb/v13n1/a03v13n01.pdf	\N	\N
77096953-1	1.1	Loasaceae		N	Nasa		N	picta		spec.	(Hook.) Weigend	(Hook.)	Weigend	Nasa picta	Revista Peru. Biol.	13(1): 79	2006 [Oct 2006]	nom. inval.    without basionym 		Loasaceae Loasa picta Hook.				comb. nov.	1727-9933	\N	\N	\N	\N	http://www.scielo.org.pe/scielo.php?script=sci_arttext&pid=S1727-99332006000100003&lng=es&nrm=iso	http://www.scielo.org.pe/pdf/rpb/v13n1/a03v13n01.pdf	\N	\N
77096955-1	1.1	Loasaceae		N	Nasa		N	magnifica		spec.	Weigend		Weigend	Nasa magnifica	Revista Peru. Biol.	13(1): 77	2006 [Oct 2006]				Loasaceae Loasa magnifica Urb. & Gilg			nom. nov.	1727-9933	\N	\N	\N	\N	http://www.scielo.org.pe/scielo.php?script=sci_arttext&pid=S1727-99332006000100003&lng=es&nrm=iso	http://www.scielo.org.pe/pdf/rpb/v13n1/a03v13n01.pdf	\N	\N
77096956-1	1.2	Loasaceae		N	Nasa		N	picta	pamparomasii	subsp.	Weigend & E.Rodr.		Weigend & E.Rodr.	Nasa picta subsp. pamparomasii	Revista Peru. Biol.	13(1): 79	2006 [Oct 2006]	nom. inval.    species name not 					Peru (Western South America, Southern America)	tax. nov.	1727-9933	\N	\N	\N	\N	http://www.scielo.org.pe/scielo.php?script=sci_arttext&pid=S1727-99332006000100003&lng=es&nrm=iso	http://www.scielo.org.pe/pdf/rpb/v13n1/a03v13n01.pdf	\N	\N
77096957-1	1.1	Loasaceae		N	Nasa		N	poissoniana		spec.	(Urb. & Gilg) Weigend	(Urb. & Gilg)	Weigend	Nasa poissoniana	Revista Peru. Biol.	13(1): 79	2006 [Oct 2006]			Loasaceae Loasa poissoniana Urb. & Gilg				comb. nov.	1727-9933	\N	\N	\N	\N	http://www.scielo.org.pe/scielo.php?script=sci_arttext&pid=S1727-99332006000100003&lng=es&nrm=iso	http://www.scielo.org.pe/pdf/rpb/v13n1/a03v13n01.pdf	\N	\N
77096958-1	1.2	Loasaceae		N	Nasa		N	pongalamesa		spec.	Weigend		Weigend	Nasa pongalamesa	Revista Peru. Biol.	13(1): 79	2006 [Oct 2006]						Peru (Western South America, Southern America)	tax. nov.	1727-9933	\N	\N	\N	\N	http://www.scielo.org.pe/scielo.php?script=sci_arttext&pid=S1727-99332006000100003&lng=es&nrm=iso	http://www.scielo.org.pe/pdf/rpb/v13n1/a03v13n01.pdf	\N	\N
77096959-1	1.1	Loasaceae		N	Nasa		N	profundilobata		spec.	(Werderm.) Weigend	(Werderm.)	Weigend	Nasa profundilobata	Revista Peru. Biol.	13(1): 79	2006 [Oct 2006]			Loasaceae Loasa profundilobata Werderm.				comb. nov.	1727-9933	\N	\N	\N	\N	http://www.scielo.org.pe/scielo.php?script=sci_arttext&pid=S1727-99332006000100003&lng=es&nrm=iso	http://www.scielo.org.pe/pdf/rpb/v13n1/a03v13n01.pdf	\N	\N
77096960-1	1.1	Loasaceae		N	Nasa		N	pteridophylla		spec.	Weigend & Dostert		Weigend & Dostert	Nasa pteridophylla	Revista Peru. Biol.	13(1): 79	2006 [Oct 2006]						Peru (Western South America, Southern America)	tax. nov.	1727-9933	\N	\N	\N	\N	http://www.scielo.org.pe/scielo.php?script=sci_arttext&pid=S1727-99332006000100003&lng=es&nrm=iso	http://www.scielo.org.pe/pdf/rpb/v13n1/a03v13n01.pdf	\N	\N
77096961-1	1.1	Loasaceae		N	Nasa		N	pteridophylla	geniculata	subsp.	Weigend & Dostert		Weigend & Dostert	Nasa pteridophylla subsp. geniculata	Revista Peru. Biol.	13(1): 79	2006 [Oct 2006]						Peru (Western South America, Southern America)	tax. nov.	1727-9933	\N	\N	\N	\N	http://www.scielo.org.pe/scielo.php?script=sci_arttext&pid=S1727-99332006000100003&lng=es&nrm=iso	http://www.scielo.org.pe/pdf/rpb/v13n1/a03v13n01.pdf	\N	\N
77096962-1	1.1	Loasaceae		N	Nasa		N	puracensis		spec.	(Killip) Weigend	(Killip)	Weigend	Nasa puracensis	Revista Peru. Biol.	13(1): 80	2006 [Oct 2006]			Loasaceae Loasa puracensis Killip				comb. nov.	1727-9933	\N	\N	\N	\N	http://www.scielo.org.pe/scielo.php?script=sci_arttext&pid=S1727-99332006000100003&lng=es&nrm=iso	http://www.scielo.org.pe/pdf/rpb/v13n1/a03v13n01.pdf	\N	\N
77096963-1	1.1	Loasaceae		N	Nasa		N	raimondii		spec.	(Standl. & F.A.Barkley) Weigend	(Standl. & F.A.Barkley)	Weigend	Nasa raimondii	Revista Peru. Biol.	13(1): 80	2006 [Oct 2006]			Loasaceae Loasa raimondii Standl. & F.A.Barkley				comb. nov.	1727-9933	\N	\N	\N	\N	http://www.scielo.org.pe/scielo.php?script=sci_arttext&pid=S1727-99332006000100003&lng=es&nrm=iso	http://www.scielo.org.pe/pdf/rpb/v13n1/a03v13n01.pdf	\N	\N
77096964-1	1.1	Loasaceae		N	Nasa		N	ramirezii		spec.	(Weigend) Weigend	(Weigend)	Weigend	Nasa ramirezii	Revista Peru. Biol.	13(1): 80	2006 [Oct 2006]			Loasaceae Loasa ramirezii Weigend				comb. nov.	1727-9933	\N	\N	\N	\N	http://www.scielo.org.pe/scielo.php?script=sci_arttext&pid=S1727-99332006000100003&lng=es&nrm=iso	http://www.scielo.org.pe/pdf/rpb/v13n1/a03v13n01.pdf	\N	\N
77096965-1	1.1	Loasaceae		N	Nasa		N	ranunculifolia		spec.	(Kunth) Weigend	(Kunth)	Weigend	Nasa ranunculifolia	Revista Peru. Biol.	13(1): 80	2006 [Oct 2006]			Loasaceae Loasa ranunculifolia Kunth in Humb. & Bonpl.				comb. nov.	1727-9933	\N	\N	\N	\N	http://www.scielo.org.pe/scielo.php?script=sci_arttext&pid=S1727-99332006000100003&lng=es&nrm=iso	http://www.scielo.org.pe/pdf/rpb/v13n1/a03v13n01.pdf	\N	\N
77096966-1	1.1	Loasaceae		N	Nasa		N	rugosa		spec.	(Killip) Weigend	(Killip)	Weigend	Nasa rugosa	Revista Peru. Biol.	13(1): 80	2006 [Oct 2006]			Loasaceae Loasa rugosa Killip				comb. nov.	1727-9933	\N	\N	\N	\N	http://www.scielo.org.pe/scielo.php?script=sci_arttext&pid=S1727-99332006000100003&lng=es&nrm=iso	http://www.scielo.org.pe/pdf/rpb/v13n1/a03v13n01.pdf	\N	\N
77096967-1	1.1	Loasaceae		N	Nasa		N	santa-martae		spec.	(Weigend) Weigend	(Weigend)	Weigend	Nasa santa-martae	Revista Peru. Biol.	13(1): 80	2006 [Oct 2006]			Loasaceae Loasa santa-martae Weigend				comb. nov.	1727-9933	\N	\N	\N	\N	http://www.scielo.org.pe/scielo.php?script=sci_arttext&pid=S1727-99332006000100003&lng=es&nrm=iso	http://www.scielo.org.pe/pdf/rpb/v13n1/a03v13n01.pdf	\N	\N
77096968-1	1.1	Loasaceae		N	Nasa		N	solaria		spec.	(J.F.Macbr.) Weigend	(J.F.Macbr.)	Weigend	Nasa solaria	Revista Peru. Biol.	13(1): 80 (-81)	2006 [Oct 2006]			Loasaceae Loasa solaria J.F.Macbr.				comb. nov.	1727-9933	\N	\N	\N	\N	http://www.scielo.org.pe/scielo.php?script=sci_arttext&pid=S1727-99332006000100003&lng=es&nrm=iso	http://www.scielo.org.pe/pdf/rpb/v13n1/a03v13n01.pdf	\N	\N
77096969-1	1.1	Loasaceae		N	Nasa		N	solata		spec.	(J.F.Macbr.) Weigend	(J.F.Macbr.)	Weigend	Nasa solata	Revista Peru. Biol.	13(1): 81	2006 [Oct 2006]			Loasaceae Loasa solata J.F.Macbr.				comb. nov.	1727-9933	\N	\N	\N	\N	http://www.scielo.org.pe/scielo.php?script=sci_arttext&pid=S1727-99332006000100003&lng=es&nrm=iso	http://www.scielo.org.pe/pdf/rpb/v13n1/a03v13n01.pdf	\N	\N
77096970-1	1.1	Loasaceae		N	Nasa		N	speciosa		spec.	(Donn.Sm.) Weigend	(Donn.Sm.)	Weigend	Nasa speciosa	Revista Peru. Biol.	13(1): 81	2006 [Oct 2006]			Loasaceae Loasa speciosa Donn.Sm.				comb. nov.	1727-9933	\N	\N	\N	\N	http://www.scielo.org.pe/scielo.php?script=sci_arttext&pid=S1727-99332006000100003&lng=es&nrm=iso	http://www.scielo.org.pe/pdf/rpb/v13n1/a03v13n01.pdf	\N	\N
77096971-1	1.2	Loasaceae		N	Nasa		N	sagasteguii		spec.	Weigend		Weigend	Nasa sagasteguii	Revista Peru. Biol.	13(1): 80	2006 [Oct 2006]						Peru (Western South America, Southern America)	tax. nov.	1727-9933	\N	\N	\N	\N	http://www.scielo.org.pe/scielo.php?script=sci_arttext&pid=S1727-99332006000100003&lng=es&nrm=iso	http://www.scielo.org.pe/pdf/rpb/v13n1/a03v13n01.pdf	\N	\N
77096975-1	1.1	Loasaceae		N	Nasa		N	schlimiana		spec.	(Planch. & Linden) Weigend	(Planch. & Linden)	Weigend	Nasa schlimiana	Revista Peru. Biol.	13(1): 80	2006 [Oct 2006]			Loasaceae Loasa schlimiana Planch. & Linden				comb. nov.	1727-9933	\N	\N	\N	\N	http://www.scielo.org.pe/scielo.php?script=sci_arttext&pid=S1727-99332006000100003&lng=es&nrm=iso	http://www.scielo.org.pe/pdf/rpb/v13n1/a03v13n01.pdf	\N	\N
77096988-1	1.1	Loasaceae		N	Nasa		N	stolonifera		spec.	Weigend		Weigend	Nasa stolonifera	Revista Peru. Biol.	13(1): 81	2006 [Oct 2006]						Peru (Western South America, Southern America)	tax. nov.	1727-9933	\N	\N	\N	\N	http://www.scielo.org.pe/scielo.php?script=sci_arttext&pid=S1727-99332006000100003&lng=es&nrm=iso	http://www.scielo.org.pe/pdf/rpb/v13n1/a03v13n01.pdf	\N	\N
77096989-1	1.1	Loasaceae		N	Nasa		N	stuebeliana		spec.	(Urb. & Gilg) Weigend	(Urb. & Gilg)	Weigend	Nasa stuebeliana	Revista Peru. Biol.	13(1): 81	2006 [Oct 2006]			Loasaceae Loasa stuebeliana Urb. & Gilg				comb. nov.	1727-9933	\N	\N	\N	\N	http://www.scielo.org.pe/scielo.php?script=sci_arttext&pid=S1727-99332006000100003&lng=es&nrm=iso	http://www.scielo.org.pe/pdf/rpb/v13n1/a03v13n01.pdf	\N	\N
77096990-1	1.1	Loasaceae		N	Nasa		N	tabularis		spec.	Weigend		Weigend	Nasa tabularis	Revista Peru. Biol.	13(1): 81	2006 [Oct 2006]						Ecuador (Western South America, Southern America)	tax. nov.	1727-9933	\N	\N	\N	\N	http://www.scielo.org.pe/scielo.php?script=sci_arttext&pid=S1727-99332006000100003&lng=es&nrm=iso	http://www.scielo.org.pe/pdf/rpb/v13n1/a03v13n01.pdf	\N	\N
77096991-1	1.1	Loasaceae		N	Nasa		N	tingomariensis		spec.	(J.F.Macbr.) Weigend	(J.F.Macbr.)	Weigend	Nasa tingomariensis	Revista Peru. Biol.	13(1): 81	2006 [Oct 2006]			Loasaceae Loasa tingomariensis J.F.Macbr.				comb. nov.	1727-9933	\N	\N	\N	\N	http://www.scielo.org.pe/scielo.php?script=sci_arttext&pid=S1727-99332006000100003&lng=es&nrm=iso	http://www.scielo.org.pe/pdf/rpb/v13n1/a03v13n01.pdf	\N	\N
77096992-1	1.1	Loasaceae		N	Nasa		N	trianae		spec.	(Urb. & Gilg) Weigend	(Urb. & Gilg)	Weigend	Nasa trianae	Revista Peru. Biol.	13(1): 81	2006 [Oct 2006]			Loasaceae Loasa trianae Urb. & Gilg				comb. nov.	1727-9933	\N	\N	\N	\N	http://www.scielo.org.pe/scielo.php?script=sci_arttext&pid=S1727-99332006000100003&lng=es&nrm=iso	http://www.scielo.org.pe/pdf/rpb/v13n1/a03v13n01.pdf	\N	\N
77096993-1	1.1	Loasaceae		N	Nasa		N	umbraculifera		spec.	E.Rodr. & Weigend		E.Rodr. & Weigend	Nasa umbraculifera	Revista Peru. Biol.	13(1): 82 (-83)	2006 [Oct 2006]						Peru (Western South America, Southern America)	tax. nov.	1727-9933	\N	\N	\N	\N	http://www.scielo.org.pe/scielo.php?script=sci_arttext&pid=S1727-99332006000100003&lng=es&nrm=iso	http://www.scielo.org.pe/pdf/rpb/v13n1/a03v13n01.pdf	\N	\N
77096994-1	1.1	Loasaceae		N	Nasa		N	urens		spec.	(Jacq.) Weigend	(Jacq.)	Weigend	Nasa urens	Revista Peru. Biol.	13(1): 83	2006 [Oct 2006]			Loasaceae Loasa urens Jacq.				comb. nov.	1727-9933	\N	\N	\N	\N	http://www.scielo.org.pe/scielo.php?script=sci_arttext&pid=S1727-99332006000100003&lng=es&nrm=iso	http://www.scielo.org.pe/pdf/rpb/v13n1/a03v13n01.pdf	\N	\N
77096995-1	1.1	Loasaceae		N	Nasa		N	urentivelutina		spec.	Weigend		Weigend	Nasa urentivelutina	Revista Peru. Biol.	13(1): 83	2006 [Oct 2006]						Peru (Western South America, Southern America)	tax. nov.	1727-9933	\N	\N	\N	\N	http://www.scielo.org.pe/scielo.php?script=sci_arttext&pid=S1727-99332006000100003&lng=es&nrm=iso	http://www.scielo.org.pe/pdf/rpb/v13n1/a03v13n01.pdf	\N	\N
77096996-1	1.1	Loasaceae		N	Nasa		N	usquiliensis		spec.	Weigend, T.Henning & C.Schneid.		Weigend, T.Henning & C.Schneid.	Nasa usquiliensis	Revista Peru. Biol.	13(1): 83	2006 [Oct 2006]						Peru (Western South America, Southern America)	tax. nov.	1727-9933	\N	\N	\N	\N	http://www.scielo.org.pe/scielo.php?script=sci_arttext&pid=S1727-99332006000100003&lng=es&nrm=iso	http://www.scielo.org.pe/pdf/rpb/v13n1/a03v13n01.pdf	\N	\N
77096997-1	1.1	Loasaceae		N	Nasa		N	vargasii		spec.	(J.F.Macbr.) Weigend	(J.F.Macbr.)	Weigend	Nasa vargasii	Revista Peru. Biol.	13(1): 83	2006 [Oct 2006]			Loasaceae Loasa vargasii J.F.Macbr.				comb. nov.	1727-9933	\N	\N	\N	\N	http://www.scielo.org.pe/scielo.php?script=sci_arttext&pid=S1727-99332006000100003&lng=es&nrm=iso	http://www.scielo.org.pe/pdf/rpb/v13n1/a03v13n01.pdf	\N	\N
77096998-1	1.1	Loasaceae		N	Nasa		N	venezuelensis		spec.	(Steyerm.) Weigend	(Steyerm.)	Weigend	Nasa venezuelensis	Revista Peru. Biol.	13(1): 83	2006 [Oct 2006]			Loasaceae Caiophora venezuelensis Steyerm.				comb. nov.	1727-9933	\N	\N	\N	\N	http://www.scielo.org.pe/scielo.php?script=sci_arttext&pid=S1727-99332006000100003&lng=es&nrm=iso	http://www.scielo.org.pe/pdf/rpb/v13n1/a03v13n01.pdf	\N	\N
77096999-1	1.1	Loasaceae		N	Nasa		N	victorii		spec.	Weigend		Weigend	Nasa victorii	Revista Peru. Biol.	13(1): 83	2006 [Oct 2006]						Peru (Western South America, Southern America)	tax. nov.	1727-9933	\N	\N	\N	\N	http://www.scielo.org.pe/scielo.php?script=sci_arttext&pid=S1727-99332006000100003&lng=es&nrm=iso	http://www.scielo.org.pe/pdf/rpb/v13n1/a03v13n01.pdf	\N	\N
77097020-1	1.1	Loasaceae		N	Nasa		N	puma-chini		spec.	(Weigend) Weigend	(Weigend)	Weigend	Nasa puma-chini	Revista Peru. Biol.	13(1): 80	2006 [Oct 2006]			Loasaceae Loasa puma-chini Weigend				comb. nov.	1727-9933	\N	\N	\N	\N	http://www.scielo.org.pe/scielo.php?script=sci_arttext&pid=S1727-99332006000100003&lng=es&nrm=iso	http://www.scielo.org.pe/pdf/rpb/v13n1/a03v13n01.pdf	\N	\N
77099005-1	1.1	Ericaceae		N	Demosthenesia		N	matsiguenka		spec.	Huamantupa		Huamantupa	Demosthenesia matsiguenka	Revista Peru. Biol.	15(2): 79 (-81; figs. 1-2)	2009 [Feb 2009]						Peru (Western South America, Southern America)	tax. nov.	1727-9933	\N	\N	\N	\N	\N	\N	\N	\N
77099072-1	1.4	Arecaceae		N	Astrocaryum	perstaminata	N			subsect.	F.Kahn		F.Kahn	Astrocaryum subsect. Perstaminata	Revista Peru. Biol.	15(Supl. 1): 41	2008 [Nov 2008]		Page number differs in electronic version.					tax. nov.	1727-9933	\N	\N	\N	\N	\N	\N	\N	\N
77099073-1	1.3	Arecaceae		N	Astrocaryum	euchambira	N			sect.	F.Kahn		F.Kahn	Astrocaryum sect. Euchambira	Revista Peru. Biol.	15(Supl. 1): 41	2008 [Nov 2008]		Page number differs in electronic version.					tax. nov.	1727-9933	\N	\N	\N	\N	\N	\N	\N	\N
77099075-1	1.5	Arecaceae		N	Astrocaryum	mumbacucu	N			sect.	(Barb.Rodr.) F.Kahn	(Barb.Rodr.)	F.Kahn	Astrocaryum sect. Mumbacucu	Revista Peru. Biol.	15(Supl. 1): 42	2008 [Nov 2008]		Published as Mumbacusu.  Page number differs in electronic version.	Arecaceae Astrocaryum subsect. Mumbacucu Barb.Rodr.				stat. nov.	1727-9933	\N	\N	\N	\N	\N	\N	\N	\N
77099076-1	1.3	Arecaceae		N	Astrocaryum	guatinajo	N			sect.	F.Kahn		F.Kahn	Astrocaryum sect. Guatinajo	Revista Peru. Biol.	15(Supl. 1): 42	2008 [Nov 2008]		Page number differs in electronic version.					tax. nov.	1727-9933	\N	\N	\N	\N	\N	\N	\N	\N
77099077-1	1.3	Arecaceae		N	Astrocaryum	huicungo	N			sect.	F.Kahn		F.Kahn	Astrocaryum sect. Huicungo	Revista Peru. Biol.	15(Supl. 1): 43	2008 [Nov 2008]		Page number differs in electronic version.					tax. nov.	1727-9933	\N	\N	\N	\N	\N	\N	\N	\N
77099078-1	1.3	Arecaceae		N	Astrocaryum	sachacungo	N			subsect.	F.Kahn		F.Kahn	Astrocaryum subsect. Sachacungo	Revista Peru. Biol.	15(Supl. 1): 43	2008 [Nov 2008]		Page number differs in electronic version.					tax. nov.	1727-9933	\N	\N	\N	\N	\N	\N	\N	\N
77099079-1	1.2	Arecaceae		N	Hexopetion		N	alatum		spec.	(H.F.Loomis) F.Kahn & Pintaud	(H.F.Loomis)	F.Kahn & Pintaud	Hexopetion alatum	Revista Peru. Biol.	15(Supl. 1): 53	2008 [Nov 2008]			Arecaceae Astrocaryum alatum H.F.Loomis				comb. nov.	1727-9933	\N	\N	\N	\N	\N	\N	\N	\N
77099080-1	1.3	Arecaceae		N	Ceroxylon		N	peruvianum		spec.	Galeano, Sanín & K.Mejia		Galeano, Sanín & K.Mejia	Ceroxylon peruvianum	Revista Peru. Biol.	15(Supl. 1): 65 (-67; figs. 1-3)	2008 [Nov 2008]						Peru (Western South America, Southern America)	tax. nov.	1727-9933	\N	\N	\N	\N	\N	\N	\N	\N
77111956-1	1.2	Loasaceae		N	Nasa		N	sanagoranensis		spec.	T.Henning, Weigend & A.Cano		T.Henning, Weigend & A.Cano	Nasa sanagoranensis	Revista Peru. Biol.	16(2): 155 (151-156; figs., map)	2010 [2009 publ. Jan 2010]						Peru (Western South America, Southern America)	tax. nov.	1727-9933	\N	\N	\N	\N	\N	\N	\N	\N
77111957-1	1.2	Asteraceae		N	Pentacalia		N	vallejiana		spec.	Sagást. & E.Rodr.		Sagást. & E.Rodr.	Pentacalia vallejiana	Revista Peru. Biol.	16(2): 157 (-160; fig. 1)	2010 [2009 publ. Jan 2010]						Peru (Western South America, Southern America)	tax. nov.	1727-9933	\N	\N	\N	\N	\N	\N	\N	\N
77119323-1	1.1	Orchidaceae		N	Teagueia		N	moisesii		spec.	Chocce & M.E.Acuña		Chocce & M.E.Acuña	Teagueia moisesii	Revista Peru. Biol.	18(2): 165	2011 [Aug 2011]		Named after Moisés Miguel Chocce Cosi.				Peru (Western South America, Southern America)	tax. nov.	1727-9933	\N	\N	\N	\N	\N	\N	\N	\N
77119932-1	1.2	Vochysiaceae		N	Vochysia		N	awasensis		spec.	Huamantupa		Huamantupa	Vochysia awasensis	Revista Peru. Biol.	18(3): 275	2012 [Dec 2011; issued 8 Feb 201						Ecuador (Western South America, Southern America)	tax. nov.	1727-9933	\N	\N	\N	\N	\N	\N	\N	\N
