1020686-1	1.4	Leguminosae		N	Aganope		N	stuhlmannii		spec.	(Taub.) Adema	(Taub.)	Adema	Aganope stuhlmannii	Thai Forest Bull., Bot.	28: 10 (2000):	2000			Leguminosae Deguelia stuhlmannii Taub.				comb. nov.	0495-3843	\N	\N	\N	\N	\N	\N	\N	\N
1020687-1	1.5	Leguminosae		N	Paraderris		N	elliptica		spec.	(Wall.) Adema	(Wall.)	Adema	Paraderris elliptica	Thai Forest Bull., Bot.	28: 11 (2000):	2000			Leguminosae Pongamia elliptica Sweet				comb. nov.	0495-3843	\N	\N	\N	\N	\N	\N	\N	\N
1020688-1	1.5	Leguminosae		N	Paraderris		N	malaccensis		spec.	(Benth.) Adema	(Benth.)	Adema	Paraderris malaccensis	Thai Forest Bull., Bot.	28: 11 (2000):	2000			Leguminosae Derris cuneifolia Benth. var. malaccensis				comb. nov.	0495-3843	\N	\N	\N	\N	\N	\N	\N	\N
1020689-1	1.3	Leguminosae		N	Paraderris		N	oblongifolia		spec.	(Merr.) Adema	(Merr.)	Adema	Paraderris oblongifolia	Thai Forest Bull., Bot.	28: 11 (2000):	2000			Leguminosae Derris oblongifolia Merr.				comb. nov.	0495-3843	\N	\N	\N	\N	\N	\N	\N	\N
1020690-1	1.1.2.1.1.2	Fabaceae		N	Derris		N	pseudinvoluta		spec.	(Verdc.) Adema	(Verdc.)	Adema	Derris pseudinvoluta	Thai Forest Bull., Bot.	28: 11 (2000):	2000		"as ""pseudoinvoluta"""	Leguminosae Derris koolgibberah F.M.Bailey subsp. pseudinvoluta Verdc.				comb. et. stat. nov.	0495-3843	\N	\N	\N	\N	\N	\N	\N	\N
1020691-1	1.5	Ranunculaceae		N	Clematis		N	thaimontana		spec.	Tamura		Tamura	Clematis thaimontana	Thai Forest Bull., Bot.	28: 17 (2000)	2000						Thailand.	tax. nov.	0495-3843	\N	\N	\N	\N	\N	\N	\N	\N
1020692-1	1.5	Arecaceae		N	Calamus		N	griseus		spec.	J.Dransf.		J.Dransf.	Calamus griseus	Thai Forest Bull., Bot.	28: 157 (2000)	2000						Thailand;Malaya (Peninsular Malaysia);Sumatera.;	tax. nov.	0495-3843	\N	\N	\N	\N	\N	\N	\N	\N
1020693-1	1.6	Euphorbiaceae		N	Drypetes		N	dasycarpa		spec.	(Airy Shaw) Phuph. & Chayam.	(Airy Shaw)	Phuph. & Chayam.	Drypetes dasycarpa	Thai Forest Bull., Bot.	28: 160 (2000):	2000			Euphorbiaceae Drypetes indica Pax & K.Hoffm. var. dasycarpa Airy Shaw				comb. nov.	0495-3843	\N	\N	\N	\N	\N	\N	\N	\N
1020694-1	1.4	Poaceae		N	Temochloa		N			gen.	S.Dransf.		S.Dransf.	Temochloa	Thai Forest Bull., Bot.	28: 179 (2000).	2000							tax. nov.	0495-3843	\N	\N	\N	\N	\N	\N	\N	\N
1020695-1	1.5	Poaceae		N	Temochloa		N	liliana		spec.	S.Dransf.		S.Dransf.	Temochloa liliana	Thai Forest Bull., Bot.	28: 180 (2000)	2000						Thailand.	tax. nov.	0495-3843	\N	\N	\N	\N	\N	\N	\N	\N
17571500-1	1.6	Aspleniaceae		N	Hymenasplenium		N	inthanonense		spec.	N.Murak. & J.Yokoy.		N.Murak. & J.Yokoy.	Hymenasplenium inthanonense	Thai Forest Bull., Bot.	26: 43 (1998)	1998						Thailand.	unknown	0495-3843	\N	\N	\N	\N	\N	\N	\N	\N
20012042-1	1.3	Apocynaceae		N	Wrightia		N	sirikitiae		spec.	D.J.Middleton & Santisuk		D.J.Middleton & Santisuk	Wrightia sirikitiae	Thai Forest Bull., Bot.	29: 1 (2001)	2001						Thailand	tax. nov.	0495-3843	\N	\N	\N	\N	\N	\N	\N	\N
20012043-1	1.2	Zingiberaceae		N	Geostachys		N	smitinandii		spec.	K.Larsen		K.Larsen	Geostachys smitinandii	Thai Forest Bull., Bot.	29: 17 (2001)	2001						Thailand	tax. nov.	0495-3843	\N	\N	\N	\N	\N	\N	\N	\N
20012044-1	1.4	Polygonaceae		N	Persicaria		N	lapathifolia	lanigera	var.	(R.Br.) Chantar. & Tubtimtong	(R.Br.)	Chantar. & Tubtimtong	Persicaria lapathifolia var. lanigera	Thai Forest Bull., Bot.	29: 35 (2001)	2001			Polygonaceae Polygonum lanigerum R.Br.				comb. nov.	0495-3843	\N	\N	\N	\N	\N	\N	\N	\N
20012045-1	1.2	Euphorbiaceae		N	Macaranga		N	siamensis		spec.	S.J.Davies		S.J.Davies	Macaranga siamensis	Thai Forest Bull., Bot.	29: 43 (2001)	2001						Thailand	tax. nov.	0495-3843	\N	\N	\N	\N	\N	\N	\N	\N
20012046-1	1.2	Euphorbiaceae		N	Croton		N	acutifolius		spec.	Esser		Esser	Croton acutifolius	Thai Forest Bull., Bot.	29: 51 (2001)	2001						Thailand	tax. nov.	0495-3843	\N	\N	\N	\N	\N	\N	\N	\N
20012047-1	1.2	Euphorbiaceae		N	Croton		N	decalvatus		spec.	Esser		Esser	Croton decalvatus	Thai Forest Bull., Bot.	29: 53 (2001)	2001						Thailand	tax. nov.	0495-3843	\N	\N	\N	\N	\N	\N	\N	\N
20012048-1	1.2	Euphorbiaceae		N	Macaranga		N	neodenticulata		spec.	Whitmore		Whitmore	Macaranga neodenticulata	Thai Forest Bull., Bot.	29: 61 (2001)	2001						Thailand	tax. nov.	0495-3843	\N	\N	\N	\N	\N	\N	\N	\N
20012049-1	1.2	Gesneriaceae		N	Boeica		N	glandulosa		spec.	B.L.Burtt		B.L.Burtt	Boeica glandulosa	Thai Forest Bull., Bot.	29: 85 (2001)	2001						Thailand;Myanmar;	tax. nov.	0495-3843	\N	\N	\N	\N	\N	\N	\N	\N
20012050-1	1.2	Gesneriaceae		N	Calcareoboea		N	bonii		spec.	(Pellegr.) B.L.Burtt	(Pellegr.)	B.L.Burtt	Calcareoboea bonii	Thai Forest Bull., Bot.	29: 86 (2001)	2001			Gesneriaceae Didymocarpus bonii Pellegr.				comb. nov.	0495-3843	\N	\N	\N	\N	\N	\N	\N	\N
20012051-1	1.2	Gesneriaceae		N	Chirita		N	smitinandii		spec.	B.L.Burtt		B.L.Burtt	Chirita smitinandii	Thai Forest Bull., Bot.	29: 89 (2001)	2001						Thailand	tax. nov.	0495-3843	\N	\N	\N	\N	\N	\N	\N	\N
20012052-1	1.1.2.1.1.1	Gesneriaceae		N	Didymocarpus		N	epithemoides		spec.	B.L.Burtt		B.L.Burtt	Didymocarpus epithemoides	Thai Forest Bull., Bot.	29: 92 (2001)	2001						Thailand	tax. nov.	0495-3843	\N	\N	\N	\N	\N	\N	\N	\N
20012053-1	1.1.2.1.1.1	Gesneriaceae		N	Didymocarpus		N	geesinkianus		spec.	B.L.Burtt		B.L.Burtt	Didymocarpus geesinkianus	Thai Forest Bull., Bot.	29: 92 (2001)	2001						Thailand	tax. nov.	0495-3843	\N	\N	\N	\N	\N	\N	\N	\N
20012054-1	1.1.2.2.1.1	Gesneriaceae		N	Didymocarpus		N	newmanii		spec.	B.L.Burtt		B.L.Burtt	Didymocarpus newmanii	Thai Forest Bull., Bot.	29: 92	2001						Thailand (Indo-China, Asia-Tropical)	tax. nov.	0495-3843	\N	\N	\N	\N	\N	\N	\N	\N
20012055-1	1.2	Gesneriaceae		N	Henckelia		N	filicalyx		spec.	B.L.Burtt		B.L.Burtt	Henckelia filicalyx	Thai Forest Bull., Bot.	29: 95 (2001)	2001						Thailand	tax. nov.	0495-3843	\N	\N	\N	\N	\N	\N	\N	\N
20012056-1	1.2	Gesneriaceae		N	Henckelia		N	kolokensis		spec.	B.L.Burtt		B.L.Burtt	Henckelia kolokensis	Thai Forest Bull., Bot.	29: 95 (2001)	2001						Thailand	tax. nov.	0495-3843	\N	\N	\N	\N	\N	\N	\N	\N
20012057-1	1.2	Gesneriaceae		N	Henckelia		N	porphyrea		spec.	B.L.Burtt		B.L.Burtt	Henckelia porphyrea	Thai Forest Bull., Bot.	29: 96 (2001)	2001						Thailand	tax. nov.	0495-3843	\N	\N	\N	\N	\N	\N	\N	\N
20012058-1	1.2	Gesneriaceae		N	Henckelia		N	appressipilosa		spec.	B.L.Burtt		B.L.Burtt	Henckelia appressipilosa	Thai Forest Bull., Bot.	29: 98 (2001)	2001						Thailand	tax. nov.	0495-3843	\N	\N	\N	\N	\N	\N	\N	\N
20012059-1	1.1.2.1.1.2	Gesneriaceae		N	Leptoboea		N	multiflora	grandifolia	subsp.	B.L.Burtt		B.L.Burtt	Leptoboea multiflora subsp. grandifolia	Thai Forest Bull., Bot.	29: 99	2001						Thailand (Indo-China, Asia-Tropical)	tax. nov.	0495-3843	\N	\N	\N	\N	\N	\N	\N	\N
20012060-1	1.2	Gesneriaceae		N	Ornithoboea		N	multitorta		spec.	B.L.Burtt		B.L.Burtt	Ornithoboea multitorta	Thai Forest Bull., Bot.	29: 101 (2001)	2001						Thailand	tax. nov.	0495-3843	\N	\N	\N	\N	\N	\N	\N	\N
20012061-1	1.2	Gesneriaceae		N	Ornithoboea		N	occulta		spec.	B.L.Burtt		B.L.Burtt	Ornithoboea occulta	Thai Forest Bull., Bot.	29: 101 (2001)	2001						Thailand	tax. nov.	0495-3843	\N	\N	\N	\N	\N	\N	\N	\N
20012062-1	1.2	Gesneriaceae		N	Petrocosmea		N	heterophylla		spec.	B.L.Burtt		B.L.Burtt	Petrocosmea heterophylla	Thai Forest Bull., Bot.	29: 105 (2001)	2001						Thailand	tax. nov.	0495-3843	\N	\N	\N	\N	\N	\N	\N	\N
20012063-1	1.2	Gesneriaceae		N	Petrocosmea		N	umbelliformis		spec.	B.L.Burtt		B.L.Burtt	Petrocosmea umbelliformis	Thai Forest Bull., Bot.	29: 106 (2001)	2001						Thailand	tax. nov.	0495-3843	\N	\N	\N	\N	\N	\N	\N	\N
20012064-1	1.2	Euphorbiaceae		N	Croton		N	poomae		spec.	Esser		Esser	Croton poomae	Thai Forest Bull., Bot.	30: 1 (2002)	2002						Thailand	tax. nov.	0495-3843	\N	\N	\N	\N	\N	\N	\N	\N
20012065-1	1.2	Dipterocarpaceae		N	Parashorea		N	densiflora	kerrii	subsp.	(Tardieu) Pooma	(Tardieu)	Pooma	Parashorea densiflora subsp. kerrii	Thai Forest Bull., Bot.	30: 10 (2002)	2002			Dipterocarpaceae Parashorea kerrii Tardieu				comb. nov.	0495-3843	\N	\N	\N	\N	\N	\N	\N	\N
20012066-1	1.3	Zingiberaceae		N	Zingiber		N	idae		spec.	Triboun & K.Larsen		Triboun & K.Larsen	Zingiber idae	Thai Forest Bull., Bot.	30: 62 (2002)	2002				Zingiberaceae Zingiber villosum Theilade			nom. nov.	0495-3843	\N	\N	\N	\N	\N	\N	\N	\N
20012067-1	1.3	Rubiaceae		N	Hedyotis		N	kamputensis		spec.	(Pit.) Wangwasit & Chantar.	(Pit.)	Wangwasit & Chantar.	Hedyotis kamputensis	Thai Forest Bull., Bot.	30: 69 (2002)	2002			Rubiaceae Oldenlandia kamputensis Pit.				comb. nov.	0495-3843	\N	\N	\N	\N	\N	\N	\N	\N
20012069-1	1.1.2.1.1.1	Gesneriaceae		N	Didymocarpus		N	dongrakensis		spec.	B.L.Burtt		B.L.Burtt	Didymocarpus dongrakensis	Thai Forest Bull., Bot.	29: 91 (2001)	2001						Thailand	tax. nov.	0495-3843	\N	\N	\N	\N	\N	\N	\N	\N
321428-1	1.4.2.1.1.2	Dipterocarpaceae		N	Shorea		N	rogersiana		spec.	Raizada & Smitinand		Raizada & Smitinand	Shorea rogersiana	Thai Forest Bull., Bot.	No. 1, 7 (1954), reimpr.								unknown	0495-3843	\N	\N	\N	\N	\N	\N	\N	\N
389143-1	1.5	Poaceae		N	Apocopis		N	intermedius		spec.	(A.Camus) Chai-Anan	(A.Camus)	Chai-Anan	Apocopis intermedius	Thai Forest Bull., Bot.	6: 46 (1972)								unknown	0495-3843	\N	\N	\N	\N	\N	\N	\N	\N
403972-1	1.5	Poaceae		N	Germainia		N	grandiflora		spec.	(S.T.Blake) Chai-Anan	(S.T.Blake)	Chai-Anan	Germainia grandiflora	Thai Forest Bull., Bot.	6: 44 (1972)								unknown	0495-3843	\N	\N	\N	\N	\N	\N	\N	\N
403975-1	1.4	Poaceae		N	Germainia		N	pilosa		spec.	Chai-Anan		Chai-Anan	Germainia pilosa	Thai Forest Bull., Bot.	6: 39 (1972).								unknown	0495-3843	\N	\N	\N	\N	\N	\N	\N	\N
403977-1	1.5	Poaceae		N	Germainia		N	tenax		spec.	(Balansa) Chai-Anan	(Balansa)	Chai-Anan	Germainia tenax	Thai Forest Bull., Bot.	6: 35 (1972)								unknown	0495-3843	\N	\N	\N	\N	\N	\N	\N	\N
403978-1	1.3.2.1.1.2	Poaceae		N	Germainia		N	thailandica		spec.	(Bor) Chai-Anan	(Bor)	Chai-Anan	Germainia thailandica	Thai Forest Bull., Bot.	6: 37 (1972)								unknown	0495-3843	\N	\N	\N	\N	\N	\N	\N	\N
403980-1	1.2.2.1.1.4	Poaceae		N	Germainia		N	truncatiglumis		spec.	(F.Muell. ex Benth.) Chai-Anan	(F.Muell. ex Benth.)	Chai-Anan	Germainia truncatiglumis	Thai Forest Bull., Bot.	6: 45 (1972)								unknown	0495-3843	\N	\N	\N	\N	\N	\N	\N	\N
488327-1	1.1.2.1.1.3	Leguminosae		N	Crotalaria		N	kostermansii		spec.	Niyomdham		Niyomdham	Crotalaria kostermansii	Thai Forest Bull., Bot.	11: 136 (1978)								unknown	0495-3843	\N	\N	\N	\N	\N	\N	\N	\N
488352-1	1.1.2.1.1.3	Leguminosae		N	Crotalaria		N	larsenii		spec.	Niyomdham		Niyomdham	Crotalaria larsenii	Thai Forest Bull., Bot.	11: 139 (1978)								unknown	0495-3843	\N	\N	\N	\N	\N	\N	\N	\N
60433268-2	1.1.2.2	Poaceae		N	Neohouzeaua		N	kerriana		spec.	S.Dransf., Pattan. & Sungkaew		S.Dransf., Pattan. & Sungkaew	Neohouzeaua kerriana	Thai Forest Bull., Bot.	31: 28 (-29, 32; fig. 1)	2003 [Dec. 2003]						Thailand (Indo-China, Asia-Tropical)	tax. nov.	0495-3843	\N	\N	\N	\N	\N	\N	\N	\N
60433269-2	1.1.2.1	Poaceae		N	Neohouzeaua		N	fimbriata		spec.	S.Dransf., Pattan. & Sungkaew		S.Dransf., Pattan. & Sungkaew	Neohouzeaua fimbriata	Thai Forest Bull., Bot.	31: 29 (-30, 33; fig. 2)	2003 [Dec. 2003]						Myanmar (Indo-China, Asia-Tropical);Thailand (Indo-China, Asia-Tropical);	tax. nov.	0495-3843	\N	\N	\N	\N	\N	\N	\N	\N
60433270-2	1.1.2.1	Commelinaceae		N	Spatholirion		N	calcicola		spec.	K.Larsen & S.S.Larsen		K.Larsen & S.S.Larsen	Spatholirion calcicola	Thai Forest Bull., Bot.	31: 39 (-40, 43; fig. 1)	2003 [Dec. 2003]						Thailand (Indo-China, Asia-Tropical)	tax. nov.	0495-3843	\N	\N	\N	\N	\N	\N	\N	\N
60433373-2	1.1	Lamiaceae		N	Clerodendrum		N	farinosum	pubescens	var.	(H.R.Fletcher) Leerat. & Chantar.	(H.R.Fletcher)	Leerat. & Chantar.	Clerodendrum farinosum var. pubescens	Thai Forest Bull., Bot.	31: 44	2003 [Dec. 2003]			Lamiaceae Clerodendrum venosum Wall. ex C.B.Clarke var. pubescens H.R.Fletcher				comb. nov.	0495-3843	\N	\N	\N	\N	\N	\N	\N	\N
60453405-2	1.1	Aspleniaceae		N	Hymenasplenium		N	excisum		spec.	(C.Presl) S.Linds.	(C.Presl)	S.Linds.	Hymenasplenium excisum	Thai Forest Bull., Bot.	37: 69	2009 [Dec ? 2009]			Aspleniaceae Asplenium excisum C.Presl				comb. nov.	0495-3843	\N	\N	\N	\N	\N	\N	\N	\N
77066718-1	1.1	Cucurbitaceae		N	Zehneria		N	bodinieri		spec.	(H.Lév.) W.J.de Wilde & Duyfjes	(H.Lév.)	W.J.de Wilde & Duyfjes	Zehneria bodinieri	Thai Forest Bull., Bot.	32: 17	2004 [Dec 2004]			Cucurbitaceae Melothria bodinieri H.Lév.				comb. nov.	0495-3843	\N	\N	\N	\N	\N	\N	\N	\N
77066719-1	1.1	Cucurbitaceae		N	Zehneria		N	brevirostris		spec.	W.J.de Wilde & Duyfjes		W.J.de Wilde & Duyfjes	Zehneria brevirostris	Thai Forest Bull., Bot.	32: 18	2004 [Dec 2004]						Thailand (Indo-China, Asia-Tropical)	tax. nov.	0495-3843	\N	\N	\N	\N	\N	\N	\N	\N
77066720-1	1.2	Cucurbitaceae		N	Zehneria		N	hermaphrodita		spec.	W.J.de Wilde & Duyfjes		W.J.de Wilde & Duyfjes	Zehneria hermaphrodita	Thai Forest Bull., Bot.	32: 19 (-20; fig. 1)	2004 [Dec 2004]						Thailand (Indo-China, Asia-Tropical)	tax. nov.	0495-3843	\N	\N	\N	\N	\N	\N	\N	\N
77066721-1	1.1	Cucurbitaceae		N	Zehneria		N	sphaerosperma		spec.	W.J.de Wilde & Duyfjes		W.J.de Wilde & Duyfjes	Zehneria sphaerosperma	Thai Forest Bull., Bot.	32: 24 (-26; fig. 3)	2004 [Dec 2004]						Thailand (Indo-China, Asia-Tropical)	tax. nov.	0495-3843	\N	\N	\N	\N	\N	\N	\N	\N
77066722-1	1.1	Cucurbitaceae		N	Zehneria		N	tenuispica		spec.	W.J.de Wilde & Duyfjes		W.J.de Wilde & Duyfjes	Zehneria tenuispica	Thai Forest Bull., Bot.	32: 25 (27)	2004 [Dec 2004]						Thailand (Indo-China, Asia-Tropical)	tax. nov.	0495-3843	\N	\N	\N	\N	\N	\N	\N	\N
77066723-1	1.1	Cucurbitaceae		N	Trichosanthes		N	dolichosperma		spec.	Duyfjes & Pruesapan		Duyfjes & Pruesapan	Trichosanthes dolichosperma	Thai Forest Bull., Bot.	32: 84 (-85)	2004 [Dec 2004]						Thailand (Indo-China, Asia-Tropical)	tax. nov.	0495-3843	\N	\N	\N	\N	\N	\N	\N	\N
77066724-1	1.1	Cucurbitaceae		N	Trichosanthes		N	erosa		spec.	Duyfjes & Pruesapan		Duyfjes & Pruesapan	Trichosanthes erosa	Thai Forest Bull., Bot.	32: 85 (-86)	2004 [Dec 2004]						Thailand (Indo-China, Asia-Tropical)	tax. nov.	0495-3843	\N	\N	\N	\N	\N	\N	\N	\N
77066725-1	1.1	Cucurbitaceae		N	Trichosanthes		N	inthanonensis		spec.	Duyfjes & Pruesapan		Duyfjes & Pruesapan	Trichosanthes inthanonensis	Thai Forest Bull., Bot.	32: 86 (-87)	2004 [Dec 2004]						Thailand (Indo-China, Asia-Tropical)	tax. nov.	0495-3843	\N	\N	\N	\N	\N	\N	\N	\N
77066726-1	1.1	Cucurbitaceae		N	Trichosanthes		N	kostermansii		spec.	Duyfjes & Pruesapan		Duyfjes & Pruesapan	Trichosanthes kostermansii	Thai Forest Bull., Bot.	32: 89	2004 [Dec 2004]						Thailand (Indo-China, Asia-Tropical)	tax. nov.	0495-3843	\N	\N	\N	\N	\N	\N	\N	\N
77066727-1	1.1	Cucurbitaceae		N	Trichosanthes		N	pallida		spec.	Duyfjes & Pruesapan		Duyfjes & Pruesapan	Trichosanthes pallida	Thai Forest Bull., Bot.	32: 90 (-91)	2004 [Dec 2004]						Thailand (Indo-China, Asia-Tropical)	tax. nov.	0495-3843	\N	\N	\N	\N	\N	\N	\N	\N
77066728-1	1.2	Cucurbitaceae		N	Trichosanthes		N	phonsenae		spec.	Duyfjes & Pruesapan		Duyfjes & Pruesapan	Trichosanthes phonsenae	Thai Forest Bull., Bot.	32: 91 (-93; fig. 3)	2004 [Dec 2004]						Thailand (Indo-China, Asia-Tropical)	tax. nov.	0495-3843	\N	\N	\N	\N	\N	\N	\N	\N
77066729-1	1.1	Cucurbitaceae		N	Trichosanthes		N	pubera	rubriflos	subsp.	(Cayla) Duyfjes & Pruesapan	(Cayla)	Duyfjes & Pruesapan	Trichosanthes pubera subsp. rubriflos	Thai Forest Bull., Bot.	32: 94	2004 [Dec 2004]			Cucurbitaceae Trichosanthes rubriflos Thorel ex Cayla				comb. nov.	0495-3843	\N	\N	\N	\N	\N	\N	\N	\N
77066730-1	1.2	Cucurbitaceae		N	Trichosanthes		N	pubera	fissisepala	var.	Duyfjes & Pruesapan		Duyfjes & Pruesapan	Trichosanthes pubera var. fissisepala	Thai Forest Bull., Bot.	32: 95	2004 [Dec 2004]						Thailand (Indo-China, Asia-Tropical)	tax. nov.	0495-3843	\N	\N	\N	\N	\N	\N	\N	\N
77066731-1	1.1	Cucurbitaceae		N	Trichosanthes		N	siamensis		spec.	Duyfjes & Pruesapan		Duyfjes & Pruesapan	Trichosanthes siamensis	Thai Forest Bull., Bot.	32: 97	2004 [Dec 2004]						Thailand (Indo-China, Asia-Tropical)	tax. nov.	0495-3843	\N	\N	\N	\N	\N	\N	\N	\N
77066732-1	1.2	Cucurbitaceae		N	Trichosanthes		N	tricuspidata	javanica	subsp.	Duyfjes & Pruesapan		Duyfjes & Pruesapan	Trichosanthes tricuspidata subsp. javanica	Thai Forest Bull., Bot.	32: 99	2004 [Dec 2004]						Jawa (Malesia, Asia-Tropical)	tax. nov.	0495-3843	\N	\N	\N	\N	\N	\N	\N	\N
77066733-1	1.2	Lauraceae		N	Litsea		N	phuwuaensis		spec.	Ngerns.		Ngerns.	Litsea phuwuaensis	Thai Forest Bull., Bot.	32: 110 (-114; figs. 1-2)	2004 [Dec 2004]						Thailand (Indo-China, Asia-Tropical)	tax. nov.	0495-3843	\N	\N	\N	\N	\N	\N	\N	\N
77066734-1	1.1	Fagaceae		N	Castanopsis		N	pseudohystrix		spec.	Phengklai		Phengklai	Castanopsis pseudohystrix	Thai Forest Bull., Bot.	32: 115 (-117; fig. 1)	2004 [Dec 2004]						Thailand (Indo-China, Asia-Tropical)	tax. nov.	0495-3843	\N	\N	\N	\N	\N	\N	\N	\N
77066735-1	1.1	Fagaceae		N	Castanopsis		N	thaiensis		spec.	Phengklai		Phengklai	Castanopsis thaiensis	Thai Forest Bull., Bot.	32: 117 (-118; fig. 2)	2004 [Dec 2004]						Thailand (Indo-China, Asia-Tropical)	tax. nov.	0495-3843	\N	\N	\N	\N	\N	\N	\N	\N
77066736-1	1.1	Fagaceae		N	Lithocarpus		N	loratifolius		spec.	Phengklai		Phengklai	Lithocarpus loratifolius	Thai Forest Bull., Bot.	32: 119 (-120; fig. 3)	2004 [Dec 2004]		"as ""loratefolius"""				Thailand (Indo-China, Asia-Tropical)	tax. nov.	0495-3843	\N	\N	\N	\N	\N	\N	\N	\N
77066737-1	1.1	Fagaceae		N	Quercus		N	mespilifolia	pubescens	var.	Barnett ex Smitinand & Phengklai		Barnett ex Smitinand & Phengklai	Quercus mespilifolia var. pubescens	Thai Forest Bull., Bot.	32: 119 (121-122; fig. 4)	2004 [Dec 2004]						Thailand (Indo-China, Asia-Tropical)	tax. nov.	0495-3843	\N	\N	\N	\N	\N	\N	\N	\N
77066738-1	1.1	Rubiaceae		N	Ophiorrhiza		N	trichocarpos	glabra	var.	Schanzer		Schanzer	Ophiorrhiza trichocarpos var. glabra	Thai Forest Bull., Bot.	32: 137	2004 [Dec 2004]						Thailand (Indo-China, Asia-Tropical)	tax. nov.	0495-3843	\N	\N	\N	\N	\N	\N	\N	\N
77066740-1	1.1	Rubiaceae		N	Ophiorrhiza		N	pedunculata		spec.	Schanzer		Schanzer	Ophiorrhiza pedunculata	Thai Forest Bull., Bot.	32: 141	2004 [Dec 2004]				Rubiaceae Ophiorrhiza hispidula Wall. ex G.Don var. longipedunculata Craib			nom. nov.	0495-3843	\N	\N	\N	\N	\N	\N	\N	\N
77066741-1	1.1	Convolvulaceae		N	Argyreia		N	siamensis		spec.	(Craib) Staples	(Craib)	Staples	Argyreia siamensis	Thai Forest Bull., Bot.	32: 149	2004 [Dec 2004]			Convolvulaceae Ipomoea siamensis Craib				comb. nov.	0495-3843	\N	\N	\N	\N	\N	\N	\N	\N
77066742-1	1.1	Convolvulaceae		N	Tridynamia		N	bialata		spec.	(Kerr) Staples	(Kerr)	Staples	Tridynamia bialata	Thai Forest Bull., Bot.	32: 149	2004 [Dec 2004]			Convolvulaceae Porana bialata Kerr				comb. nov.	0495-3843	\N	\N	\N	\N	\N	\N	\N	\N
77066743-1	1.1	Meliosmaceae		N	Meliosma		N	pinnata	barbulata	subsp.	(Cufod.) Beusekom ex Welzen	(Cufod.)	Beusekom ex Welzen	Meliosma pinnata subsp. barbulata	Thai Forest Bull., Bot.	32: 168	2004 [Dec 2004]			Meliosmaceae Meliosma rhoifolia Maxim. subsp. barbulata Cufod.				comb. nov.	0495-3843	\N	\N	\N	\N	\N	\N	\N	\N
77066744-1	1.1	Euphorbiaceae		N	Mallotus		N	glomerulatus		spec.	Welzen		Welzen	Mallotus glomerulatus	Thai Forest Bull., Bot.	32: 174 (173-178; figs. 1-2)	2004 [Dec 2004]						Thailand, Thailand (Indo-China, Asia-Tropical)	tax. nov.	0495-3843	\N	\N	\N	\N	\N	\N	\N	\N
77066923-1	1.1	Cucurbitaceae		N	Trichosanthes		N	pubera	rubriflos	var.	(Cayla) Duyfjes & Pruesapan	(Cayla)	Duyfjes & Pruesapan	Trichosanthes pubera var. rubriflos	Thai Forest Bull., Bot.	95 (94)	2004 [Dec 2004]			Cucurbitaceae Trichosanthes rubriflos Thorel ex Cayla				comb. nov.	0495-3843	\N	\N	\N	\N	\N	\N	\N	\N
77073556-1	1.2	Loranthaceae		N	Tolypanthus		N	pustulatus		spec.	Barlow		Barlow	Tolypanthus pustulatus	Thai Forest Bull., Bot.	33: 3 (front cover, 4, 6-7; figs. 2, 3b)	2005 [Dec 2005]						Thailand (Indo-China, Asia-Tropical)	tax. nov.	0495-3843	\N	\N	\N	\N	\N	\N	\N	\N
77073557-1	1.1	Rubiaceae		N	Ixora		N	phuluangensis		spec.	Chamch.		Chamch.	Ixora phuluangensis	Thai Forest Bull., Bot.	33: 8 (-9, 14-15; figs. 1-2)	2005 [Dec 2005]						Thailand (Indo-China, Asia-Tropical)	tax. nov.	0495-3843	\N	\N	\N	\N	\N	\N	\N	\N
77073558-1	1.1	Rubiaceae		N	Ixora		N	brunonis	kratensis	subsp.	(Craib) Chamch.	(Craib)	Chamch.	Ixora brunonis subsp. kratensis	Thai Forest Bull., Bot.	33: 11	2005 [Dec 2005]			Rubiaceae Ixora kratensis Craib				comb. nov.	0495-3843	\N	\N	\N	\N	\N	\N	\N	\N
77073559-1	1.1	Annonaceae		N	Polyalthia		N	kanchanaburiana		spec.	Khumch. & Thongp.		Khumch. & Thongp.	Polyalthia kanchanaburiana	Thai Forest Bull., Bot.	33: 35 (-41; figs. 1-4)	2005 [Dec 2005]						Thailand (Indo-China, Asia-Tropical)	tax. nov.	0495-3843	\N	\N	\N	\N	\N	\N	\N	\N
77073560-1	1.1	Convolvulaceae		N	Argyreia		N	collinsae		spec.	(Craib) Na Songkhla & Traiperm	(Craib)	Na Songkhla & Traiperm	Argyreia collinsae	Thai Forest Bull., Bot.	33: 42	2005 [Dec 2005]			Convolvulaceae Rivea collinsae Craib				comb. nov.	0495-3843	\N	\N	\N	\N	\N	\N	\N	\N
77073561-1	1.1	Convolvulaceae		N	Argyreia		N	ionantha		spec.	(Kerr) Khunwasi & Traiperm	(Kerr)	Khunwasi & Traiperm	Argyreia ionantha	Thai Forest Bull., Bot.	33: 42	2005 [Dec 2005]			Convolvulaceae Lettsomia ionantha Kerr				comb. nov.	0495-3843	\N	\N	\N	\N	\N	\N	\N	\N
77073562-1	1.1	Convolvulaceae		N	Argyreia		N	stenophylla		spec.	(Kerr) Staples & Traiperm	(Kerr)	Staples & Traiperm	Argyreia stenophylla	Thai Forest Bull., Bot.	33: 42 (-43)	2005 [Dec 2005]			Convolvulaceae Lettsomia stenophylla Kerr				comb. nov.	0495-3843	\N	\N	\N	\N	\N	\N	\N	\N
77073563-1	1.1	Convolvulaceae		N	Argyreia		N	versicolor		spec.	(Kerr) Staples & Traiperm	(Kerr)	Staples & Traiperm	Argyreia versicolor	Thai Forest Bull., Bot.	33: 43	2005 [Dec 2005]			Convolvulaceae Lettsomia versicolor Kerr				comb. nov.	0495-3843	\N	\N	\N	\N	\N	\N	\N	\N
77073564-1	1.2	Apocynaceae		N	Kamettia		N	chandeei		spec.	D.J.Middleton		D.J.Middleton	Kamettia chandeei	Thai Forest Bull., Bot.	33: 76 (75-80; figs. 1-2)	2005 [Dec 2005]						Thailand (Indo-China, Asia-Tropical)	tax. nov.	0495-3843	\N	\N	\N	\N	\N	\N	\N	\N
77073565-1	1.1	Lentibulariaceae		N	Utricularia		N	jackii		spec.	J.Parn.		J.Parn.	Utricularia jackii	Thai Forest Bull., Bot.	33: 128 (-129, 144; figs. 3-5)	2005 [Dec 2005]						Thailand (Indo-China, Asia-Tropical)	tax. nov.	0495-3843	\N	\N	\N	\N	\N	\N	\N	\N
77073566-1	1.2	Ebenaceae		N	Diospyros		N	phuketensis		spec.	Phengklai		Phengklai	Diospyros phuketensis	Thai Forest Bull., Bot.	33: 157 (159; fig. 1)	2005 [Dec 2005]						Thailand (Indo-China, Asia-Tropical)	tax. nov.	0495-3843	\N	\N	\N	\N	\N	\N	\N	\N
77073567-1	1.1	Ebenaceae		N	Diospyros		N	ranongensis		spec.	Phengklai		Phengklai	Diospyros ranongensis	Thai Forest Bull., Bot.	33: 158 (160; fig. 2)	2005 [Dec 2005]						Thailand (Indo-China, Asia-Tropical)	tax. nov.	0495-3843	\N	\N	\N	\N	\N	\N	\N	\N
77073568-1	1.3	Rubiaceae		N	Ophiorrhiza		N	larseniorum		spec.	Schanzer		Schanzer	Ophiorrhiza larseniorum	Thai Forest Bull., Bot.	33: 161 (-163, 167-168; figs. 1-2)	2005 [Dec 2005]						Thailand (Indo-China, Asia-Tropical)	tax. nov.	0495-3843	\N	\N	\N	\N	\N	\N	\N	\N
77073569-1	1.2	Rubiaceae		N	Ophiorrhiza		N	pseudofasciculata		spec.	Schanzer		Schanzer	Ophiorrhiza pseudofasciculata	Thai Forest Bull., Bot.	33: 163 (-164, 168-169; figs. 2-3)	2005 [Dec 2005]						Thailand (Indo-China, Asia-Tropical)	tax. nov.	0495-3843	\N	\N	\N	\N	\N	\N	\N	\N
77073570-1	1.1	Rubiaceae		N	Ophiorrhiza		N	longifloriformis		spec.	Schanzer		Schanzer	Ophiorrhiza longifloriformis	Thai Forest Bull., Bot.	33: 165 (-166, 168, 170; figs. 2, 4)	2005 [Dec 2005]						Thailand (Indo-China, Asia-Tropical)	tax. nov.	0495-3843	\N	\N	\N	\N	\N	\N	\N	\N
77073571-1	1.1	Dioscoreaceae		N	Dioscorea		N	orbiculata	tenuifolia	var.	(Ridl.) Thapyai	(Ridl.)	Thapyai	Dioscorea orbiculata var. tenuifolia	Thai Forest Bull., Bot.	33: 197	2005 [Dec 2005]			Dioscoreaceae Dioscorea tenuifolia Ridl.				comb. nov.	0495-3843	\N	\N	\N	\N	\N	\N	\N	\N
77080295-1	1.1	Cucurbitaceae		N	Mukia		N	gracilis		spec.	(Kurz) W.J.de Wilde & Duyfjes	(Kurz)	W.J.de Wilde & Duyfjes	Mukia gracilis	Thai Forest Bull., Bot.	34: 40	2006 [Dec 2006]			Cucurbitaceae Mukia maderaspatana (L.) M.Roem. var. gracilis Kurz				comb. et. stat. nov.	0495-3843	\N	\N	\N	\N	\N	\N	\N	\N
77080296-1	1.1	Cucurbitaceae		N	Mukia		N	ritchiei		spec.	(C.B.Clarke) W.J.de Wilde & Duyfjes	(C.B.Clarke)	W.J.de Wilde & Duyfjes	Mukia ritchiei	Thai Forest Bull., Bot.	34: 45	2006 [Dec 2006]			Cucurbitaceae Dicoelospermum ritchiei C.B.Clarke				comb. nov.	0495-3843	\N	\N	\N	\N	\N	\N	\N	\N
77080297-1	1.1	Cucurbitaceae		N	Mukia		N	rumphiana		spec.	(Scheff.) W.J.de Wilde & Duyfjes	(Scheff.)	W.J.de Wilde & Duyfjes	Mukia rumphiana	Thai Forest Bull., Bot.	34: 45	2006 [Dec 2006]			Cucurbitaceae Melothria rumphiana Scheff.				comb. nov.	0495-3843	\N	\N	\N	\N	\N	\N	\N	\N
77080299-1	1.2	Cucurbitaceae		N	Mukia		N	rumphiana	tomentosa	subsp.	W.J.de Wilde & Duyfjes		W.J.de Wilde & Duyfjes	Mukia rumphiana subsp. tomentosa	Thai Forest Bull., Bot.	34: 47 (-49; fig. 3)	2006 [Dec 2006]						Maluku (Malesia, Asia-Tropical)	tax. nov.	0495-3843	\N	\N	\N	\N	\N	\N	\N	\N
77080300-1	1.1	Aristolochiaceae		N	Aristolochia		N	hansenii		spec.	Phuph.		Phuph.	Aristolochia hansenii	Thai Forest Bull., Bot.	34: 179 (-181; fig. 1)	2006 [Dec 2006]						Thailand (Indo-China, Asia-Tropical)	tax. nov.	0495-3843	\N	\N	\N	\N	\N	\N	\N	\N
77080301-1	1.2	Aristolochiaceae		N	Aristolochia		N	kongkandae		spec.	Phuph.		Phuph.	Aristolochia kongkandae	Thai Forest Bull., Bot.	34: 181 (-183, 192; figs. 2, 6)	2006 [Dec 2006]						Thailand (Indo-China, Asia-Tropical)	tax. nov.	0495-3843	\N	\N	\N	\N	\N	\N	\N	\N
77080302-1	1.1	Aristolochiaceae		N	Aristolochia		N	perangustifolia		spec.	Phuph.		Phuph.	Aristolochia perangustifolia	Thai Forest Bull., Bot.	34: 183 (-184; fig. 3)	2006 [Dec 2006]						Thailand (Indo-China, Asia-Tropical)	tax. nov.	0495-3843	\N	\N	\N	\N	\N	\N	\N	\N
77080303-1	1.1	Aristolochiaceae		N	Aristolochia		N	poomae		spec.	Phuph.		Phuph.	Aristolochia poomae	Thai Forest Bull., Bot.	34: 183 (185-186, 193; figs. 4, 7C)	2006 [Dec 2006]						Thailand (Indo-China, Asia-Tropical)	tax. nov.	0495-3843	\N	\N	\N	\N	\N	\N	\N	\N
77080304-1	1.1	Aristolochiaceae		N	Aristolochia		N	yalaensis		spec.	Phuph.		Phuph.	Aristolochia yalaensis	Thai Forest Bull., Bot.	34: 185 (-188, 193; figs. 5, 7A-B)	2006 [Dec 2006]						Thailand (Indo-China, Asia-Tropical)	tax. nov.	0495-3843	\N	\N	\N	\N	\N	\N	\N	\N
77080305-1	1.2	Malvaceae		N	Thepparatia		N			gen.	Phuph.		Phuph.	Thepparatia	Thai Forest Bull., Bot.	34: 195 (-196)	2006 [Dec 2006]							tax. nov.	0495-3843	\N	\N	\N	\N	\N	\N	\N	\N
77080306-1	1.1	Malvaceae		N	Thepparatia		N	thailandica		spec.	Phuph.		Phuph.	Thepparatia thailandica	Thai Forest Bull., Bot.	34: 196 (-200; figs. 1-3)	2006 [Dec 2006]						Thailand (Indo-China, Asia-Tropical)	tax. nov.	0495-3843	\N	\N	\N	\N	\N	\N	\N	\N
77080308-1	1.1	Linaceae		N	Tirpitzia		N	bilocularis		spec.	Suksathan & K.Larsen		Suksathan & K.Larsen	Tirpitzia bilocularis	Thai Forest Bull., Bot.	34: 202 (-205; figs. 1-3)	2006 [Dec 2006]						Thailand (Indo-China, Asia-Tropical)	tax. nov.	0495-3843	\N	\N	\N	\N	\N	\N	\N	\N
77087763-1	1.1	Moraceae		N	Ficus		N	anserina		spec.	(Corner) C.C.Berg	(Corner)	C.C.Berg	Ficus anserina	Thai Forest Bull., Bot.	35: 5	2007 [Sep 2007]			Moraceae Ficus pubigera (Miq.) Wall. ex Brandis var. anserina Corner				comb. et. stat. nov.	0495-3843	\N	\N	\N	\N	\N	\N	\N	\N
77087764-1	1.1	Moraceae		N	Ficus		N	geniculata	insignis	var.	(Kurz) C.C.Berg	(Kurz)	C.C.Berg	Ficus geniculata var. insignis	Thai Forest Bull., Bot.	35: 17	2007 [Sep 2007]			Moraceae Ficus insignis Kurz				comb. et. stat. nov.	0495-3843	\N	\N	\N	\N	\N	\N	\N	\N
77087766-1	1.1	Moraceae		N	Ficus		N	glaberrima	siamensis	subsp.	(Corner) C.C.Berg	(Corner)	C.C.Berg	Ficus glaberrima subsp. siamensis	Thai Forest Bull., Bot.	35: 18	2007 [Sep 2007]			Moraceae Ficus glaberrima Blume var. siamensis Corner				comb. et. stat. nov.	0495-3843	\N	\N	\N	\N	\N	\N	\N	\N
77087767-1	1.1	Moraceae		N	Ficus		N	ochracea		spec.	(C.C.Berg) C.C.Berg	(C.C.Berg)	C.C.Berg	Ficus ochracea	Thai Forest Bull., Bot.	35: 21	2007 [Sep 2007]			Moraceae Ficus hirta Vahl subsp. ochracea C.C.Berg				stat. nov.	0495-3843	\N	\N	\N	\N	\N	\N	\N	\N
77087768-1	1.1	Moraceae		N	Ficus		N	saxophila	cardiophylla	subsp.	(Merr.) C.C.Berg	(Merr.)	C.C.Berg	Ficus saxophila subsp. cardiophylla	Thai Forest Bull., Bot.	35: 23	2007 [Sep 2007]			Moraceae Ficus cardiophylla Merr.				comb. et. stat. nov.	0495-3843	\N	\N	\N	\N	\N	\N	\N	\N
77087770-1	1.2	Moraceae		N	Ficus		N	subpisocarpa	pubipoda	subsp.	C.C.Berg		C.C.Berg	Ficus subpisocarpa subsp. pubipoda	Thai Forest Bull., Bot.	35: 24	2007 [Sep 2007]						Thailand (Indo-China, Asia-Tropical)	tax. nov.	0495-3843	\N	\N	\N	\N	\N	\N	\N	\N
77087771-1	1.2	Moraceae		N	Ficus		N	triloba	quangtriensis	subsp.	(Gagnep.) C.C.Berg	(Gagnep.)	C.C.Berg	Ficus triloba subsp. quangtriensis	Thai Forest Bull., Bot.	35: 27	2007 [Sep 2007]			Moraceae Ficus quangtriensis Gagnep.				comb. et. stat. nov.	0495-3843	\N	\N	\N	\N	\N	\N	\N	\N
77087772-1	1.1	Moraceae		N	Ficus		N	thailandica		spec.	C.C.Berg & S.Gardner		C.C.Berg & S.Gardner	Ficus thailandica	Thai Forest Bull., Bot.	35: 31 (-32; fig. 1)	2007 [Sep 2007]						Thailand (Indo-China, Asia-Tropical)	tax. nov.	0495-3843	\N	\N	\N	\N	\N	\N	\N	\N
77087773-1	1.1	Cucurbitaceae		N	Gomphogyne		N	cirromitrata		spec.	W.J.de Wilde & Duyfjes		W.J.de Wilde & Duyfjes	Gomphogyne cirromitrata	Thai Forest Bull., Bot.	35: 53 (51; map)	2007 [Sep 2007]						Thailand (Indo-China, Asia-Tropical)	tax. nov.	0495-3843	\N	\N	\N	\N	\N	\N	\N	\N
77087774-1	1.1	Cucurbitaceae		N	Gomphogyne		N	cirromitrata	minor	f.	W.J.de Wilde & Duyfjes		W.J.de Wilde & Duyfjes	Gomphogyne cirromitrata f. minor	Thai Forest Bull., Bot.	35: 54 (-57, 59, 64; figs. 2D, 4D, 7A-B, H)	2007 [Sep 2007]						Thailand (Indo-China, Asia-Tropical)	tax. nov.	0495-3843	\N	\N	\N	\N	\N	\N	\N	\N
77087785-1	1.2	Cucurbitaceae		N	Gomphogyne		N	heterosperma	vittata	f.	W.J.de Wilde & Duyfjes		W.J.de Wilde & Duyfjes	Gomphogyne heterosperma f. vittata	Thai Forest Bull., Bot.	35: 60 (59; fig 4C)	2007 [Sep 2007]						Thailand (Indo-China, Asia-Tropical)	tax. nov.	0495-3843	\N	\N	\N	\N	\N	\N	\N	\N
77087787-1	1.2	Cucurbitaceae		N	Gomphogyne		N	nepalensis		spec.	W.J.de Wilde & Duyfjes		W.J.de Wilde & Duyfjes	Gomphogyne nepalensis	Thai Forest Bull., Bot.	35: 60 (-62; fig. 5)	2007 [Sep 2007]						Nepal (Indian Subcontinent, Asia-Tropical)	tax. nov.	0495-3843	\N	\N	\N	\N	\N	\N	\N	\N
77087790-1	1.1	Cucurbitaceae		N	Gomphogyne		N	peekelii		spec.	W.J.de Wilde & Duyfjes		W.J.de Wilde & Duyfjes	Gomphogyne peekelii	Thai Forest Bull., Bot.	35: 62 (-65, 59 ; figs. 4F, 6A-E)	2007 [Sep 2007]						Bismarck Archipelago (Papuasia, Asia-Tropical);Maluku (Malesia, Asia-Tropical);	tax. nov.	0495-3843	\N	\N	\N	\N	\N	\N	\N	\N
77087808-1	1.1	Apocynaceae		N	Wrightia		N	siamensis		spec.	D.J.Middleton		D.J.Middleton	Wrightia siamensis	Thai Forest Bull., Bot.	35: 80 (-83; figs. 1-3)	2007 [Sep 2007]						Thailand (Indo-China, Asia-Tropical)	tax. nov.	0495-3843	\N	\N	\N	\N	\N	\N	\N	\N
77087809-1	1.2	Poaceae		N	Dendrocalamus		N	khoonmengii		spec.	Sungkaew, Teerawat. & Hodk.		Sungkaew, Teerawat. & Hodk.	Dendrocalamus khoonmengii	Thai Forest Bull., Bot.	35: 99 (-102; fig. 1)	2007 [Sep 2007]						Thailand (Indo-China, Asia-Tropical)	tax. nov.	0495-3843	\N	\N	\N	\N	\N	\N	\N	\N
77087810-1	1.2	Asteraceae		N	Eclipta		N	angustata		spec.	Umemoto & H.Koyama		Umemoto & H.Koyama	Eclipta angustata	Thai Forest Bull., Bot.	35: 114 (-117, 109-110 ; figs. 1A, 2A, 3)	2007 [Sep 2007]						Thailand (Indo-China, Asia-Tropical);Japan (Eastern Asia, Asia-Temperate);Philippines (Malesia, Asia-Tropical);Singapore (Malaya, Malesia, Asia-Tropical);Sumatera (Malesia, Asia-Tropical);Kalimantan (Borneo, Malesia, Asia-Tropical);Sarawak (Borneo, Malesi	tax. nov.	0495-3843	\N	\N	\N	\N	\N	\N	\N	\N
77095868-1	1.1	Araceae		N	Alocasia		N	hypoleuca		spec.	P.C.Boyce		P.C.Boyce	Alocasia hypoleuca	Thai Forest Bull., Bot.	36: 9 (-10, 12; fig. 1)	2008 [Nov 2008]						Thailand (Indo-China, Asia-Tropical)	tax. nov.	0495-3843	\N	\N	\N	\N	\N	\N	\N	\N
77095869-1	1.1	Thelypteridaceae		N	Cyclosorus		N	thailandicus		spec.	S.Linds.		S.Linds.	Cyclosorus thailandicus	Thai Forest Bull., Bot.	36: 47 (-49; fig. 1, map 1)	2008 [Nov 2008]						Thailand (Indo-China, Asia-Tropical)	tax. nov.	0495-3843	\N	\N	\N	\N	\N	\N	\N	\N
77095870-1	1.2	Dryopteridaceae		N	Tectaria		N	phanomensis		spec.	S.Linds.		S.Linds.	Tectaria phanomensis	Thai Forest Bull., Bot.	36: 49 (-50; map 1)	2008 [Nov 2008]		Publ. in Tectariaceae.				Thailand (Indo-China, Asia-Tropical)	tax. nov.	0495-3843	\N	\N	\N	\N	\N	\N	\N	\N
77095871-1	1.1	Convolvulaceae		N	Argyreia		N	hylophila		spec.	(Kerr) Staples & Traiperm	(Kerr)	Staples & Traiperm	Argyreia hylophila	Thai Forest Bull., Bot.	36: 97	2008 [Nov 2008]			Convolvulaceae Ipomoea hylophila Kerr				comb. nov.	0495-3843	\N	\N	\N	\N	\N	\N	\N	\N
77095872-1	1.1	Convolvulaceae		N	Argyreia		N	popahensis		spec.	(Collett & Hemsl.) Staples	(Collett & Hemsl.)	Staples	Argyreia popahensis	Thai Forest Bull., Bot.	36: 97	2008 [Nov 2008]		Basionym was published on page 97, not page 95 as cited.  This error does not affect validity of publication.  See Art. 33.5 (ICBN 2006).	Convolvulaceae Ipomoea popahensis Collett & Hemsl.				comb. nov.	0495-3843	\N	\N	\N	\N	\N	\N	\N	\N
77095873-1	1.1	Convolvulaceae		N	Argyreia		N	melvillei		spec.	(S.Moore) Staples	(S.Moore)	Staples	Argyreia melvillei	Thai Forest Bull., Bot.	36: 97	2008 [Nov 2008]			Convolvulaceae Lettsomia melvillei S.Moore				comb. nov.	0495-3843	\N	\N	\N	\N	\N	\N	\N	\N
77095875-1	1.3	Convolvulaceae		N	Merremia		N	thorelii		spec.	(Gagnep.) Staples	(Gagnep.)	Staples	Merremia thorelii	Thai Forest Bull., Bot.	36: 98	2008 [Nov 2008]	nom. inval.    without basionym 	Correct basionym citation is linked here but the page number was omitted when the comb. nov. was published.  This prevents the name from being validly published.	Convolvulaceae Ipomoea thorelii Gagnep.				comb. nov.	0495-3843	\N	\N	\N	\N	\N	\N	\N	\N
77095887-1	1.2	Convolvulaceae		N	Argyreia		N	variabilis		spec.	Traiperm & Staples		Traiperm & Staples	Argyreia variabilis	Thai Forest Bull., Bot.	36: 98 (-100, 108; figs. 4 & 6A-B)	2008 [Nov 2008]						Thailand (Indo-China, Asia-Tropical)	tax. nov.	0495-3843	\N	\N	\N	\N	\N	\N	\N	\N
77095892-1	1.2	Convolvulaceae		N	Argyreia		N	leucantha		spec.	Traiperm & Staples		Traiperm & Staples	Argyreia leucantha	Thai Forest Bull., Bot.	36: 100 (-102, 108; figs. 5 & 6C-E)	2008 [Nov 2008]						Thailand (Indo-China, Asia-Tropical)	tax. nov.	0495-3843	\N	\N	\N	\N	\N	\N	\N	\N
77104014-1	1.2	Vitaceae		N	Cissus		N	craibii	dissecta	subsp.	(Craib) Trias-Blasi & J.Parn.	(Craib)	Trias-Blasi & J.Parn.	Cissus craibii subsp. dissecta	Thai Forest Bull., Bot.	Special Issue: 206	2009			Vitaceae Cissus dissecta Craib				stat. nov.	0495-3843	\N	\N	\N	\N	\N	\N	\N	\N
77104015-1	1.1.1.1	Rubiaceae		N	Argostemma		N	siamense		spec.	Puff		Puff	Argostemma siamense	Thai Forest Bull., Bot.	37: 137	2009				Rubiaceae Argostemma monophyllum Sridith			nom. nov.	0495-3843	\N	\N	\N	\N	\N	\N	\N	\N
77104173-1	1.1	Araceae		N	Anadendrum		N	griseum		spec.	P.C.Boyce		P.C.Boyce	Anadendrum griseum	Thai Forest Bull., Bot.	37: 3 (-4; fig. 1)	2009 [Dec 2009]						Thailand (Indo-China, Asia-Tropical)	tax. nov.	0495-3843	\N	\N	\N	\N	\N	\N	\N	\N
77104174-1	1.2	Araceae		N	Anadendrum		N	marcesovaginatum		spec.	P.C.Boyce		P.C.Boyce	Anadendrum marcesovaginatum	Thai Forest Bull., Bot.	37: 5 (-6; fig. 2)	2009 [Dec 2009]						Thailand (Indo-China, Asia-Tropical)	tax. nov.	0495-3843	\N	\N	\N	\N	\N	\N	\N	\N
77104175-1	1.1	Araceae		N	Anadendrum		N	badium		spec.	P.C.Boyce		P.C.Boyce	Anadendrum badium	Thai Forest Bull., Bot.	37: 5 (7-8; fig. 3)	2009 [Dec 2009]						Thailand (Indo-China, Asia-Tropical)	tax. nov.	0495-3843	\N	\N	\N	\N	\N	\N	\N	\N
77104179-1	1.1.2.1	Araceae		N	Pothos		N	neoroxburghii		spec.	P.C.Boyce		P.C.Boyce	Pothos neoroxburghii	Thai Forest Bull., Bot.	37: 21	2009 [Dec 2009]	nom. illeg. nom. superfl.			Araceae Pothos roxburghii de Vriese			nom. nov.	0495-3843	\N	\N	\N	\N	\N	\N	\N	\N
77104181-1	1.1	Lamiaceae		N	Callicarpa		N	kerrii		spec.	Leerat. & A.J.Paton		Leerat. & A.J.Paton	Callicarpa kerrii	Thai Forest Bull., Bot.	37: 45 (-47; fig. 4)	2009 [Dec 2009]						Thailand (Indo-China, Asia-Tropical)	tax. nov.	0495-3843	\N	\N	\N	\N	\N	\N	\N	\N
77104182-1	1.1	Lamiaceae		N	Callicarpa		N	phuluangensis		spec.	Leerat. & A.J.Paton		Leerat. & A.J.Paton	Callicarpa phuluangensis	Thai Forest Bull., Bot.	37: 53 (-55; fig. 6)	2009 [Dec 2009]						Thailand (Indo-China, Asia-Tropical)	tax. nov.	0495-3843	\N	\N	\N	\N	\N	\N	\N	\N
77110062-1	1.2	Lentibulariaceae		N	Utricularia		N	inthanonensis		spec.	Suksathan & J.Parn.		Suksathan & J.Parn.	Utricularia inthanonensis	Thai Forest Bull., Bot.	38: 25 (-27; figs.)	2010 [Dec 2010]						Thailand (Indo-China, Asia-Tropical)	tax. nov.	0495-3843	\N	\N	\N	\N	\N	\N	\N	\N
77110063-1	1.1	Lentibulariaceae		N	Utricularia		N	phusoidaoensis		spec.	Suksathan & J.Parn.		Suksathan & J.Parn.	Utricularia phusoidaoensis	Thai Forest Bull., Bot.	38: 27 (figs.)	2010 [Dec 2010]						Thailand (Indo-China, Asia-Tropical)	tax. nov.	0495-3843	\N	\N	\N	\N	\N	\N	\N	\N
77110064-1	1.1	Lentibulariaceae		N	Utricularia		N	spinomarginata		spec.	Suksathan & J.Parn.		Suksathan & J.Parn.	Utricularia spinomarginata	Thai Forest Bull., Bot.	38: 27 (29-32; figs.)	2010 [Dec 2010]						Thailand (Indo-China, Asia-Tropical)	tax. nov.	0495-3843	\N	\N	\N	\N	\N	\N	\N	\N
77110065-1	1.1	Euphorbiaceae		N	Croton		N	fluviatilis		spec.	Esser		Esser	Croton fluviatilis	Thai Forest Bull., Bot.	38: 33 (-36; figs.)	2010 [Dec 2010]						Thailand (Indo-China, Asia-Tropical)	tax. nov.	0495-3843	\N	\N	\N	\N	\N	\N	\N	\N
77110068-1	1.1	Begoniaceae		N	Begonia		N	pteridiformis		spec.	Phutthai		Phutthai	Begonia pteridiformis	Thai Forest Bull., Bot.	38: 37 (-41; figs.)	2010 [Dec 2010]						Thailand (Indo-China, Asia-Tropical)	tax. nov.	0495-3843	\N	\N	\N	\N	\N	\N	\N	\N
77110069-1	1.1	Gesneriaceae		N	Petrocosmea		N	bicolor		spec.	D.J.Middleton & Triboun		D.J.Middleton & Triboun	Petrocosmea bicolor	Thai Forest Bull., Bot.	38: 42 (-44; figs.)	2010 [Dec 2010]						Thailand (Indo-China, Asia-Tropical)	tax. nov.	0495-3843	\N	\N	\N	\N	\N	\N	\N	\N
77110071-1	1.1	Gesneriaceae		N	Petrocosmea		N	pubescens		spec.	D.J.Middleton & Triboun		D.J.Middleton & Triboun	Petrocosmea pubescens	Thai Forest Bull., Bot.	38: 44 (-47; figs.)	2010 [Dec 2010]						Thailand (Indo-China, Asia-Tropical)	tax. nov.	0495-3843	\N	\N	\N	\N	\N	\N	\N	\N
77110072-1	1.2	Convallariaceae		N	Aspidistra		N	subrotata	angustifolia	var.	Phonsena		Phonsena	Aspidistra subrotata var. angustifolia	Thai Forest Bull., Bot.	38: 53 (fig. 4F)	2010 [Dec 2010]						Thailand (Indo-China, Asia-Tropical)	tax. nov.	0495-3843	\N	\N	\N	\N	\N	\N	\N	\N
77110073-1	1.1	Convallariaceae		N	Aspidistra		N	subrotata	crassinervis	var.	(Tillich) Phonsena	(Tillich)	Phonsena	Aspidistra subrotata var. crassinervis	Thai Forest Bull., Bot.	38: 53	2010 [Dec 2010]			Convallariaceae Aspidistra subrotata Y.Wan & C.C.Huang subsp. crassinervis Tillich				stat. nov.	0495-3843	\N	\N	\N	\N	\N	\N	\N	\N
77110074-1	1.1	Lamiaceae		N	Platostoma		N	tridechii		spec.	Suddee		Suddee	Platostoma tridechii	Thai Forest Bull., Bot.	38: 59 (-63; figs., map)	2010 [Dec 2010]						Thailand (Indo-China, Asia-Tropical)	tax. nov.	0495-3843	\N	\N	\N	\N	\N	\N	\N	\N
77110076-1	1.2	Adiantaceae		N	Adiantum		N	membranifolium		spec.	S.Linds. & Suksathan		S.Linds. & Suksathan	Adiantum membranifolium	Thai Forest Bull., Bot.	38: 67 (-69; fig.)	2010 [Dec 2010]						Thailand (Indo-China, Asia-Tropical)	tax. nov.	0495-3843	\N	\N	\N	\N	\N	\N	\N	\N
77110083-1	1.1	Gesneriaceae		N	Damrongia		N	cyanantha		spec.	Triboun		Triboun	Damrongia cyanantha	Thai Forest Bull., Bot.	38: 109 (108-110; fig.)	2010 [Dec 2010]						Thailand (Indo-China, Asia-Tropical)	tax. nov.	0495-3843	\N	\N	\N	\N	\N	http://web3.dnp.go.th/botany/PDF/TFB/TFB38/16_Damrongia.pdf	\N	\N
77110084-1	1.1	Euphorbiaceae		N	Breynia		N	calcarea		spec.	(M.R.Hend.) Welzen & Pruesapan	(M.R.Hend.)	Welzen & Pruesapan	Breynia calcarea	Thai Forest Bull., Bot.	38: 113	2010 [Dec 2010]			Euphorbiaceae Sauropus calcareus M.R.Hend.				comb. nov.	0495-3843	\N	\N	\N	\N	\N	\N	\N	\N
77110085-1	1.1	Euphorbiaceae		N	Breynia		N	carnosa		spec.	Welzen & Pruesapan		Welzen & Pruesapan	Breynia carnosa	Thai Forest Bull., Bot.	38: 113 (-115; fig. 2)	2010 [Dec 2010]						Thailand (Indo-China, Asia-Tropical)	tax. nov.	0495-3843	\N	\N	\N	\N	\N	\N	\N	\N
77110086-1	1.1	Euphorbiaceae		N	Breynia		N	lithophila		spec.	Welzen & Pruesapan		Welzen & Pruesapan	Breynia lithophila	Thai Forest Bull., Bot.	38: 115 (fig. 3)	2010 [Dec 2010]						Thailand (Indo-China, Asia-Tropical)	tax. nov.	0495-3843	\N	\N	\N	\N	\N	\N	\N	\N
77110088-1	1.1	Euphorbiaceae		N	Breynia		N	obscura		spec.	Welzen & Pruesapan		Welzen & Pruesapan	Breynia obscura	Thai Forest Bull., Bot.	38: 115 (117; fig. 4)	2010 [Dec 2010]						Peninsular Malaysia (Malaya, Malesia, Asia-Tropical)	tax. nov.	0495-3843	\N	\N	\N	\N	\N	\N	\N	\N
77110089-1	1.1	Euphorbiaceae		N	Breynia		N	repens		spec.	Welzen & Pruesapan		Welzen & Pruesapan	Breynia repens	Thai Forest Bull., Bot.	38: 117 (-119; fig. 5)	2010 [Dec 2010]						Thailand (Indo-China, Asia-Tropical)	tax. nov.	0495-3843	\N	\N	\N	\N	\N	\N	\N	\N
77110094-1	1.1	Polygonaceae		N	Persicaria		N	chinensis	hispida	var.	(Hook.f.) Kantachot	(Hook.f.)	Kantachot	Persicaria chinensis var. hispida	Thai Forest Bull., Bot.	38: 135	2010 [Dec 2010]			Polygonaceae Polygonum chinense L. var. hispidum Hook.f.				comb. nov.	0495-3843	\N	\N	\N	\N	\N	\N	\N	\N
77110095-1	1.1	Polygonaceae		N	Persicaria		N	paradoxa		spec.	(H.Lév.) Kantachot	(H.Lév.)	Kantachot	Persicaria paradoxa	Thai Forest Bull., Bot.	38: 143	2010 [Dec 2010]			Polygonaceae Polygonum paradoxum H.Lév.				comb. nov.	0495-3843	\N	\N	\N	\N	\N	\N	\N	\N
77110096-1	1.1	Araliaceae		N	Schefflera		N	poomae		spec.	Esser & Jebb		Esser & Jebb	Schefflera poomae	Thai Forest Bull., Bot.	38: 162 (-163; figs. 1-2)	2010 [Dec 2010]						Thailand (Indo-China, Asia-Tropical)	tax. nov.	0495-3843	\N	\N	\N	\N	\N	\N	\N	\N
77110097-1	1.1	Rubiaceae		N	Mycetia		N	basiflora		spec.	Puff		Puff	Mycetia basiflora	Thai Forest Bull., Bot.	38: 174 (-177; figs. 1-2)	2010 [Dec 2010]						Thailand (Indo-China, Asia-Tropical)	tax. nov.	0495-3843	\N	\N	\N	\N	\N	\N	\N	\N
77110098-1	1.1	Araceae		N	Cryptocoryne		N	cordata	siamensis	var.	(Gagnep.) N.Jacobsen & Sookch.	(Gagnep.)	N.Jacobsen & Sookch.	Cryptocoryne cordata var. siamensis	Thai Forest Bull., Bot.	38: 180	2010 [Dec 2010]			Araceae Cryptocoryne siamensis Gagnep.				comb. et. stat. nov.	0495-3843	\N	\N	\N	\N	\N	\N	\N	\N
77110099-1	1.1	Araceae		N	Cryptocoryne		N	loeiensis		spec.	Bastm., T.Idei & N.Jacobsen		Bastm., T.Idei & N.Jacobsen	Cryptocoryne loeiensis	Thai Forest Bull., Bot.	38: 181 (-183; fig. 2)	2010 [Dec 2010]						Thailand (Indo-China, Asia-Tropical)	tax. nov.	0495-3843	\N	\N	\N	\N	\N	\N	\N	\N
77110100-1	1.1	Polygalaceae		N	Epirixanthes		N	compressa		spec.	Pendry		Pendry	Epirixanthes compressa	Thai Forest Bull., Bot.	38: 184 (-186; fig.)	2010 [Dec 2010]						Thailand (Indo-China, Asia-Tropical)	tax. nov.	0495-3843	\N	\N	\N	\N	\N	\N	\N	\N
77117651-1	1.1	Cucurbitaceae		N	Gomphogyne		N	longgangensis		spec.	(X.X.Chen & D.R.Liang) W.J.de Wilde & Duyfjes	(X.X.Chen & D.R.Liang)	W.J.de Wilde & Duyfjes	Gomphogyne longgangensis	Thai Forest Bull., Bot.	39: 4	2011 [Dec 2011]			Cucurbitaceae Hemsleya longgangensis X.X.Chen & D.R.Liang				comb. nov.	0495-3843	\N	\N	\N	\N	\N	\N	\N	\N
77117652-1	1.2	Cucurbitaceae		N	Gomphogyne		N	stenocarpa		spec.	W.J.de Wilde & Duyfjes		W.J.de Wilde & Duyfjes	Gomphogyne stenocarpa	Thai Forest Bull., Bot.	39: 4 (-8; figs. 2C-E, 3-4)	2011 [Dec 2011]						Thailand (Indo-China, Asia-Tropical)	tax. nov.	0495-3843	\N	\N	\N	\N	\N	\N	\N	\N
77117653-1	1.1	Cucurbitaceae		N	Sinobaijiania		N	smitinandii	laxa	var.	W.J.de Wilde & Duyfjes		W.J.de Wilde & Duyfjes	Sinobaijiania smitinandii var. laxa	Thai Forest Bull., Bot.	39: 11	2011 [Dec 2011]						Thailand (Indo-China, Asia-Tropical)	tax. nov.	0495-3843	\N	\N	\N	\N	\N	\N	\N	\N
77117654-1	1.2	Flacourtiaceae		N	Casearia		N	gallifera		spec.	Tathana		Tathana	Casearia gallifera	Thai Forest Bull., Bot.	39: 25 (-26)	2011 [Dec 2011]						Thailand (Indo-China, Asia-Tropical)	tax. nov.	0495-3843	\N	\N	\N	\N	\N	\N	\N	\N
77117655-1	1.1	Flacourtiaceae		N	Casearia		N	parvistipula		spec.	Tathana		Tathana	Casearia parvistipula	Thai Forest Bull., Bot.	39: 26 (-27; fig. 1)	2011 [Dec 2011]						Thailand (Indo-China, Asia-Tropical)	tax. nov.	0495-3843	\N	\N	\N	\N	\N	\N	\N	\N
77117656-1	1.1	Musaceae		N	Musa		N	serpentina		spec.	Swangpol & Somana		Swangpol & Somana	Musa serpentina	Thai Forest Bull., Bot.	39: 32 (-36; figs. 1-2, map 1)	2011 [Dec 2011]						Thailand (Indo-China, Asia-Tropical)	tax. nov.	0495-3843	\N	\N	\N	\N	\N	\N	\N	\N
77124452-1	1.1	Gesneriaceae		N	Somrania		N			gen.	D.J.Middleton		D.J.Middleton	Somrania	Thai Forest Bull., Bot.	40: 10	2012 [Nov 2012]		[english]					tax. nov.	0495-3843	\N	\N	\N	\N	\N	\N	\N	\N
77124453-1	1.2	Gesneriaceae		N	Somrania		N	albiflora		spec.	D.J.Middleton		D.J.Middleton	Somrania albiflora	Thai Forest Bull., Bot.	40: 10	2012 [Nov 2012]		[english]				Thailand (Indo-China, Asia-Tropical)	tax. nov.	0495-3843	\N	\N	\N	\N	\N	\N	\N	\N
77124454-1	1.2	Gesneriaceae		N	Somrania		N	lineata		spec.	D.J.Middleton & Triboun		D.J.Middleton & Triboun	Somrania lineata	Thai Forest Bull., Bot.	40: 11	2012 [Nov 2012]		[english]				Thailand (Indo-China, Asia-Tropical)	tax. nov.	0495-3843	\N	\N	\N	\N	\N	\N	\N	\N
77124455-1	1.1	Piperaceae		N	Piper		N	doiphukhaense		spec.	Suwanph. & Chantar.		Suwanph. & Chantar.	Piper doiphukhaense	Thai Forest Bull., Bot.	40: 31	2012 [Nov 2012]		[english]				Thailand (Indo-China, Asia-Tropical)	tax. nov.	0495-3843	\N	\N	\N	\N	\N	\N	\N	\N
77124456-1	1.2	Piperaceae		N	Piper		N	khaoyaiense		spec.	Suwanph. & D.A.Simpson		Suwanph. & D.A.Simpson	Piper khaoyaiense	Thai Forest Bull., Bot.	40: 32	2012 [Nov 2012]		[english]				Thailand (Indo-China, Asia-Tropical)	tax. nov.	0495-3843	\N	\N	\N	\N	\N	\N	\N	\N
77124457-1	1.2	Piperaceae		N	Piper		N	smitinandianum		spec.	Suwanph. & Chantar.		Suwanph. & Chantar.	Piper smitinandianum	Thai Forest Bull., Bot.	40: 34	2012 [Nov 2012]		The new species is named in honour of Prof. Tem Smitinand (1920-1995)				Thailand (Indo-China, Asia-Tropical)	tax. nov.	0495-3843	\N	\N	\N	\N	\N	\N	\N	\N
77124458-1	1.1	Woodsiaceae		N	Rhachidosorus		N	siamensis		spec.	S.Linds.		S.Linds.	Rhachidosorus siamensis	Thai Forest Bull., Bot.	40: 102	2012 [Nov 2012]		[english]				Thailand (Indo-China, Asia-Tropical)	tax. nov.	0495-3843	\N	\N	\N	\N	\N	\N	\N	\N
77124459-1	1.2	Orchidaceae		N	Coelogyne		N	phuhinrongklaensis		spec.	Ngerns. & Tippayasri		Ngerns. & Tippayasri	Coelogyne phuhinrongklaensis	Thai Forest Bull., Bot.	40: 125	2012 [Nov 2012]		[english]				Thailand (Indo-China, Asia-Tropical)	tax. nov.	0495-3843	\N	\N	\N	\N	\N	\N	\N	\N
77124573-1	1.2	Campanulaceae		N	Cyclocodon		N	axillaris		spec.	(Oliv.) W.J.de Wilde & Duyfjes	(Oliv.)	W.J.de Wilde & Duyfjes	Cyclocodon axillaris	Thai Forest Bull., Bot.	40: 22	2012 [Nov 2012]			Campanulaceae Campanumoea axillaris Oliv.				comb. nov.	0495-3843	\N	\N	\N	\N	\N	\N	\N	\N
77124574-1	1.1	Campanulaceae		N	Lobelia		N	alsinoides	trigona	var.	(Roxb.) W.J.de Wilde & Duyfjes	(Roxb.)	W.J.de Wilde & Duyfjes	Lobelia alsinoides var. trigona	Thai Forest Bull., Bot.	40: 42	2012 [Nov 2012]			Campanulaceae Lobelia trigona Roxb.				stat. nov.	0495-3843	\N	\N	\N	\N	\N	\N	\N	\N
77124575-1	1.2	Campanulaceae		N	Lobelia		N	dopatrioides	cantonensis	var.	(Danguy) W.J.de Wilde & Duyfjes	(Danguy)	W.J.de Wilde & Duyfjes	Lobelia dopatrioides var. cantonensis	Thai Forest Bull., Bot.	40: 44	2012 [Nov 2012]			Campanulaceae Lobelia chinensis Lour. f. cantonensis Danguy				comb. nov.	0495-3843	\N	\N	\N	\N	\N	\N	\N	\N
77124577-1	1.3	Campanulaceae		N	Lobelia		N	dopatrioides	kradungensis	var.	W.J.de Wilde & Duyfjes		W.J.de Wilde & Duyfjes	Lobelia dopatrioides var. kradungensis	Thai Forest Bull., Bot.	40: 45	2012 [Nov 2012]						Thailand (Indo-China, Asia-Tropical)	tax. nov.	0495-3843	\N	\N	\N	\N	\N	\N	\N	\N
77124578-1	1.3	Campanulaceae		N	Lobelia		N	reinwardtiana	megalantha	var.	W.J.de Wilde & Duyfjes		W.J.de Wilde & Duyfjes	Lobelia reinwardtiana var. megalantha	Thai Forest Bull., Bot.	40: 47	2012 [Nov 2012]						Kerala (India, Indian Subcontinent, Asia-Tropical)	tax. nov.	0495-3843	\N	\N	\N	\N	\N	\N	\N	\N
77124579-1	1.1	Campanulaceae		N	Lobelia		N	reptans		spec.	W.J.de Wilde & Duyfjes		W.J.de Wilde & Duyfjes	Lobelia reptans	Thai Forest Bull., Bot.	40: 47	2012 [Nov 2012]						Papua New Guinea (New Guinea, Papuasia, Asia-Tropical)	tax. nov.	0495-3843	\N	\N	\N	\N	\N	\N	\N	\N
77124580-1	1.2	Campanulaceae		N	Lobelia		N	serratifolia		spec.	W.J.de Wilde & Duyfjes		W.J.de Wilde & Duyfjes	Lobelia serratifolia	Thai Forest Bull., Bot.	40: 50	2012 [Nov 2012]						Papua New Guinea (New Guinea, Papuasia, Asia-Tropical)	tax. nov.	0495-3843	\N	\N	\N	\N	\N	\N	\N	\N
77124582-1	1.1	Campanulaceae		N	Lobelia		N	walkeri		spec.	(C.B.Clarke) W.J.de Wilde & Duyfjes	(C.B.Clarke)	W.J.de Wilde & Duyfjes	Lobelia walkeri	Thai Forest Bull., Bot.	40: 52	2012 [Nov 2012]			Campanulaceae Lobelia zeylanica L. var. walkeri C.B.Clarke				stat. nov.	0495-3843	\N	\N	\N	\N	\N	\N	\N	\N
836935-1	1.4	Ulmaceae		N	Aphananthe		N	yunnanensis		spec.	(Hu) Phuphathanaphong	(Hu)	Phuphathanaphong	Aphananthe yunnanensis	Thai Forest Bull., Bot.	7: 41 (1973)								unknown	0495-3843	\N	\N	\N	\N	\N	\N	\N	\N
872218-1	1.4.2.1.1.3	Zingiberaceae		N	Boesenbergia		N	parvula		spec.	(Wall. ex Baker) Smitinand	(Wall. ex Baker)	Smitinand	Boesenbergia parvula	Thai Forest Bull., Bot.	No. 2 (Noteworthy Pl. Thail.) 19 (1955)								unknown	0495-3843	\N	\N	\N	\N	\N	\N	\N	\N
874782-1	1.5	Bignoniaceae		N	Markhamia		N	stipulata	cauda-felina	var.	(Hance) Santisuk	(Hance)	Santisuk	Markhamia stipulata var. cauda-felina	Thai Forest Bull., Bot.	8: 15 (1974)								unknown	0495-3843	\N	\N	\N	\N	\N	\N	\N	\N
879939-1	1.5	Dipterocarpaceae		N	Shorea		N	siamensis	tomentosa	var.	(Craib) T.Smitinand	(Craib)	T.Smitinand	Shorea siamensis var. tomentosa	Thai Forest Bull., Bot.	12: 67 (1979 publ. 1980)								unknown	0495-3843	\N	\N	\N	\N	\N	\N	\N	\N
879957-1	1.7	Ebenaceae		N	Diospyros		N	malabarica	siamensis	var.	(Hochr.) Phengklai	(Hochr.)	Phengklai	Diospyros malabarica var. siamensis	Thai Forest Bull., Bot.	11: 46 (1978)								unknown	0495-3843	\N	\N	\N	\N	\N	\N	\N	\N
879968-1	1.6	Ebenaceae		N	Diospyros		N	toposia	toposioides	var.	(King & Gamble) Phengklai	(King & Gamble)	Phengklai	Diospyros toposia var. toposioides	Thai Forest Bull., Bot.	11: 36 (1978)								unknown	0495-3843	\N	\N	\N	\N	\N	\N	\N	\N
885033-1	1.5	Leguminosae		N	Crotalaria		N	filiformis	kerrii	var.	(Craib) Niyomdham	(Craib)	Niyomdham	Crotalaria filiformis var. kerrii	Thai Forest Bull., Bot.	11: 134 (1978)								unknown	0495-3843	\N	\N	\N	\N	\N	\N	\N	\N
885036-1	1.1.2.2.1.5	Leguminosae		N	Crotalaria		N	montana	angustifolia	var.	(Gagnep.) Niyomdham	(Gagnep.)	Niyomdham	Crotalaria montana var. angustifolia	Thai Forest Bull., Bot.	11: 145 (1978)								unknown	0495-3843	\N	\N	\N	\N	\N	\N	\N	\N
885042-1	1.1.2.1.1.3	Leguminosae		N	Crotalaria		N	spectabilis	parvibracteata	subsp.	Niyomdham		Niyomdham	Crotalaria spectabilis subsp. parvibracteata	Thai Forest Bull., Bot.	11: 155 (1978)								unknown	0495-3843	\N	\N	\N	\N	\N	\N	\N	\N
886225-1	1.5	Anthericaceae		N	Chlorophytum		N	intermedium	pubescens	var.	Charoenphol		Charoenphol	Chlorophytum intermedium var. pubescens	Thai Forest Bull., Bot.	7: 69 (1973).								unknown	0495-3843	\N	\N	\N	\N	\N	\N	\N	\N
886226-1	1.5	Anthericaceae		N	Chlorophytum		N	intermedium	subundulatum	var.	(K.Larsen) Charoenphol	(K.Larsen)	Charoenphol	Chlorophytum intermedium var. subundulatum	Thai Forest Bull., Bot.	7: 69 (1973)								unknown	0495-3843	\N	\N	\N	\N	\N	\N	\N	\N
886227-1	1.1.2.1.1.4	Anthericaceae		N	Chlorophytum		N	orchidastrum	simplex	var.	(Craib) Charoenphol	(Craib)	Charoenphol	Chlorophytum orchidastrum var. simplex	Thai Forest Bull., Bot.	7: 68 (1973)								unknown	0495-3843	\N	\N	\N	\N	\N	\N	\N	\N
898325-1	1.5	Leguminosae		N	Ormosia		N	kerrii		spec.	Niyomdham		Niyomdham	Ormosia kerrii	Thai Forest Bull., Bot.	13: 8 (1980), two types cited	1981						Thailand.	tax. nov.	0495-3843	\N	\N	\N	\N	\N	\N	\N	\N
915780-1	1.3.2.1.1.3	Leguminosae		N	Bauhinia		N	glabrifolia	maritima	var.	K.Larsen & S.S.Larsen		K.Larsen & S.S.Larsen	Bauhinia glabrifolia var. maritima	Thai Forest Bull., Bot.	13: 39 (1980), without latin descr.	1980						Burma;Thailand;Malaya.;	tax. nov.	0495-3843	\N	\N	\N	\N	\N	\N	\N	\N
915781-1	1.3.2.1.1.3	Leguminosae		N	Bauhinia		N	ornata	burmanica	var.	K.Larsen & S.S.Larsen		K.Larsen & S.S.Larsen	Bauhinia ornata var. burmanica	Thai Forest Bull., Bot.	13: 42 (1980)	1980						Burma.	tax. nov.	0495-3843	\N	\N	\N	\N	\N	\N	\N	\N
915783-1	1.2.2.1.1.3	Leguminosae		N	Bauhinia		N	viridescens	hirsuta	var.	K.Larsen & S.S.Larsen		K.Larsen & S.S.Larsen	Bauhinia viridescens var. hirsuta	Thai Forest Bull., Bot.	13: 46 (1980)	1980						Thailand.	tax. nov.	0495-3843	\N	\N	\N	\N	\N	\N	\N	\N
931346-1	1.4	Leguminosae		N	Indigofera		N	kasinii		spec.	K.Boonyamalik		K.Boonyamalik	Indigofera kasinii	Thai Forest Bull., Bot.	16: 207 (1986)	1986						Thailand.	tax. nov.	0495-3843	\N	\N	\N	\N	\N	\N	\N	\N
994366-1	1.2.2.1.1.4	Myrtaceae		N	Syzygium		N	borneense	myrtillus	var.	(Stapf) Chantar. & J.Parn.	(Stapf)	Chantar. & J.Parn.	Syzygium borneense var. myrtillus	Thai Forest Bull., Bot.	21: 45 (1994):	1994			Myrtaceae Eugenia myrtillus Stapf				comb. nov.	0495-3843	\N	\N	\N	\N	\N	\N	\N	\N
994367-1	1.5	Malvaceae		N	Dicellostyles		N	zizyphifolia		spec.	(Griff.) Phuph.	(Griff.)	Phuph.	Dicellostyles zizyphifolia	Thai Forest Bull., Bot.	21: 124 (1994):	1994			Malvaceae Kydia zizyphifolia				comb. nov.	0495-3843	\N	\N	\N	\N	\N	\N	\N	\N
994368-1	1.5	Sterculiaceae		N	Pterospermum		N	littorale	venustrum	var.	(Craib) Phengklai	(Craib)	Phengklai	Pterospermum littorale var. venustrum	Thai Forest Bull., Bot.	23: 80 (1995):	1995			Sterculiaceae Pterospermum venustrum				comb. nov.	0495-3843	\N	\N	\N	\N	\N	\N	\N	\N
994369-1	1.6	Sterculiaceae		N	Helicteres		N	lanceolata	gagnepainiana	var.	(Craib) Phengklai	(Craib)	Phengklai	Helicteres lanceolata var. gagnepainiana	Thai Forest Bull., Bot.	23: 89 (1995):	1995			Sterculiaceae Helicteres gagnepainiana Craib				comb. nov.	0495-3843	\N	\N	\N	\N	\N	\N	\N	\N
994370-1	1.1.5.1.1.3	Sterculiaceae		N	Sterculia		N	lanceolata	coccinea	var.	(Jack) Phengklai	(Jack)	Phengklai	Sterculia lanceolata var. coccinea	Thai Forest Bull., Bot.	23: 99 (1995):	1995			Sterculiaceae Sterculia coccinea Roxb. & G.Don				comb. nov.	0495-3843	\N	\N	\N	\N	\N	\N	\N	\N
994371-1	1.1.5.1.1.4	Sterculiaceae		N	Sterculia		N	lanceolata	principis	var.	(Gagnep.) Phengklai	(Gagnep.)	Phengklai	Sterculia lanceolata var. principis	Thai Forest Bull., Bot.	23: 99 (1995):	1995			Sterculiaceae Sterculia principis Gagnep.				comb. nov.	0495-3843	\N	\N	\N	\N	\N	\N	\N	\N
994372-1	1.2.2.1.1.3	Sterculiaceae		N	Sterculia		N	urens	thorelii	var.	(Pierre) Phengklai	(Pierre)	Phengklai	Sterculia urens var. thorelii	Thai Forest Bull., Bot.	23: 95 (1995):	1995			Sterculiaceae Sterculia thorelii Pierre				comb. nov.	0495-3843	\N	\N	\N	\N	\N	\N	\N	\N
998925-1	1.3.2.1.1.3.2.2	Leguminosae		N	Bauhinia		N	glabrifolia	maritima	var.	K.Larsen & S.S.Larsen		K.Larsen & S.S.Larsen	Bauhinia glabrifolia var. maritima	Thai Forest Bull., Bot.	25: 14	1997		"K.Larsen & S.S.Larsen provided a Latin description and indicated the type by referring to their earlier usage of this varietal name (in Fl. Males. ser. 1, 12: 476. 1996).  The preceding publication shows: ""Type: Helfer 1880 (K), 'Tenasserim and Andamans					tax. nov.	0495-3843	\N	\N	\N	\N	\N	\N	\N	\N
998926-1	1.5	Araceae		N	Aglaonema		N	chermsiriwattanae		spec.	Sookch.		Sookch.	Aglaonema chermsiriwattanae	Thai Forest Bull., Bot.	25: 54 (1997)	1997						Thailand.	tax. nov.	0495-3843	\N	\N	\N	\N	\N	\N	\N	\N
998927-1	1.7	Araceae		N	Typhonium		N	smitinandii		spec.	Sookch. & J.Murata		Sookch. & J.Murata	Typhonium smitinandii	Thai Forest Bull., Bot.	25: 57 (1997)	1997						Thailand.	tax. nov.	0495-3843	\N	\N	\N	\N	\N	\N	\N	\N
998928-1	1.5	Ranunculaceae		N	Clematis		N	eichleri		spec.	(Tamura) Tamura	(Tamura)	Tamura	Clematis eichleri	Thai Forest Bull., Bot.	25: 70 (1997):	1997			Ranunculaceae Naravelia eichleri Tamura				comb. nov.	0495-3843	\N	\N	\N	\N	\N	\N	\N	\N
